Date,OREB [Time unit from - to],Forecasted Total Load [MW],Actual Total Load [MW]
2026-01-19,00:00 - 00:15,17200,17909.328
2026-01-19,00:15 - 00:30,17050,17439.41
2026-01-19,00:30 - 00:45,16900,17515.727
2026-01-19,00:45 - 01:00,16800,17493.357
2026-01-19,01:00 - 01:15,16700,17276.377
2026-01-19,01:15 - 01:30,16650,17351.166
2026-01-19,01:30 - 01:45,16650,17236.246
2026-01-19,01:45 - 02:00,16650,17098.74
2026-01-19,02:00 - 02:15,16650,17018.371
2026-01-19,02:15 - 02:30,16650,17070.008
2026-01-19,02:30 - 02:45,16650,16942.197
2026-01-19,02:45 - 03:00,16650,17166.479
2026-01-19,03:00 - 03:15,16650,17085.908
2026-01-19,03:15 - 03:30,16700,17246.764
2026-01-19,03:30 - 03:45,16750,17236.79
2026-01-19,03:45 - 04:00,16900,17136.248
2026-01-19,04:00 - 04:15,17050,17324.113
2026-01-19,04:15 - 04:30,17200,17704.078
2026-01-19,04:30 - 04:45,17450,17612.205
2026-01-19,04:45 - 05:00,17750,17963.377
2026-01-19,05:00 - 05:15,18150,18495.648
2026-01-19,05:15 - 05:30,18550,18651.145
2026-01-19,05:30 - 05:45,19300,19280.002
2026-01-19,05:45 - 06:00,20150,20004.621
2026-01-19,06:00 - 06:15,21150,21340.482
2026-01-19,06:15 - 06:30,22050,22083.94
2026-01-19,06:30 - 06:45,22800,22910.822
2026-01-19,06:45 - 07:00,23450,23455.26
2026-01-19,07:00 - 07:15,24150,24141.682
2026-01-19,07:15 - 07:30,24500,24283.854
2026-01-19,07:30 - 07:45,24700,24503.678
2026-01-19,07:45 - 08:00,24900,24734.455
2026-01-19,08:00 - 08:15,25300,25354.479
2026-01-19,08:15 - 08:30,25650,25705.26
2026-01-19,08:30 - 08:45,25850,26079.363
2026-01-19,08:45 - 09:00,26100,26196.398
2026-01-19,09:00 - 09:15,26250,26253.307
2026-01-19,09:15 - 09:30,26400,26419.473
2026-01-19,09:30 - 09:45,26350,26268.146
2026-01-19,09:45 - 10:00,26200,26150.87
2026-01-19,10:00 - 10:15,26100,25834.34
2026-01-19,10:15 - 10:30,26200,25690.725
2026-01-19,10:30 - 10:45,26350,25883.033
2026-01-19,10:45 - 11:00,26450,25727.648
2026-01-19,11:00 - 11:15,26450,25628.564
2026-01-19,11:15 - 11:30,26400,25444.738
2026-01-19,11:30 - 11:45,26350,25437.14
2026-01-19,11:45 - 12:00,26250,25359.71
2026-01-19,12:00 - 12:15,26250,25221.543
2026-01-19,12:15 - 12:30,26250,25304.893
2026-01-19,12:30 - 12:45,26250,25362.576
2026-01-19,12:45 - 13:00,26200,25336.22
2026-01-19,13:00 - 13:15,26400,25495.59
2026-01-19,13:15 - 13:30,26250,25291.484
2026-01-19,13:30 - 13:45,25800,25353.732
2026-01-19,13:45 - 14:00,25250,24693.506
2026-01-19,14:00 - 14:15,25450,25045.055
2026-01-19,14:15 - 14:30,25450,25124.393
2026-01-19,14:30 - 14:45,25450,25404.023
2026-01-19,14:45 - 15:00,25250,24981.605
2026-01-19,15:00 - 15:15,25150,24825.57
2026-01-19,15:15 - 15:30,25100,24919.613
2026-01-19,15:30 - 15:45,25250,24873.064
2026-01-19,15:45 - 16:00,25350,24646.988
2026-01-19,16:00 - 16:15,25700,24947.389
2026-01-19,16:15 - 16:30,26050,25151.342
2026-01-19,16:30 - 16:45,26200,25460.342
2026-01-19,16:45 - 17:00,26350,25573.943
2026-01-19,17:00 - 17:15,26350,25572.518
2026-01-19,17:15 - 17:30,26300,25675.523
2026-01-19,17:30 - 17:45,26200,25637.33
2026-01-19,17:45 - 18:00,25900,25265.902
2026-01-19,18:00 - 18:15,25750,25341.105
2026-01-19,18:15 - 18:30,25850,25427.174
2026-01-19,18:30 - 18:45,25850,25400.514
2026-01-19,18:45 - 19:00,25800,25389.111
2026-01-19,19:00 - 19:15,25800,25358.514
2026-01-19,19:15 - 19:30,25800,25334.594
2026-01-19,19:30 - 19:45,25750,25268.598
2026-01-19,19:45 - 20:00,25600,24998.602
2026-01-19,20:00 - 20:15,25450,24933.264
2026-01-19,20:15 - 20:30,25250,24784.453
2026-01-19,20:30 - 20:45,24950,24569.594
2026-01-19,20:45 - 21:00,24600,24132.623
2026-01-19,21:00 - 21:15,24150,23637.17
2026-01-19,21:15 - 21:30,23650,23317.049
2026-01-19,21:30 - 21:45,23100,22734.885
2026-01-19,21:45 - 22:00,22600,21898.283
2026-01-19,22:00 - 22:15,22450,22041.781
2026-01-19,22:15 - 22:30,22200,21802.193
2026-01-19,22:30 - 22:45,21950,21475.91
2026-01-19,22:45 - 23:00,21550,20886.02
2026-01-19,23:00 - 23:15,21150,20612.15
2026-01-19,23:15 - 23:30,20700,20168.107
2026-01-19,23:30 - 23:45,20400,19982.963
2026-01-19,23:45 - 24:00,20100,19637.594
2026-01-20,00:00 - 00:15,20050,19645.463
2026-01-20,00:15 - 00:30,19800,19263.66
2026-01-20,00:30 - 00:45,19650,19315.557
2026-01-20,00:45 - 01:00,19450,18994.436
2026-01-20,01:00 - 01:15,19300,18975.01
2026-01-20,01:15 - 01:30,19200,18709.652
2026-01-20,01:30 - 01:45,19050,18865.77
2026-01-20,01:45 - 02:00,18950,18589.666
2026-01-20,02:00 - 02:15,18900,18617.148
2026-01-20,02:15 - 02:30,18900,18670.182
2026-01-20,02:30 - 02:45,18900,18716.002
2026-01-20,02:45 - 03:00,18900,18761.805
2026-01-20,03:00 - 03:15,18950,18674.713
2026-01-20,03:15 - 03:30,19000,18777.613
2026-01-20,03:30 - 03:45,19000,18690.06
2026-01-20,03:45 - 04:00,19050,18855.98
2026-01-20,04:00 - 04:15,19250,18968.307
2026-01-20,04:15 - 04:30,19400,19090.434
2026-01-20,04:30 - 04:45,19500,19434.441
2026-01-20,04:45 - 05:00,19700,19632.387
2026-01-20,05:00 - 05:15,20150,19766.19
2026-01-20,05:15 - 05:30,20350,20266.836
2026-01-20,05:30 - 05:45,20700,20713.621
2026-01-20,05:45 - 06:00,21450,21284.744
2026-01-20,06:00 - 06:15,22800,22585.082
2026-01-20,06:15 - 06:30,23500,23126.52
2026-01-20,06:30 - 06:45,24150,23637.492
2026-01-20,06:45 - 07:00,24900,24294.38
2026-01-20,07:00 - 07:15,25400,24699.578
2026-01-20,07:15 - 07:30,25550,24909.004
2026-01-20,07:30 - 07:45,25650,24958.17
2026-01-20,07:45 - 08:00,25900,25306.162
2026-01-20,08:00 - 08:15,26200,25733.941
2026-01-20,08:15 - 08:30,26450,25877.336
2026-01-20,08:30 - 08:45,26700,26013.62
2026-01-20,08:45 - 09:00,26950,26106.69
2026-01-20,09:00 - 09:15,27250,25978.422
2026-01-20,09:15 - 09:30,27300,25977.582
2026-01-20,09:30 - 09:45,27300,25856.227
2026-01-20,09:45 - 10:00,27150,25376.352
2026-01-20,10:00 - 10:15,27000,25313.6
2026-01-20,10:15 - 10:30,27050,25276.234
2026-01-20,10:30 - 10:45,27150,25315.15
2026-01-20,10:45 - 11:00,27150,25160.852
2026-01-20,11:00 - 11:15,27100,24740.672
2026-01-20,11:15 - 11:30,26950,25238.445
2026-01-20,11:30 - 11:45,26850,25124.023
2026-01-20,11:45 - 12:00,26800,25062.678
2026-01-20,12:00 - 12:15,26800,25091.174
2026-01-20,12:15 - 12:30,26750,25007.52
2026-01-20,12:30 - 12:45,26750,25149.414
2026-01-20,12:45 - 13:00,26750,25160.404
2026-01-20,13:00 - 13:15,27000,25387.57
2026-01-20,13:15 - 13:30,26750,25119.16
2026-01-20,13:30 - 13:45,26300,25016.508
2026-01-20,13:45 - 14:00,25800,24577.02
2026-01-20,14:00 - 14:15,25900,24668.004
2026-01-20,14:15 - 14:30,25900,24965.562
2026-01-20,14:30 - 14:45,25800,25211.967
2026-01-20,14:45 - 15:00,25550,25049.762
2026-01-20,15:00 - 15:15,25450,25033.938
2026-01-20,15:15 - 15:30,25400,24917.998
2026-01-20,15:30 - 15:45,25550,25032.984
2026-01-20,15:45 - 16:00,25550,24820.129
2026-01-20,16:00 - 16:15,25850,24910.049
2026-01-20,16:15 - 16:30,26150,25138.627
2026-01-20,16:30 - 16:45,26300,25409.67
2026-01-20,16:45 - 17:00,26300,25570.6
2026-01-20,17:00 - 17:15,26300,25529.3
2026-01-20,17:15 - 17:30,26200,25573.01
2026-01-20,17:30 - 17:45,26050,25550.451
2026-01-20,17:45 - 18:00,25850,25346.049
2026-01-20,18:00 - 18:15,25700,25257.396
2026-01-20,18:15 - 18:30,25750,25195.86
2026-01-20,18:30 - 18:45,25850,25470.549
2026-01-20,18:45 - 19:00,25750,25574.02
2026-01-20,19:00 - 19:15,25750,25419.65
2026-01-20,19:15 - 19:30,25750,25321.613
2026-01-20,19:30 - 19:45,25700,25445.309
2026-01-20,19:45 - 20:00,25600,25126.422
2026-01-20,20:00 - 20:15,25400,25037.72
2026-01-20,20:15 - 20:30,25200,24800.125
2026-01-20,20:30 - 20:45,24950,24590.385
2026-01-20,20:45 - 21:00,24650,24190.854
2026-01-20,21:00 - 21:15,24300,23579.38
2026-01-20,21:15 - 21:30,23800,23205.201
2026-01-20,21:30 - 21:45,23250,22687.703
2026-01-20,21:45 - 22:00,22600,22148.348
2026-01-20,22:00 - 22:15,22550,22135.748
2026-01-20,22:15 - 22:30,22300,21762.668
2026-01-20,22:30 - 22:45,21950,21421.88
2026-01-20,22:45 - 23:00,21500,21168.604
2026-01-20,23:00 - 23:15,21250,20638.457
2026-01-20,23:15 - 23:30,20850,20453.977
2026-01-20,23:30 - 23:45,20600,20203.371
2026-01-20,23:45 - 24:00,20200,20002.97
2026-01-21,00:00 - 00:15,19950,19935.908
2026-01-21,00:15 - 00:30,19800,19495.613
2026-01-21,00:30 - 00:45,19650,19385.158
2026-01-21,00:45 - 01:00,19500,19278.281
2026-01-21,01:00 - 01:15,19350,19135.8
2026-01-21,01:15 - 01:30,19250,19085.738
2026-01-21,01:30 - 01:45,19150,18933.87
2026-01-21,01:45 - 02:00,19050,18858.586
2026-01-21,02:00 - 02:15,18950,18739.969
2026-01-21,02:15 - 02:30,18950,18762.672
2026-01-21,02:30 - 02:45,18950,18858.998
2026-01-21,02:45 - 03:00,18950,18793.46
2026-01-21,03:00 - 03:15,19000,18998.36
2026-01-21,03:15 - 03:30,19050,18786.084
2026-01-21,03:30 - 03:45,19050,18976.354
2026-01-21,03:45 - 04:00,19100,19051.516
2026-01-21,04:00 - 04:15,19300,19056.22
2026-01-21,04:15 - 04:30,19350,19268.393
2026-01-21,04:30 - 04:45,19550,19387.592
2026-01-21,04:45 - 05:00,19750,19690.58
2026-01-21,05:00 - 05:15,20150,19955.168
2026-01-21,05:15 - 05:30,20400,20406.709
2026-01-21,05:30 - 05:45,20750,20724.88
2026-01-21,05:45 - 06:00,21500,21445.54
2026-01-21,06:00 - 06:15,22700,22530.578
2026-01-21,06:15 - 06:30,23450,23308.754
2026-01-21,06:30 - 06:45,24100,24095.234
2026-01-21,06:45 - 07:00,24700,24642.63
2026-01-21,07:00 - 07:15,25200,24939.525
2026-01-21,07:15 - 07:30,25400,25237.09
2026-01-21,07:30 - 07:45,25500,25518.848
2026-01-21,07:45 - 08:00,25750,25513.848
2026-01-21,08:00 - 08:15,26150,26086.93
2026-01-21,08:15 - 08:30,26350,26328.494
2026-01-21,08:30 - 08:45,26600,26277.96
2026-01-21,08:45 - 09:00,26850,26479.143
2026-01-21,09:00 - 09:15,27050,26332.438
2026-01-21,09:15 - 09:30,27150,26318.375
2026-01-21,09:30 - 09:45,27150,26111.727
2026-01-21,09:45 - 10:00,27000,25787.414
2026-01-21,10:00 - 10:15,26750,25414.68
2026-01-21,10:15 - 10:30,26800,25438.328
2026-01-21,10:30 - 10:45,26950,25337.932
2026-01-21,10:45 - 11:00,26900,25252.795
2026-01-21,11:00 - 11:15,26800,25197.926
2026-01-21,11:15 - 11:30,26700,25063.053
2026-01-21,11:30 - 11:45,26600,24732.768
2026-01-21,11:45 - 12:00,26500,24930.11
2026-01-21,12:00 - 12:15,26450,24936.512
2026-01-21,12:15 - 12:30,26450,24655.027
2026-01-21,12:30 - 12:45,26500,24724.303
2026-01-21,12:45 - 13:00,26550,24915.018
2026-01-21,13:00 - 13:15,26750,25045.344
2026-01-21,13:15 - 13:30,26600,24911.293
2026-01-21,13:30 - 13:45,26150,24824.912
2026-01-21,13:45 - 14:00,25600,24492.08
2026-01-21,14:00 - 14:15,25750,24723.734
2026-01-21,14:15 - 14:30,25800,25001.61
2026-01-21,14:30 - 14:45,25900,25221.977
2026-01-21,14:45 - 15:00,25500,24944.523
2026-01-21,15:00 - 15:15,25400,24996.336
2026-01-21,15:15 - 15:30,25350,24991.691
2026-01-21,15:30 - 15:45,25450,25136.615
2026-01-21,15:45 - 16:00,25300,24878.15
2026-01-21,16:00 - 16:15,25600,24992.373
2026-01-21,16:15 - 16:30,25850,25346.68
2026-01-21,16:30 - 16:45,26100,25582.982
2026-01-21,16:45 - 17:00,26200,25759.545
2026-01-21,17:00 - 17:15,26200,25817.795
2026-01-21,17:15 - 17:30,26150,25673.348
2026-01-21,17:30 - 17:45,26100,25682.27
2026-01-21,17:45 - 18:00,25800,25284.19
2026-01-21,18:00 - 18:15,25650,25266.66
2026-01-21,18:15 - 18:30,25750,25313.674
2026-01-21,18:30 - 18:45,25850,25370.777
2026-01-21,18:45 - 19:00,25700,25338.14
2026-01-21,19:00 - 19:15,25650,25252.473
2026-01-21,19:15 - 19:30,25650,25429.684
2026-01-21,19:30 - 19:45,25600,25370.191
2026-01-21,19:45 - 20:00,25500,25300.385
2026-01-21,20:00 - 20:15,25400,25080.049
2026-01-21,20:15 - 20:30,25200,24977.473
2026-01-21,20:30 - 20:45,24950,24758.152
2026-01-21,20:45 - 21:00,24650,24478.59
2026-01-21,21:00 - 21:15,24200,24071.209
2026-01-21,21:15 - 21:30,23750,23546.117
2026-01-21,21:30 - 21:45,23150,22913.613
2026-01-21,21:45 - 22:00,22550,22335.0
2026-01-21,22:00 - 22:15,22500,22484.719
2026-01-21,22:15 - 22:30,22250,22193.086
2026-01-21,22:30 - 22:45,21900,21767.957
2026-01-21,22:45 - 23:00,21450,21372.41
2026-01-21,23:00 - 23:15,21200,21068.08
2026-01-21,23:15 - 23:30,20750,20524.605
2026-01-21,23:30 - 23:45,20550,20408.3
2026-01-21,23:45 - 24:00,20150,20081.537
2026-01-22,00:00 - 00:15,19950,19866.303
2026-01-22,00:15 - 00:30,19800,19451.945
2026-01-22,00:30 - 00:45,19650,19457.322
2026-01-22,00:45 - 01:00,19500,19311.955
2026-01-22,01:00 - 01:15,19350,19201.385
2026-01-22,01:15 - 01:30,19250,19073.23
2026-01-22,01:30 - 01:45,19150,19021.123
2026-01-22,01:45 - 02:00,19050,18796.24
2026-01-22,02:00 - 02:15,18950,18567.83
2026-01-22,02:15 - 02:30,18950,18893.273
2026-01-22,02:30 - 02:45,18950,18726.79
2026-01-22,02:45 - 03:00,18950,18787.094
2026-01-22,03:00 - 03:15,19000,18819.111
2026-01-22,03:15 - 03:30,19050,18882.959
2026-01-22,03:30 - 03:45,19050,18853.781
2026-01-22,03:45 - 04:00,19100,18945.877
2026-01-22,04:00 - 04:15,19300,19009.533
2026-01-22,04:15 - 04:30,19350,19209.473
2026-01-22,04:30 - 04:45,19550,19320.057
2026-01-22,04:45 - 05:00,19750,19467.238
2026-01-22,05:00 - 05:15,20150,19920.004
2026-01-22,05:15 - 05:30,20400,20267.945
2026-01-22,05:30 - 05:45,20750,20678.99
2026-01-22,05:45 - 06:00,21500,21061.174
2026-01-22,06:00 - 06:15,22700,22395.78
2026-01-22,06:15 - 06:30,23300,23094.607
2026-01-22,06:30 - 06:45,23950,23702.953
2026-01-22,06:45 - 07:00,24550,24168.979
2026-01-22,07:00 - 07:15,25100,24573.055
2026-01-22,07:15 - 07:30,25300,24792.527
2026-01-22,07:30 - 07:45,25400,24987.99
2026-01-22,07:45 - 08:00,25650,25297.938
2026-01-22,08:00 - 08:15,26050,25665.94
2026-01-22,08:15 - 08:30,26250,25852.39
2026-01-22,08:30 - 08:45,26350,26036.988
2026-01-22,08:45 - 09:00,26500,26282.404
2026-01-22,09:00 - 09:15,26550,26327.984
2026-01-22,09:15 - 09:30,26600,26487.191
2026-01-22,09:30 - 09:45,26550,26506.633
2026-01-22,09:45 - 10:00,26350,26339.346
2026-01-22,10:00 - 10:15,26150,26004.225
2026-01-22,10:15 - 10:30,26200,26114.861
2026-01-22,10:30 - 10:45,26350,26123.143
2026-01-22,10:45 - 11:00,26350,26061.686
2026-01-22,11:00 - 11:15,26250,26014.643
2026-01-22,11:15 - 11:30,26150,25604.31
2026-01-22,11:30 - 11:45,26050,25715.639
2026-01-22,11:45 - 12:00,26000,25569.879
2026-01-22,12:00 - 12:15,25950,25551.54
2026-01-22,12:15 - 12:30,25950,25539.27
2026-01-22,12:30 - 12:45,25950,25533.598
2026-01-22,12:45 - 13:00,26000,25456.494
2026-01-22,13:00 - 13:15,26200,25795.967
2026-01-22,13:15 - 13:30,26150,25570.443
2026-01-22,13:30 - 13:45,25850,25512.246
2026-01-22,13:45 - 14:00,25350,24862.96
2026-01-22,14:00 - 14:15,25500,25216.002
2026-01-22,14:15 - 14:30,25600,25285.459
2026-01-22,14:30 - 14:45,25650,24975.045
2026-01-22,14:45 - 15:00,25300,25167.291
2026-01-22,15:00 - 15:15,25200,24957.549
2026-01-22,15:15 - 15:30,25150,25010.738
2026-01-22,15:30 - 15:45,25200,25152.938
2026-01-22,15:45 - 16:00,25050,24721.215
2026-01-22,16:00 - 16:15,25350,24770.799
2026-01-22,16:15 - 16:30,25600,25023.352
2026-01-22,16:30 - 16:45,25900,25433.463
2026-01-22,16:45 - 17:00,26000,25351.666
2026-01-22,17:00 - 17:15,26050,25449.65
2026-01-22,17:15 - 17:30,26100,25435.4
2026-01-22,17:30 - 17:45,26050,25271.023
2026-01-22,17:45 - 18:00,25750,25115.951
2026-01-22,18:00 - 18:15,25600,24999.172
2026-01-22,18:15 - 18:30,25700,25125.29
2026-01-22,18:30 - 18:45,25800,25201.521
2026-01-22,18:45 - 19:00,25650,25184.836
2026-01-22,19:00 - 19:15,25600,24981.393
2026-01-22,19:15 - 19:30,25600,24951.404
2026-01-22,19:30 - 19:45,25550,24906.389
2026-01-22,19:45 - 20:00,25450,24773.285
2026-01-22,20:00 - 20:15,25350,24688.553
2026-01-22,20:15 - 20:30,25050,24461.422
2026-01-22,20:30 - 20:45,24850,24239.605
2026-01-22,20:45 - 21:00,24500,23948.686
2026-01-22,21:00 - 21:15,24100,23442.424
2026-01-22,21:15 - 21:30,23650,23271.234
2026-01-22,21:30 - 21:45,23050,22615.91
2026-01-22,21:45 - 22:00,22450,21841.668
2026-01-22,22:00 - 22:15,22400,21768.646
2026-01-22,22:15 - 22:30,22150,21744.652
2026-01-22,22:30 - 22:45,21800,21337.893
2026-01-22,22:45 - 23:00,21350,20909.664
2026-01-22,23:00 - 23:15,21100,20426.752
2026-01-22,23:15 - 23:30,20650,20149.26
2026-01-22,23:30 - 23:45,20500,19799.723
2026-01-22,23:45 - 24:00,20100,19651.693
2026-01-23,00:00 - 00:15,19800,18907.498
2026-01-23,00:15 - 00:30,19550,18866.08
2026-01-23,00:30 - 00:45,19400,18492.09
2026-01-23,00:45 - 01:00,19300,18687.607
2026-01-23,01:00 - 01:15,19150,18489.314
2026-01-23,01:15 - 01:30,19100,18386.543
2026-01-23,01:30 - 01:45,19000,18211.06
2026-01-23,01:45 - 02:00,18900,18287.152
2026-01-23,02:00 - 02:15,18850,17984.707
2026-01-23,02:15 - 02:30,18850,18070.451
2026-01-23,02:30 - 02:45,18850,18028.094
2026-01-23,02:45 - 03:00,18850,18053.24
2026-01-23,03:00 - 03:15,18900,18141.807
2026-01-23,03:15 - 03:30,18950,18247.646
2026-01-23,03:30 - 03:45,18950,18390.154
2026-01-23,03:45 - 04:00,19000,18271.71
2026-01-23,04:00 - 04:15,19150,18482.66
2026-01-23,04:15 - 04:30,19250,18597.316
2026-01-23,04:30 - 04:45,19450,18913.787
2026-01-23,04:45 - 05:00,19650,18939.498
2026-01-23,05:00 - 05:15,20050,19283.898
2026-01-23,05:15 - 05:30,20350,19409.115
2026-01-23,05:30 - 05:45,20700,19617.604
2026-01-23,05:45 - 06:00,21450,20587.299
2026-01-23,06:00 - 06:15,22650,21660.027
2026-01-23,06:15 - 06:30,23250,22381.936
2026-01-23,06:30 - 06:45,23900,22959.352
2026-01-23,06:45 - 07:00,24500,23709.678
2026-01-23,07:00 - 07:15,24950,23927.705
2026-01-23,07:15 - 07:30,25150,24226.936
2026-01-23,07:30 - 07:45,25300,24316.033
2026-01-23,07:45 - 08:00,25550,24563.57
2026-01-23,08:00 - 08:15,25950,24948.963
2026-01-23,08:15 - 08:30,26200,25313.932
2026-01-23,08:30 - 08:45,26300,25357.398
2026-01-23,08:45 - 09:00,26500,25675.867
2026-01-23,09:00 - 09:15,26550,25710.156
2026-01-23,09:15 - 09:30,26600,26448.834
2026-01-23,09:30 - 09:45,26500,26391.293
2026-01-23,09:45 - 10:00,26300,26173.104
2026-01-23,10:00 - 10:15,26100,26115.992
2026-01-23,10:15 - 10:30,26200,26302.703
2026-01-23,10:30 - 10:45,26350,26369.69
2026-01-23,10:45 - 11:00,26350,26494.771
2026-01-23,11:00 - 11:15,26250,26496.26
2026-01-23,11:15 - 11:30,26100,26608.463
2026-01-23,11:30 - 11:45,26000,26465.17
2026-01-23,11:45 - 12:00,25950,26383.566
2026-01-23,12:00 - 12:15,25900,26482.912
2026-01-23,12:15 - 12:30,25900,26295.91
2026-01-23,12:30 - 12:45,25900,26298.727
2026-01-23,12:45 - 13:00,25950,26378.486
2026-01-23,13:00 - 13:15,26150,26582.627
2026-01-23,13:15 - 13:30,26100,26691.219
2026-01-23,13:30 - 13:45,25800,26290.268
2026-01-23,13:45 - 14:00,25150,25777.418
2026-01-23,14:00 - 14:15,25300,25937.844
2026-01-23,14:15 - 14:30,25400,26073.81
2026-01-23,14:30 - 14:45,25450,26101.732
2026-01-23,14:45 - 15:00,25100,25559.947
2026-01-23,15:00 - 15:15,25000,25696.727
2026-01-23,15:15 - 15:30,24950,25535.846
2026-01-23,15:30 - 15:45,25000,25668.725
2026-01-23,15:45 - 16:00,24850,25574.791
2026-01-23,16:00 - 16:15,25150,25585.064
2026-01-23,16:15 - 16:30,25500,25839.762
2026-01-23,16:30 - 16:45,25750,25802.46
2026-01-23,16:45 - 17:00,25800,25992.03
2026-01-23,17:00 - 17:15,25850,25859.213
2026-01-23,17:15 - 17:30,25800,25758.06
2026-01-23,17:30 - 17:45,25750,25613.574
2026-01-23,17:45 - 18:00,25550,25435.793
2026-01-23,18:00 - 18:15,25400,25352.656
2026-01-23,18:15 - 18:30,25450,25298.783
2026-01-23,18:30 - 18:45,25550,25435.902
2026-01-23,18:45 - 19:00,25500,25312.715
2026-01-23,19:00 - 19:15,25450,25288.857
2026-01-23,19:15 - 19:30,25400,25141.262
2026-01-23,19:30 - 19:45,25350,25216.035
2026-01-23,19:45 - 20:00,25200,24809.93
2026-01-23,20:00 - 20:15,25100,24668.0
2026-01-23,20:15 - 20:30,24850,24501.816
2026-01-23,20:30 - 20:45,24650,24405.285
2026-01-23,20:45 - 21:00,24300,23907.242
2026-01-23,21:00 - 21:15,23850,23539.904
2026-01-23,21:15 - 21:30,23400,23127.785
2026-01-23,21:30 - 21:45,22850,22344.594
2026-01-23,21:45 - 22:00,22250,21793.293
2026-01-23,22:00 - 22:15,22200,21795.457
2026-01-23,22:15 - 22:30,21950,21493.629
2026-01-23,22:30 - 22:45,21600,21180.475
2026-01-23,22:45 - 23:00,21150,20722.967
2026-01-23,23:00 - 23:15,20900,20474.922
2026-01-23,23:15 - 23:30,20450,19937.32
2026-01-23,23:30 - 23:45,20250,19838.715
2026-01-23,23:45 - 24:00,19850,19479.053
2026-01-24,00:00 - 00:15,19500,19236.479
2026-01-24,00:15 - 00:30,19250,19128.412
2026-01-24,00:30 - 00:45,18900,18839.637
2026-01-24,00:45 - 01:00,18750,18635.707
2026-01-24,01:00 - 01:15,18600,18558.049
2026-01-24,01:15 - 01:30,18450,18177.068
2026-01-24,01:30 - 01:45,18350,18224.17
2026-01-24,01:45 - 02:00,18250,18073.787
2026-01-24,02:00 - 02:15,18100,17973.537
2026-01-24,02:15 - 02:30,18050,17882.09
2026-01-24,02:30 - 02:45,18000,17851.58
2026-01-24,02:45 - 03:00,17950,17789.219
2026-01-24,03:00 - 03:15,17950,17809.143
2026-01-24,03:15 - 03:30,18000,17876.312
2026-01-24,03:30 - 03:45,18000,17825.871
2026-01-24,03:45 - 04:00,17950,17752.033
2026-01-24,04:00 - 04:15,18050,17869.111
2026-01-24,04:15 - 04:30,18100,17896.264
2026-01-24,04:30 - 04:45,18150,17787.008
2026-01-24,04:45 - 05:00,18150,17906.979
2026-01-24,05:00 - 05:15,18250,18047.555
2026-01-24,05:15 - 05:30,18350,18225.236
2026-01-24,05:30 - 05:45,18400,18139.455
2026-01-24,05:45 - 06:00,18550,18179.676
2026-01-24,06:00 - 06:15,18950,18622.344
2026-01-24,06:15 - 06:30,19250,19062.07
2026-01-24,06:30 - 06:45,19550,19364.42
2026-01-24,06:45 - 07:00,19850,19526.037
2026-01-24,07:00 - 07:15,20100,19635.406
2026-01-24,07:15 - 07:30,20250,19911.203
2026-01-24,07:30 - 07:45,20550,20184.863
2026-01-24,07:45 - 08:00,20900,20391.287
2026-01-24,08:00 - 08:15,21200,20967.79
2026-01-24,08:15 - 08:30,21650,21410.178
2026-01-24,08:30 - 08:45,21950,21724.682
2026-01-24,08:45 - 09:00,22300,22188.17
2026-01-24,09:00 - 09:15,22650,22359.44
2026-01-24,09:15 - 09:30,22900,22629.86
2026-01-24,09:30 - 09:45,23050,22925.299
2026-01-24,09:45 - 10:00,23200,23006.484
2026-01-24,10:00 - 10:15,23250,23062.729
2026-01-24,10:15 - 10:30,23300,23087.748
2026-01-24,10:30 - 10:45,23350,23399.508
2026-01-24,10:45 - 11:00,23450,23588.004
2026-01-24,11:00 - 11:15,23450,23471.816
2026-01-24,11:15 - 11:30,23400,23784.93
2026-01-24,11:30 - 11:45,23400,23724.926
2026-01-24,11:45 - 12:00,23300,23802.086
2026-01-24,12:00 - 12:15,23300,23704.273
2026-01-24,12:15 - 12:30,23300,23552.924
2026-01-24,12:30 - 12:45,23300,23596.672
2026-01-24,12:45 - 13:00,23400,23569.572
2026-01-24,13:00 - 13:15,23450,23702.682
2026-01-24,13:15 - 13:30,23300,23732.29
2026-01-24,13:30 - 13:45,23100,23441.865
2026-01-24,13:45 - 14:00,22850,23074.043
2026-01-24,14:00 - 14:15,22800,23036.49
2026-01-24,14:15 - 14:30,22700,22821.78
2026-01-24,14:30 - 14:45,22550,22847.135
2026-01-24,14:45 - 15:00,22400,22604.412
2026-01-24,15:00 - 15:15,22250,22403.826
2026-01-24,15:15 - 15:30,22300,22385.64
2026-01-24,15:30 - 15:45,22350,22302.955
2026-01-24,15:45 - 16:00,22500,22346.504
2026-01-24,16:00 - 16:15,22750,22477.676
2026-01-24,16:15 - 16:30,22900,22570.322
2026-01-24,16:30 - 16:45,23000,22645.32
2026-01-24,16:45 - 17:00,23000,22880.844
2026-01-24,17:00 - 17:15,22950,22851.734
2026-01-24,17:15 - 17:30,22900,22680.465
2026-01-24,17:30 - 17:45,22750,22650.135
2026-01-24,17:45 - 18:00,22650,22274.473
2026-01-24,18:00 - 18:15,22600,22511.096
2026-01-24,18:15 - 18:30,22550,22447.455
2026-01-24,18:30 - 18:45,22450,22395.967
2026-01-24,18:45 - 19:00,22350,22140.361
2026-01-24,19:00 - 19:15,22300,21901.494
2026-01-24,19:15 - 19:30,22200,22052.738
2026-01-24,19:30 - 19:45,22050,21980.951
2026-01-24,19:45 - 20:00,21950,21910.52
2026-01-24,20:00 - 20:15,21850,21581.697
2026-01-24,20:15 - 20:30,21600,21337.033
2026-01-24,20:30 - 20:45,21400,21285.484
2026-01-24,20:45 - 21:00,21050,20905.531
2026-01-24,21:00 - 21:15,20750,20767.82
2026-01-24,21:15 - 21:30,20400,20350.441
2026-01-24,21:30 - 21:45,20100,19985.934
2026-01-24,21:45 - 22:00,19750,19775.76
2026-01-24,22:00 - 22:15,19600,19521.945
2026-01-24,22:15 - 22:30,19200,19323.848
2026-01-24,22:30 - 22:45,18900,18985.111
2026-01-24,22:45 - 23:00,18550,18688.18
2026-01-24,23:00 - 23:15,18250,18423.842
2026-01-24,23:15 - 23:30,17950,18225.691
2026-01-24,23:30 - 23:45,17650,17884.885
2026-01-24,23:45 - 24:00,17450,17658.656
2026-01-25,00:00 - 00:15,17000,17458.904
2026-01-25,00:15 - 00:30,16800,17091.273
2026-01-25,00:30 - 00:45,16550,16959.139
2026-01-25,00:45 - 01:00,16400,16874.16
2026-01-25,01:00 - 01:15,16200,16703.574
2026-01-25,01:15 - 01:30,16050,16343.746
2026-01-25,01:30 - 01:45,15950,16506.889
2026-01-25,01:45 - 02:00,15850,16134.953
2026-01-25,02:00 - 02:15,15750,16176.692
2026-01-25,02:15 - 02:30,15700,16164.117
2026-01-25,02:30 - 02:45,15700,16316.823
2026-01-25,02:45 - 03:00,15600,16093.934
2026-01-25,03:00 - 03:15,15600,15965.056
2026-01-25,03:15 - 03:30,15600,15908.481
2026-01-25,03:30 - 03:45,15550,15960.011
2026-01-25,03:45 - 04:00,15550,15989.284
2026-01-25,04:00 - 04:15,15600,16012.765
2026-01-25,04:15 - 04:30,15600,16041.58
2026-01-25,04:30 - 04:45,15600,15772.417
2026-01-25,04:45 - 05:00,15650,15946.866
2026-01-25,05:00 - 05:15,15700,15990.234
2026-01-25,05:15 - 05:30,15800,16275.261
2026-01-25,05:30 - 05:45,15850,16022.732
2026-01-25,05:45 - 06:00,15900,16579.656
2026-01-25,06:00 - 06:15,16150,16601.129
2026-01-25,06:15 - 06:30,16350,16724.861
2026-01-25,06:30 - 06:45,16550,16838.854
2026-01-25,06:45 - 07:00,16650,17000.715
2026-01-25,07:00 - 07:15,16800,17196.729
2026-01-25,07:15 - 07:30,16850,17160.434
2026-01-25,07:30 - 07:45,16850,17567.912
2026-01-25,07:45 - 08:00,17150,17738.248
2026-01-25,08:00 - 08:15,17450,18080.387
2026-01-25,08:15 - 08:30,17750,18479.65
2026-01-25,08:30 - 08:45,18100,18796.27
2026-01-25,08:45 - 09:00,18450,19059.146
2026-01-25,09:00 - 09:15,18750,19399.18
2026-01-25,09:15 - 09:30,19050,19733.299
2026-01-25,09:30 - 09:45,19200,20085.822
2026-01-25,09:45 - 10:00,19550,20229.537
2026-01-25,10:00 - 10:15,19700,20486.865
2026-01-25,10:15 - 10:30,19800,20950.387
2026-01-25,10:30 - 10:45,19950,20849.098
2026-01-25,10:45 - 11:00,20050,20901.133
2026-01-25,11:00 - 11:15,20150,20902.734
2026-01-25,11:15 - 11:30,20250,20893.27
2026-01-25,11:30 - 11:45,20250,20920.182
2026-01-25,11:45 - 12:00,20350,21026.1
2026-01-25,12:00 - 12:15,20400,21013.861
2026-01-25,12:15 - 12:30,20450,20947.229
2026-01-25,12:30 - 12:45,20450,21111.578
2026-01-25,12:45 - 13:00,20450,21161.021
2026-01-25,13:00 - 13:15,20550,21180.865
2026-01-25,13:15 - 13:30,20500,21463.299
2026-01-25,13:30 - 13:45,20400,21185.29
2026-01-25,13:45 - 14:00,20100,21029.008
2026-01-25,14:00 - 14:15,20100,20985.13
2026-01-25,14:15 - 14:30,19950,20928.19
2026-01-25,14:30 - 14:45,19850,20687.543
2026-01-25,14:45 - 15:00,19750,20458.137
2026-01-25,15:00 - 15:15,19650,20319.654
2026-01-25,15:15 - 15:30,19600,20091.615
2026-01-25,15:30 - 15:45,19600,19993.771
2026-01-25,15:45 - 16:00,19650,20208.979
2026-01-25,16:00 - 16:15,19850,20267.885
2026-01-25,16:15 - 16:30,20050,20540.479
2026-01-25,16:30 - 16:45,20200,20700.584
2026-01-25,16:45 - 17:00,20350,21000.617
2026-01-25,17:00 - 17:15,20450,21030.795
2026-01-25,17:15 - 17:30,20450,20987.977
2026-01-25,17:30 - 17:45,20450,21173.883
2026-01-25,17:45 - 18:00,20500,21260.703
2026-01-25,18:00 - 18:15,20500,21044.922
2026-01-25,18:15 - 18:30,20450,21073.432
2026-01-25,18:30 - 18:45,20500,21167.555
2026-01-25,18:45 - 19:00,20600,21158.555
2026-01-25,19:00 - 19:15,20600,21220.54
2026-01-25,19:15 - 19:30,20650,21010.746
2026-01-25,19:30 - 19:45,20600,21105.832
2026-01-25,19:45 - 20:00,20500,20816.865
2026-01-25,20:00 - 20:15,20400,20898.518
2026-01-25,20:15 - 20:30,20250,20430.793
2026-01-25,20:30 - 20:45,20050,20516.783
2026-01-25,20:45 - 21:00,19800,20123.006
2026-01-25,21:00 - 21:15,19600,19909.48
2026-01-25,21:15 - 21:30,19350,19444.893
2026-01-25,21:30 - 21:45,19100,19161.068
2026-01-25,21:45 - 22:00,18800,18932.328
2026-01-25,22:00 - 22:15,18750,19088.53
2026-01-25,22:15 - 22:30,18450,18678.193
2026-01-25,22:30 - 22:45,18150,18555.023
2026-01-25,22:45 - 23:00,17900,18311.93
2026-01-25,23:00 - 23:15,17650,17838.924
2026-01-25,23:15 - 23:30,17450,17480.773
2026-01-25,23:30 - 23:45,17200,17209.223
2026-01-25,23:45 - 24:00,16950,16732.836
2026-01-26,00:00 - 00:15,17000,16584.992
2026-01-26,00:15 - 00:30,16850,16667.066
2026-01-26,00:30 - 00:45,16700,16572.535
2026-01-26,00:45 - 01:00,16600,16380.03
2026-01-26,01:00 - 01:15,16550,16400.58
2026-01-26,01:15 - 01:30,16400,16326.722
2026-01-26,01:30 - 01:45,16300,16296.816
2026-01-26,01:45 - 02:00,16250,15973.056
2026-01-26,02:00 - 02:15,16250,15977.89
2026-01-26,02:15 - 02:30,16200,16000.816
2026-01-26,02:30 - 02:45,16200,15811.64
2026-01-26,02:45 - 03:00,16150,15967.298
2026-01-26,03:00 - 03:15,16200,15955.637
2026-01-26,03:15 - 03:30,16250,15865.764
2026-01-26,03:30 - 03:45,16300,15825.943
2026-01-26,03:45 - 04:00,16450,15898.266
2026-01-26,04:00 - 04:15,16600,16142.508
2026-01-26,04:15 - 04:30,16750,16011.855
2026-01-26,04:30 - 04:45,17000,16404.012
2026-01-26,04:45 - 05:00,17300,16509.398
2026-01-26,05:00 - 05:15,17600,16917.16
2026-01-26,05:15 - 05:30,18000,17258.44
2026-01-26,05:30 - 05:45,18600,17943.617
2026-01-26,05:45 - 06:00,19400,18502.143
2026-01-26,06:00 - 06:15,20700,20022.957
2026-01-26,06:15 - 06:30,21500,20486.646
2026-01-26,06:30 - 06:45,22200,21281.924
2026-01-26,06:45 - 07:00,22800,21710.744
2026-01-26,07:00 - 07:15,23250,22372.873
2026-01-26,07:15 - 07:30,23500,22710.324
2026-01-26,07:30 - 07:45,23750,23104.56
2026-01-26,07:45 - 08:00,24100,23460.36
2026-01-26,08:00 - 08:15,24450,23772.674
2026-01-26,08:15 - 08:30,24700,24073.707
2026-01-26,08:30 - 08:45,25050,24357.754
2026-01-26,08:45 - 09:00,25250,24504.424
2026-01-26,09:00 - 09:15,25350,24755.076
2026-01-26,09:15 - 09:30,25400,24932.615
2026-01-26,09:30 - 09:45,25400,24837.55
2026-01-26,09:45 - 10:00,25200,24577.691
2026-01-26,10:00 - 10:15,25050,24497.215
2026-01-26,10:15 - 10:30,25200,24793.148
2026-01-26,10:30 - 10:45,25400,25036.828
2026-01-26,10:45 - 11:00,25450,24855.172
2026-01-26,11:00 - 11:15,25450,24857.658
2026-01-26,11:15 - 11:30,25500,24691.54
2026-01-26,11:30 - 11:45,25550,24863.148
2026-01-26,11:45 - 12:00,25550,24755.787
2026-01-26,12:00 - 12:15,25500,24865.426
2026-01-26,12:15 - 12:30,25600,25007.326
2026-01-26,12:30 - 12:45,25600,25067.94
2026-01-26,12:45 - 13:00,25700,25020.725
2026-01-26,13:00 - 13:15,25850,25238.107
2026-01-26,13:15 - 13:30,25650,25360.498
2026-01-26,13:30 - 13:45,25300,24909.707
2026-01-26,13:45 - 14:00,24600,24273.824
2026-01-26,14:00 - 14:15,24850,24641.455
2026-01-26,14:15 - 14:30,25050,24772.467
2026-01-26,14:30 - 14:45,25050,24839.047
2026-01-26,14:45 - 15:00,24800,24487.773
2026-01-26,15:00 - 15:15,24650,24403.602
2026-01-26,15:15 - 15:30,24700,24416.688
2026-01-26,15:30 - 15:45,24850,24421.23
2026-01-26,15:45 - 16:00,24650,24131.896
2026-01-26,16:00 - 16:15,24950,24369.92
2026-01-26,16:15 - 16:30,25250,24503.357
2026-01-26,16:30 - 16:45,25450,24832.832
2026-01-26,16:45 - 17:00,25450,24976.34
2026-01-26,17:00 - 17:15,25450,25057.66
2026-01-26,17:15 - 17:30,25400,24984.26
2026-01-26,17:30 - 17:45,25350,25033.51
2026-01-26,17:45 - 18:00,25050,24544.129
2026-01-26,18:00 - 18:15,24950,24556.816
2026-01-26,18:15 - 18:30,25100,24631.623
2026-01-26,18:30 - 18:45,25150,24676.078
2026-01-26,18:45 - 19:00,25150,24617.012
2026-01-26,19:00 - 19:15,25100,24590.332
2026-01-26,19:15 - 19:30,25050,24518.209
2026-01-26,19:30 - 19:45,25000,24489.65
2026-01-26,19:45 - 20:00,24750,24218.46
2026-01-26,20:00 - 20:15,24700,24124.133
2026-01-26,20:15 - 20:30,24550,24030.361
2026-01-26,20:30 - 20:45,24250,23856.037
2026-01-26,20:45 - 21:00,23850,23597.86
2026-01-26,21:00 - 21:15,23350,23297.049
2026-01-26,21:15 - 21:30,22850,22530.994
2026-01-26,21:30 - 21:45,22300,22033.248
2026-01-26,21:45 - 22:00,21700,21515.854
2026-01-26,22:00 - 22:15,21650,21237.334
2026-01-26,22:15 - 22:30,21400,21113.95
2026-01-26,22:30 - 22:45,21000,20694.844
2026-01-26,22:45 - 23:00,20600,20439.877
2026-01-26,23:00 - 23:15,20300,20026.568
2026-01-26,23:15 - 23:30,19950,19818.074
2026-01-26,23:30 - 23:45,19650,19307.443
2026-01-26,23:45 - 24:00,19350,19239.555
2026-01-27,00:00 - 00:15,18950,18875.654
2026-01-27,00:15 - 00:30,18800,18778.646
2026-01-27,00:30 - 00:45,18650,18637.633
2026-01-27,00:45 - 01:00,18500,18523.674
2026-01-27,01:00 - 01:15,18400,18489.703
2026-01-27,01:15 - 01:30,18300,18231.957
2026-01-27,01:30 - 01:45,18200,18285.56
2026-01-27,01:45 - 02:00,18100,17993.89
2026-01-27,02:00 - 02:15,18050,17909.229
2026-01-27,02:15 - 02:30,18050,18060.2
2026-01-27,02:30 - 02:45,18050,18100.133
2026-01-27,02:45 - 03:00,18050,17885.438
2026-01-27,03:00 - 03:15,18050,17786.209
2026-01-27,03:15 - 03:30,18100,17918.176
2026-01-27,03:30 - 03:45,18150,17905.113
2026-01-27,03:45 - 04:00,18200,17928.863
2026-01-27,04:00 - 04:15,18350,18009.904
2026-01-27,04:15 - 04:30,18500,18058.719
2026-01-27,04:30 - 04:45,18650,18335.35
2026-01-27,04:45 - 05:00,18850,18174.266
2026-01-27,05:00 - 05:15,19200,18718.027
2026-01-27,05:15 - 05:30,19550,18896.096
2026-01-27,05:30 - 05:45,20000,19479.133
2026-01-27,05:45 - 06:00,20650,19879.3
2026-01-27,06:00 - 06:15,21900,21093.723
2026-01-27,06:15 - 06:30,22600,21957.336
2026-01-27,06:30 - 06:45,23150,22416.31
2026-01-27,06:45 - 07:00,23700,22793.11
2026-01-27,07:00 - 07:15,24250,23242.113
2026-01-27,07:15 - 07:30,24450,23582.277
2026-01-27,07:30 - 07:45,24650,23593.014
2026-01-27,07:45 - 08:00,24900,23904.234
2026-01-27,08:00 - 08:15,25300,24164.97
2026-01-27,08:15 - 08:30,25500,24291.81
2026-01-27,08:30 - 08:45,25700,24265.186
2026-01-27,08:45 - 09:00,25950,24538.338
2026-01-27,09:00 - 09:15,26100,24675.314
2026-01-27,09:15 - 09:30,26150,24649.158
2026-01-27,09:30 - 09:45,26150,24710.781
2026-01-27,09:45 - 10:00,25950,24606.455
2026-01-27,10:00 - 10:15,25750,24335.637
2026-01-27,10:15 - 10:30,25900,24702.686
2026-01-27,10:30 - 10:45,26050,24912.633
2026-01-27,10:45 - 11:00,26100,24851.629
2026-01-27,11:00 - 11:15,26100,24804.701
2026-01-27,11:15 - 11:30,26050,24853.883
2026-01-27,11:30 - 11:45,26100,24939.037
2026-01-27,11:45 - 12:00,26050,24801.291
2026-01-27,12:00 - 12:15,26000,24892.945
2026-01-27,12:15 - 12:30,26000,25211.09
2026-01-27,12:30 - 12:45,25950,24871.123
2026-01-27,12:45 - 13:00,26100,24994.133
2026-01-27,13:00 - 13:15,26250,25319.34
2026-01-27,13:15 - 13:30,26200,25119.385
2026-01-27,13:30 - 13:45,25750,24844.662
2026-01-27,13:45 - 14:00,25250,24451.299
2026-01-27,14:00 - 14:15,25400,24761.766
2026-01-27,14:15 - 14:30,25450,24762.188
2026-01-27,14:30 - 14:45,25500,24765.646
2026-01-27,14:45 - 15:00,25150,24341.346
2026-01-27,15:00 - 15:15,25050,24248.16
2026-01-27,15:15 - 15:30,24950,24377.545
2026-01-27,15:30 - 15:45,25000,24538.23
2026-01-27,15:45 - 16:00,24950,24243.686
2026-01-27,16:00 - 16:15,25100,24427.826
2026-01-27,16:15 - 16:30,25400,24751.344
2026-01-27,16:30 - 16:45,25550,24948.074
2026-01-27,16:45 - 17:00,25650,25057.174
2026-01-27,17:00 - 17:15,25550,24938.328
2026-01-27,17:15 - 17:30,25500,24912.45
2026-01-27,17:30 - 17:45,25450,24863.488
2026-01-27,17:45 - 18:00,25250,24464.521
2026-01-27,18:00 - 18:15,25050,24641.818
2026-01-27,18:15 - 18:30,25100,24552.076
2026-01-27,18:30 - 18:45,25200,24777.38
2026-01-27,18:45 - 19:00,25150,24689.756
2026-01-27,19:00 - 19:15,25050,24618.996
2026-01-27,19:15 - 19:30,25050,24621.725
2026-01-27,19:30 - 19:45,25000,24528.18
2026-01-27,19:45 - 20:00,24850,24331.223
2026-01-27,20:00 - 20:15,24650,24275.93
2026-01-27,20:15 - 20:30,24450,23943.023
2026-01-27,20:30 - 20:45,24200,23745.871
2026-01-27,20:45 - 21:00,23850,23358.197
2026-01-27,21:00 - 21:15,23450,23082.516
2026-01-27,21:15 - 21:30,23000,22677.244
2026-01-27,21:30 - 21:45,22400,22193.367
2026-01-27,21:45 - 22:00,21750,21427.861
2026-01-27,22:00 - 22:15,21650,21343.838
2026-01-27,22:15 - 22:30,21400,21179.033
2026-01-27,22:30 - 22:45,21100,20761.64
2026-01-27,22:45 - 23:00,20700,20301.229
2026-01-27,23:00 - 23:15,20400,20041.73
2026-01-27,23:15 - 23:30,20000,19552.055
2026-01-27,23:30 - 23:45,19700,19513.117
2026-01-27,23:45 - 24:00,19350,18987.592
2026-01-28,00:00 - 00:15,19000,19008.111
2026-01-28,00:15 - 00:30,18850,18763.994
2026-01-28,00:30 - 00:45,18650,18594.996
2026-01-28,00:45 - 01:00,18550,18398.32
2026-01-28,01:00 - 01:15,18450,18355.33
2026-01-28,01:15 - 01:30,18350,18138.318
2026-01-28,01:30 - 01:45,18300,18090.63
2026-01-28,01:45 - 02:00,18150,17981.45
2026-01-28,02:00 - 02:15,18050,17733.602
2026-01-28,02:15 - 02:30,18100,17952.254
2026-01-28,02:30 - 02:45,18100,17799.916
2026-01-28,02:45 - 03:00,18100,17793.156
2026-01-28,03:00 - 03:15,18000,17927.729
2026-01-28,03:15 - 03:30,18000,17713.46
2026-01-28,03:30 - 03:45,18100,17873.668
2026-01-28,03:45 - 04:00,18150,17980.328
2026-01-28,04:00 - 04:15,18250,17916.77
2026-01-28,04:15 - 04:30,18400,18414.88
2026-01-28,04:30 - 04:45,18600,18535.467
2026-01-28,04:45 - 05:00,18700,18497.326
2026-01-28,05:00 - 05:15,19050,18855.861
2026-01-28,05:15 - 05:30,19400,19084.982
2026-01-28,05:30 - 05:45,19900,19536.32
2026-01-28,05:45 - 06:00,20550,20220.5
2026-01-28,06:00 - 06:15,21750,21348.732
2026-01-28,06:15 - 06:30,22450,21949.752
2026-01-28,06:30 - 06:45,23050,22454.918
2026-01-28,06:45 - 07:00,23550,22784.314
2026-01-28,07:00 - 07:15,24050,23261.729
2026-01-28,07:15 - 07:30,24300,23424.463
2026-01-28,07:30 - 07:45,24500,23638.451
2026-01-28,07:45 - 08:00,24750,23956.918
2026-01-28,08:00 - 08:15,25150,24125.941
2026-01-28,08:15 - 08:30,25350,24567.182
2026-01-28,08:30 - 08:45,25550,24587.893
2026-01-28,08:45 - 09:00,25800,24864.633
2026-01-28,09:00 - 09:15,25900,24988.025
2026-01-28,09:15 - 09:30,25950,24949.14
2026-01-28,09:30 - 09:45,25950,25007.521
2026-01-28,09:45 - 10:00,25750,24845.86
2026-01-28,10:00 - 10:15,25550,24864.514
2026-01-28,10:15 - 10:30,25750,25107.4
2026-01-28,10:30 - 10:45,25900,25156.057
2026-01-28,10:45 - 11:00,25900,25430.16
2026-01-28,11:00 - 11:15,25850,25468.113
2026-01-28,11:15 - 11:30,25750,25300.348
2026-01-28,11:30 - 11:45,25800,25535.3
2026-01-28,11:45 - 12:00,25750,25360.652
2026-01-28,12:00 - 12:15,25700,25426.146
2026-01-28,12:15 - 12:30,25700,25483.95
2026-01-28,12:30 - 12:45,25650,25573.21
2026-01-28,12:45 - 13:00,25750,25477.85
2026-01-28,13:00 - 13:15,25900,25686.479
2026-01-28,13:15 - 13:30,25850,25562.195
2026-01-28,13:30 - 13:45,25500,25316.242
2026-01-28,13:45 - 14:00,24900,24719.1
2026-01-28,14:00 - 14:15,25050,24887.652
2026-01-28,14:15 - 14:30,25150,24990.064
2026-01-28,14:30 - 14:45,25250,24966.826
2026-01-28,14:45 - 15:00,24900,24632.365
2026-01-28,15:00 - 15:15,24750,24628.852
2026-01-28,15:15 - 15:30,24700,24665.787
2026-01-28,15:30 - 15:45,24750,24845.145
2026-01-28,15:45 - 16:00,24600,24578.035
2026-01-28,16:00 - 16:15,24800,24610.8
2026-01-28,16:15 - 16:30,25100,24659.72
2026-01-28,16:30 - 16:45,25350,24984.582
2026-01-28,16:45 - 17:00,25450,25171.36
2026-01-28,17:00 - 17:15,25500,25104.797
2026-01-28,17:15 - 17:30,25400,25241.785
2026-01-28,17:30 - 17:45,25400,25069.049
2026-01-28,17:45 - 18:00,25100,24794.748
2026-01-28,18:00 - 18:15,25000,24678.686
2026-01-28,18:15 - 18:30,25050,24890.338
2026-01-28,18:30 - 18:45,25150,25003.537
2026-01-28,18:45 - 19:00,25050,24892.863
2026-01-28,19:00 - 19:15,25100,24745.818
2026-01-28,19:15 - 19:30,25050,24805.81
2026-01-28,19:30 - 19:45,24950,24804.182
2026-01-28,19:45 - 20:00,24800,24700.453
2026-01-28,20:00 - 20:15,24650,24566.967
2026-01-28,20:15 - 20:30,24450,24243.64
2026-01-28,20:30 - 20:45,24200,23934.492
2026-01-28,20:45 - 21:00,23850,23559.215
2026-01-28,21:00 - 21:15,23450,23158.598
2026-01-28,21:15 - 21:30,22900,22571.998
2026-01-28,21:30 - 21:45,22350,22212.062
2026-01-28,21:45 - 22:00,21700,21577.299
2026-01-28,22:00 - 22:15,21600,21308.03
2026-01-28,22:15 - 22:30,21300,20934.223
2026-01-28,22:30 - 22:45,21000,20841.344
2026-01-28,22:45 - 23:00,20600,20243.152
2026-01-28,23:00 - 23:15,20300,20102.668
2026-01-28,23:15 - 23:30,19950,19638.395
2026-01-28,23:30 - 23:45,19600,19269.127
2026-01-28,23:45 - 24:00,19300,19112.291
2026-01-29,00:00 - 00:15,19100,18966.752
2026-01-29,00:15 - 00:30,18950,18569.457
2026-01-29,00:30 - 00:45,18800,18512.047
2026-01-29,00:45 - 01:00,18600,18128.863
2026-01-29,01:00 - 01:15,18500,18286.852
2026-01-29,01:15 - 01:30,18350,17982.086
2026-01-29,01:30 - 01:45,18150,18048.572
2026-01-29,01:45 - 02:00,18050,17890.865
2026-01-29,02:00 - 02:15,18000,17818.055
2026-01-29,02:15 - 02:30,18000,17668.455
2026-01-29,02:30 - 02:45,18000,17686.557
2026-01-29,02:45 - 03:00,18000,17778.89
2026-01-29,03:00 - 03:15,18000,17771.127
2026-01-29,03:15 - 03:30,18050,17784.793
2026-01-29,03:30 - 03:45,18100,17659.0
2026-01-29,03:45 - 04:00,18150,17872.42
2026-01-29,04:00 - 04:15,18300,18017.182
2026-01-29,04:15 - 04:30,18450,18111.242
2026-01-29,04:30 - 04:45,18600,18228.951
2026-01-29,04:45 - 05:00,18700,18254.287
2026-01-29,05:00 - 05:15,19050,18711.16
2026-01-29,05:15 - 05:30,19400,18862.371
2026-01-29,05:30 - 05:45,19850,19562.105
2026-01-29,05:45 - 06:00,20500,20063.43
2026-01-29,06:00 - 06:15,21750,21270.414
2026-01-29,06:15 - 06:30,22400,21757.922
2026-01-29,06:30 - 06:45,22950,22286.021
2026-01-29,06:45 - 07:00,23400,22913.037
2026-01-29,07:00 - 07:15,23900,23337.883
2026-01-29,07:15 - 07:30,24150,23583.24
2026-01-29,07:30 - 07:45,24350,23315.654
2026-01-29,07:45 - 08:00,24600,24107.285
2026-01-29,08:00 - 08:15,24950,24459.062
2026-01-29,08:15 - 08:30,25200,24762.652
2026-01-29,08:30 - 08:45,25350,24961.44
2026-01-29,08:45 - 09:00,25600,25008.414
2026-01-29,09:00 - 09:15,25750,25093.047
2026-01-29,09:15 - 09:30,25800,25257.758
2026-01-29,09:30 - 09:45,25750,25267.576
2026-01-29,09:45 - 10:00,25550,25191.254
2026-01-29,10:00 - 10:15,25400,25045.887
2026-01-29,10:15 - 10:30,25650,25315.137
2026-01-29,10:30 - 10:45,25800,25460.102
2026-01-29,10:45 - 11:00,25850,25582.346
2026-01-29,11:00 - 11:15,25850,25631.086
2026-01-29,11:15 - 11:30,25800,25784.35
2026-01-29,11:30 - 11:45,25850,25934.404
2026-01-29,11:45 - 12:00,25800,26049.299
2026-01-29,12:00 - 12:15,25750,26084.191
2026-01-29,12:15 - 12:30,25750,26009.912
2026-01-29,12:30 - 12:45,25750,25838.53
2026-01-29,12:45 - 13:00,25900,26077.447
2026-01-29,13:00 - 13:15,26050,26403.914
2026-01-29,13:15 - 13:30,25950,26345.266
2026-01-29,13:30 - 13:45,25550,25875.686
2026-01-29,13:45 - 14:00,25000,25321.57
2026-01-29,14:00 - 14:15,25150,25488.316
2026-01-29,14:15 - 14:30,25250,25649.09
2026-01-29,14:30 - 14:45,25250,25588.625
2026-01-29,14:45 - 15:00,24950,25324.9
2026-01-29,15:00 - 15:15,24800,25220.889
2026-01-29,15:15 - 15:30,24750,25215.715
2026-01-29,15:30 - 15:45,24850,25217.973
2026-01-29,15:45 - 16:00,24700,25027.387
2026-01-29,16:00 - 16:15,24900,25061.906
2026-01-29,16:15 - 16:30,25200,25121.357
2026-01-29,16:30 - 16:45,25450,25437.518
2026-01-29,16:45 - 17:00,25550,25554.566
2026-01-29,17:00 - 17:15,25550,25494.855
2026-01-29,17:15 - 17:30,25500,25314.344
2026-01-29,17:30 - 17:45,25500,25331.184
2026-01-29,17:45 - 18:00,25150,25110.39
2026-01-29,18:00 - 18:15,25000,25097.002
2026-01-29,18:15 - 18:30,25050,25076.342
2026-01-29,18:30 - 18:45,25150,25124.283
2026-01-29,18:45 - 19:00,25050,25094.223
2026-01-29,19:00 - 19:15,25050,24932.709
2026-01-29,19:15 - 19:30,25050,25010.672
2026-01-29,19:30 - 19:45,25000,24928.941
2026-01-29,19:45 - 20:00,24800,24871.43
2026-01-29,20:00 - 20:15,24650,24594.947
2026-01-29,20:15 - 20:30,24450,24444.492
2026-01-29,20:30 - 20:45,24200,24168.457
2026-01-29,20:45 - 21:00,23850,23721.658
2026-01-29,21:00 - 21:15,23450,23240.16
2026-01-29,21:15 - 21:30,22850,22841.299
2026-01-29,21:30 - 21:45,22300,22312.44
2026-01-29,21:45 - 22:00,21700,21585.451
2026-01-29,22:00 - 22:15,21600,21611.102
2026-01-29,22:15 - 22:30,21300,21331.244
2026-01-29,22:30 - 22:45,21000,21068.291
2026-01-29,22:45 - 23:00,20600,20728.23
2026-01-29,23:00 - 23:15,20200,20375.648
2026-01-29,23:15 - 23:30,19950,19958.508
2026-01-29,23:30 - 23:45,19600,19558.521
2026-01-29,23:45 - 24:00,19400,19317.701
2026-01-30,00:00 - 00:15,19200,19052.568
2026-01-30,00:15 - 00:30,19000,19039.893
2026-01-30,00:30 - 00:45,18800,18724.387
2026-01-30,00:45 - 01:00,18650,18494.64
2026-01-30,01:00 - 01:15,18500,18498.129
2026-01-30,01:15 - 01:30,18400,18268.215
2026-01-30,01:30 - 01:45,18200,18160.729
2026-01-30,01:45 - 02:00,18150,17987.305
2026-01-30,02:00 - 02:15,18000,18007.945
2026-01-30,02:15 - 02:30,18000,17957.633
2026-01-30,02:30 - 02:45,18000,17871.877
2026-01-30,02:45 - 03:00,18000,17967.357
2026-01-30,03:00 - 03:15,18000,17991.896
2026-01-30,03:15 - 03:30,18000,18088.021
2026-01-30,03:30 - 03:45,18050,17957.352
2026-01-30,03:45 - 04:00,18150,17974.512
2026-01-30,04:00 - 04:15,18250,18276.36
2026-01-30,04:15 - 04:30,18350,18368.354
2026-01-30,04:30 - 04:45,18500,18615.777
2026-01-30,04:45 - 05:00,18650,18689.621
2026-01-30,05:00 - 05:15,19050,19004.527
2026-01-30,05:15 - 05:30,19300,19290.588
2026-01-30,05:30 - 05:45,19800,19727.008
2026-01-30,05:45 - 06:00,20450,20191.541
2026-01-30,06:00 - 06:15,21750,21287.867
2026-01-30,06:15 - 06:30,22400,21978.451
2026-01-30,06:30 - 06:45,22950,22561.207
2026-01-30,06:45 - 07:00,23450,22957.781
2026-01-30,07:00 - 07:15,23800,23422.346
2026-01-30,07:15 - 07:30,24100,23611.639
2026-01-30,07:30 - 07:45,24250,23975.723
2026-01-30,07:45 - 08:00,24500,24287.473
2026-01-30,08:00 - 08:15,24850,24726.768
2026-01-30,08:15 - 08:30,25250,24990.922
2026-01-30,08:30 - 08:45,25350,25094.398
2026-01-30,08:45 - 09:00,25650,25336.76
2026-01-30,09:00 - 09:15,25800,25454.107
2026-01-30,09:15 - 09:30,25900,25623.21
2026-01-30,09:30 - 09:45,25850,25660.895
2026-01-30,09:45 - 10:00,25700,25490.217
2026-01-30,10:00 - 10:15,25500,25573.434
2026-01-30,10:15 - 10:30,25700,25615.133
2026-01-30,10:30 - 10:45,25850,25927.736
2026-01-30,10:45 - 11:00,25950,25943.229
2026-01-30,11:00 - 11:15,25950,26032.85
2026-01-30,11:15 - 11:30,25900,26102.191
2026-01-30,11:30 - 11:45,25900,26221.104
2026-01-30,11:45 - 12:00,25850,26136.346
2026-01-30,12:00 - 12:15,25800,26303.225
2026-01-30,12:15 - 12:30,25750,26231.818
2026-01-30,12:30 - 12:45,25750,26312.564
2026-01-30,12:45 - 13:00,25800,26436.494
2026-01-30,13:00 - 13:15,26050,26628.29
2026-01-30,13:15 - 13:30,26000,26588.408
2026-01-30,13:30 - 13:45,25700,26324.213
2026-01-30,13:45 - 14:00,25200,25895.582
2026-01-30,14:00 - 14:15,25350,25939.533
2026-01-30,14:15 - 14:30,25450,25904.62
2026-01-30,14:30 - 14:45,25550,25698.896
2026-01-30,14:45 - 15:00,25150,25545.879
2026-01-30,15:00 - 15:15,25000,25399.645
2026-01-30,15:15 - 15:30,24850,25366.17
2026-01-30,15:30 - 15:45,25000,25088.271
2026-01-30,15:45 - 16:00,24900,25125.312
2026-01-30,16:00 - 16:15,25100,24980.873
2026-01-30,16:15 - 16:30,25400,25223.2
2026-01-30,16:30 - 16:45,25600,25226.494
2026-01-30,16:45 - 17:00,25700,25475.152
2026-01-30,17:00 - 17:15,25700,25581.062
2026-01-30,17:15 - 17:30,25600,25570.322
2026-01-30,17:30 - 17:45,25600,25367.732
2026-01-30,17:45 - 18:00,25300,25087.824
2026-01-30,18:00 - 18:15,25200,24984.395
2026-01-30,18:15 - 18:30,25250,24895.988
2026-01-30,18:30 - 18:45,25350,25062.447
2026-01-30,18:45 - 19:00,25250,24892.99
2026-01-30,19:00 - 19:15,25200,24762.867
2026-01-30,19:15 - 19:30,25200,24719.064
2026-01-30,19:30 - 19:45,25150,24581.775
2026-01-30,19:45 - 20:00,24950,24648.672
2026-01-30,20:00 - 20:15,24750,24267.129
2026-01-30,20:15 - 20:30,24550,23973.148
2026-01-30,20:30 - 20:45,24250,23842.16
2026-01-30,20:45 - 21:00,23900,23479.994
2026-01-30,21:00 - 21:15,23400,23030.59
2026-01-30,21:15 - 21:30,22900,22764.424
2026-01-30,21:30 - 21:45,22350,22321.428
2026-01-30,21:45 - 22:00,21750,21777.523
2026-01-30,22:00 - 22:15,21650,21509.479
2026-01-30,22:15 - 22:30,21350,21387.488
2026-01-30,22:30 - 22:45,21050,21223.371
2026-01-30,22:45 - 23:00,20650,20752.29
2026-01-30,23:00 - 23:15,20250,20349.234
2026-01-30,23:15 - 23:30,19900,20041.773
2026-01-30,23:30 - 23:45,19600,19738.617
2026-01-30,23:45 - 24:00,19250,19369.145
2026-01-31,00:00 - 00:15,19200,19156.713
2026-01-31,00:15 - 00:30,19000,18978.988
2026-01-31,00:30 - 00:45,18750,18758.926
2026-01-31,00:45 - 01:00,18550,18720.057
2026-01-31,01:00 - 01:15,18400,18643.193
2026-01-31,01:15 - 01:30,18300,18400.28
2026-01-31,01:30 - 01:45,18200,18111.588
2026-01-31,01:45 - 02:00,18100,18005.99
2026-01-31,02:00 - 02:15,18000,18148.316
2026-01-31,02:15 - 02:30,17950,17983.477
2026-01-31,02:30 - 02:45,17900,18071.396
2026-01-31,02:45 - 03:00,17900,17900.436
2026-01-31,03:00 - 03:15,17900,18027.99
2026-01-31,03:15 - 03:30,17900,17978.479
2026-01-31,03:30 - 03:45,17900,17952.938
2026-01-31,03:45 - 04:00,17900,17946.941
2026-01-31,04:00 - 04:15,18000,17984.383
2026-01-31,04:15 - 04:30,18000,18117.275
2026-01-31,04:30 - 04:45,18000,18158.422
2026-01-31,04:45 - 05:00,18100,17915.744
2026-01-31,05:00 - 05:15,18200,18287.193
2026-01-31,05:15 - 05:30,18300,18188.879
2026-01-31,05:30 - 05:45,18400,18302.1
2026-01-31,05:45 - 06:00,18500,18317.166
2026-01-31,06:00 - 06:15,18950,19065.14
2026-01-31,06:15 - 06:30,19300,19351.01
2026-01-31,06:30 - 06:45,19550,19455.904
2026-01-31,06:45 - 07:00,19750,19592.514
2026-01-31,07:00 - 07:15,19900,20029.447
2026-01-31,07:15 - 07:30,20050,20061.795
2026-01-31,07:30 - 07:45,20300,20640.45
2026-01-31,07:45 - 08:00,20650,20935.39
2026-01-31,08:00 - 08:15,21050,21396.748
2026-01-31,08:15 - 08:30,21600,21806.742
2026-01-31,08:30 - 08:45,21900,22107.998
2026-01-31,08:45 - 09:00,22400,22564.697
2026-01-31,09:00 - 09:15,22700,22780.113
2026-01-31,09:15 - 09:30,23150,23003.922
2026-01-31,09:30 - 09:45,23350,22960.244
2026-01-31,09:45 - 10:00,23450,23033.191
2026-01-31,10:00 - 10:15,23450,23089.266
2026-01-31,10:15 - 10:30,23700,23215.748
2026-01-31,10:30 - 10:45,23750,23093.992
2026-01-31,10:45 - 11:00,23800,23103.166
2026-01-31,11:00 - 11:15,23700,22955.486
2026-01-31,11:15 - 11:30,23600,23123.475
2026-01-31,11:30 - 11:45,23500,22970.5
2026-01-31,11:45 - 12:00,23350,22759.61
2026-01-31,12:00 - 12:15,23250,23081.746
2026-01-31,12:15 - 12:30,23250,23214.223
2026-01-31,12:30 - 12:45,23150,23117.326
2026-01-31,12:45 - 13:00,23200,22898.709
2026-01-31,13:00 - 13:15,23300,23064.96
2026-01-31,13:15 - 13:30,23350,23235.572
2026-01-31,13:30 - 13:45,23100,23032.893
2026-01-31,13:45 - 14:00,22650,22825.123
2026-01-31,14:00 - 14:15,22750,22542.14
2026-01-31,14:15 - 14:30,22550,22859.123
2026-01-31,14:30 - 14:45,22650,22766.027
2026-01-31,14:45 - 15:00,22500,22776.352
2026-01-31,15:00 - 15:15,22350,22669.166
2026-01-31,15:15 - 15:30,22300,22772.535
2026-01-31,15:30 - 15:45,22250,22748.96
2026-01-31,15:45 - 16:00,22250,22562.016
2026-01-31,16:00 - 16:15,22450,22535.004
2026-01-31,16:15 - 16:30,22650,22644.535
2026-01-31,16:30 - 16:45,22950,22746.12
2026-01-31,16:45 - 17:00,23100,23117.18
2026-01-31,17:00 - 17:15,23200,23082.451
2026-01-31,17:15 - 17:30,23200,23310.924
2026-01-31,17:30 - 17:45,23050,23161.07
2026-01-31,17:45 - 18:00,22950,23217.342
2026-01-31,18:00 - 18:15,22900,22896.11
2026-01-31,18:15 - 18:30,22850,22951.703
2026-01-31,18:30 - 18:45,22750,22855.49
2026-01-31,18:45 - 19:00,22600,22783.879
2026-01-31,19:00 - 19:15,22550,22687.527
2026-01-31,19:15 - 19:30,22550,22653.596
2026-01-31,19:30 - 19:45,22400,22482.234
2026-01-31,19:45 - 20:00,22300,22478.348
2026-01-31,20:00 - 20:15,22100,22286.281
2026-01-31,20:15 - 20:30,21850,22063.344
2026-01-31,20:30 - 20:45,21650,21830.322
2026-01-31,20:45 - 21:00,21300,21646.672
2026-01-31,21:00 - 21:15,21000,21368.69
2026-01-31,21:15 - 21:30,20650,20966.234
2026-01-31,21:30 - 21:45,20300,20666.068
2026-01-31,21:45 - 22:00,19950,20554.6
2026-01-31,22:00 - 22:15,19850,20217.762
2026-01-31,22:15 - 22:30,19550,20022.664
2026-01-31,22:30 - 22:45,19250,19737.807
2026-01-31,22:45 - 23:00,18850,19498.008
2026-01-31,23:00 - 23:15,18550,19234.102
2026-01-31,23:15 - 23:30,18200,18783.014
2026-01-31,23:30 - 23:45,17900,18655.195
2026-01-31,23:45 - 24:00,17700,18324.145
2026-02-01,00:00 - 00:15,17600,18526.67
2026-02-01,00:15 - 00:30,17350,18339.21
2026-02-01,00:30 - 00:45,17150,18021.184
2026-02-01,00:45 - 01:00,16950,17750.338
2026-02-01,01:00 - 01:15,16800,17266.523
2026-02-01,01:15 - 01:30,16700,17233.738
2026-02-01,01:30 - 01:45,16600,17131.965
2026-02-01,01:45 - 02:00,16500,17132.307
2026-02-01,02:00 - 02:15,16400,17090.566
2026-02-01,02:15 - 02:30,16350,17040.43
2026-02-01,02:30 - 02:45,16250,16971.426
2026-02-01,02:45 - 03:00,16250,16753.482
2026-02-01,03:00 - 03:15,16250,16894.865
2026-02-01,03:15 - 03:30,16250,16803.979
2026-02-01,03:30 - 03:45,16250,16868.111
2026-02-01,03:45 - 04:00,16250,16914.064
2026-02-01,04:00 - 04:15,16250,16836.336
2026-02-01,04:15 - 04:30,16250,16961.768
2026-02-01,04:30 - 04:45,16350,16934.928
2026-02-01,04:45 - 05:00,16500,16821.617
2026-02-01,05:00 - 05:15,16550,17111.81
2026-02-01,05:15 - 05:30,16750,17124.615
2026-02-01,05:30 - 05:45,16700,17261.385
2026-02-01,05:45 - 06:00,16850,17224.738
2026-02-01,06:00 - 06:15,17100,17924.77
2026-02-01,06:15 - 06:30,17350,18151.068
2026-02-01,06:30 - 06:45,17550,18286.244
2026-02-01,06:45 - 07:00,17600,18100.766
2026-02-01,07:00 - 07:15,17750,18179.412
2026-02-01,07:15 - 07:30,17750,18261.023
2026-02-01,07:30 - 07:45,17800,18466.316
2026-02-01,07:45 - 08:00,18100,18974.785
2026-02-01,08:00 - 08:15,18450,19271.092
2026-02-01,08:15 - 08:30,18800,19494.828
2026-02-01,08:30 - 08:45,19150,19812.703
2026-02-01,08:45 - 09:00,19600,20241.04
2026-02-01,09:00 - 09:15,19900,20430.719
2026-02-01,09:15 - 09:30,20200,20805.43
2026-02-01,09:30 - 09:45,20400,20644.045
2026-02-01,09:45 - 10:00,20700,21008.773
2026-02-01,10:00 - 10:15,20850,20906.307
2026-02-01,10:15 - 10:30,21050,21075.799
2026-02-01,10:30 - 10:45,21100,20912.246
2026-02-01,10:45 - 11:00,21100,21179.33
2026-02-01,11:00 - 11:15,21150,21095.1
2026-02-01,11:15 - 11:30,21200,21120.42
2026-02-01,11:30 - 11:45,21200,21074.463
2026-02-01,11:45 - 12:00,21200,21107.36
2026-02-01,12:00 - 12:15,21250,21309.908
2026-02-01,12:15 - 12:30,21250,21327.146
2026-02-01,12:30 - 12:45,21300,21299.46
2026-02-01,12:45 - 13:00,21300,21418.242
2026-02-01,13:00 - 13:15,21450,21753.393
2026-02-01,13:15 - 13:30,21400,21839.443
2026-02-01,13:30 - 13:45,21250,21643.113
2026-02-01,13:45 - 14:00,21050,21480.195
2026-02-01,14:00 - 14:15,21000,21605.479
2026-02-01,14:15 - 14:30,20900,21278.385
2026-02-01,14:30 - 14:45,20850,21516.96
2026-02-01,14:45 - 15:00,20700,21257.666
2026-02-01,15:00 - 15:15,20600,21162.08
2026-02-01,15:15 - 15:30,20600,21072.457
2026-02-01,15:30 - 15:45,20550,21272.121
2026-02-01,15:45 - 16:00,20600,21085.6
2026-02-01,16:00 - 16:15,20700,20921.67
2026-02-01,16:15 - 16:30,20900,20982.688
2026-02-01,16:30 - 16:45,21100,21336.85
2026-02-01,16:45 - 17:00,21350,21505.934
2026-02-01,17:00 - 17:15,21350,21826.055
2026-02-01,17:15 - 17:30,21300,21908.803
2026-02-01,17:30 - 17:45,21350,21943.705
2026-02-01,17:45 - 18:00,21400,21885.09
2026-02-01,18:00 - 18:15,21450,22134.686
2026-02-01,18:15 - 18:30,21550,22252.926
2026-02-01,18:30 - 18:45,21600,22030.469
2026-02-01,18:45 - 19:00,21700,22061.207
2026-02-01,19:00 - 19:15,21650,22125.691
2026-02-01,19:15 - 19:30,21650,22102.686
2026-02-01,19:30 - 19:45,21600,22220.176
2026-02-01,19:45 - 20:00,21550,22075.309
2026-02-01,20:00 - 20:15,21350,21884.375
2026-02-01,20:15 - 20:30,21150,21803.77
2026-02-01,20:30 - 20:45,21000,21727.598
2026-02-01,20:45 - 21:00,20750,21437.578
2026-02-01,21:00 - 21:15,20550,21053.428
2026-02-01,21:15 - 21:30,20250,21041.826
2026-02-01,21:30 - 21:45,20000,20709.879
2026-02-01,21:45 - 22:00,19750,20289.166
2026-02-01,22:00 - 22:15,19700,20334.703
2026-02-01,22:15 - 22:30,19600,20088.346
2026-02-01,22:30 - 22:45,19400,19639.652
2026-02-01,22:45 - 23:00,19200,19564.557
2026-02-01,23:00 - 23:15,18850,19269.283
2026-02-01,23:15 - 23:30,18600,19061.814
2026-02-01,23:30 - 23:45,18300,18856.26
2026-02-01,23:45 - 24:00,18150,18447.096
2026-02-09,00:00 - 00:15,17100,17078.033
2026-02-09,00:15 - 00:30,17100,16926.61
2026-02-09,00:30 - 00:45,17100,16701.303
2026-02-09,00:45 - 01:00,17050,16431.277
2026-02-09,01:00 - 01:15,17050,16558.934
2026-02-09,01:15 - 01:30,17050,16498.672
2026-02-09,01:30 - 01:45,17050,16506.951
2026-02-09,01:45 - 02:00,17050,16271.014
2026-02-09,02:00 - 02:15,17050,16427.086
2026-02-09,02:15 - 02:30,17050,16148.698
2026-02-09,02:30 - 02:45,17050,16292.893
2026-02-09,02:45 - 03:00,17050,16263.347
2026-02-09,03:00 - 03:15,17050,16297.351
2026-02-09,03:15 - 03:30,17050,16388.883
2026-02-09,03:30 - 03:45,17100,16319.281
2026-02-09,03:45 - 04:00,17150,16536.99
2026-02-09,04:00 - 04:15,17300,16690.72
2026-02-09,04:15 - 04:30,17450,16765.377
2026-02-09,04:30 - 04:45,17600,16852.4
2026-02-09,04:45 - 05:00,17900,17391.943
2026-02-09,05:00 - 05:15,18350,17478.14
2026-02-09,05:15 - 05:30,18750,18076.945
2026-02-09,05:30 - 05:45,19350,18529.908
2026-02-09,05:45 - 06:00,20250,19331.432
2026-02-09,06:00 - 06:15,21400,20603.7
2026-02-09,06:15 - 06:30,22200,21550.594
2026-02-09,06:30 - 06:45,22950,22025.676
2026-02-09,06:45 - 07:00,23550,22272.117
2026-02-09,07:00 - 07:15,24100,23196.594
2026-02-09,07:15 - 07:30,24400,23365.475
2026-02-09,07:30 - 07:45,24700,23821.457
2026-02-09,07:45 - 08:00,25100,24133.686
2026-02-09,08:00 - 08:15,25450,24755.232
2026-02-09,08:15 - 08:30,25750,25262.033
2026-02-09,08:30 - 08:45,26100,25406.918
2026-02-09,08:45 - 09:00,26400,25719.793
2026-02-09,09:00 - 09:15,26500,26061.477
2026-02-09,09:15 - 09:30,26500,26318.137
2026-02-09,09:30 - 09:45,26500,26375.457
2026-02-09,09:45 - 10:00,26300,26271.146
2026-02-09,10:00 - 10:15,26150,26143.932
2026-02-09,10:15 - 10:30,26100,26493.72
2026-02-09,10:30 - 10:45,26000,26470.338
2026-02-09,10:45 - 11:00,26000,26595.137
2026-02-09,11:00 - 11:15,26000,26469.809
2026-02-09,11:15 - 11:30,26000,26717.203
2026-02-09,11:30 - 11:45,26000,26465.78
2026-02-09,11:45 - 12:00,26000,26486.896
2026-02-09,12:00 - 12:15,26050,26381.434
2026-02-09,12:15 - 12:30,26100,26257.816
2026-02-09,12:30 - 12:45,26150,26257.223
2026-02-09,12:45 - 13:00,26300,25984.373
2026-02-09,13:00 - 13:15,26300,26137.145
2026-02-09,13:15 - 13:30,26300,25963.637
2026-02-09,13:30 - 13:45,26000,25788.246
2026-02-09,13:45 - 14:00,25400,25155.883
2026-02-09,14:00 - 14:15,25650,25525.664
2026-02-09,14:15 - 14:30,25800,25598.307
2026-02-09,14:30 - 14:45,25850,25633.596
2026-02-09,14:45 - 15:00,25700,25233.906
2026-02-09,15:00 - 15:15,25650,25182.787
2026-02-09,15:15 - 15:30,25600,25208.793
2026-02-09,15:30 - 15:45,25600,25206.861
2026-02-09,15:45 - 16:00,25600,24837.422
2026-02-09,16:00 - 16:15,25600,24805.229
2026-02-09,16:15 - 16:30,25650,24783.672
2026-02-09,16:30 - 16:45,25800,24999.576
2026-02-09,16:45 - 17:00,26000,25100.857
2026-02-09,17:00 - 17:15,26200,25411.926
2026-02-09,17:15 - 17:30,26200,25439.62
2026-02-09,17:30 - 17:45,26200,25323.783
2026-02-09,17:45 - 18:00,26050,25255.684
2026-02-09,18:00 - 18:15,26000,25041.781
2026-02-09,18:15 - 18:30,26000,25328.688
2026-02-09,18:30 - 18:45,26000,25308.268
2026-02-09,18:45 - 19:00,25950,25347.29
2026-02-09,19:00 - 19:15,25950,25189.348
2026-02-09,19:15 - 19:30,25950,25147.006
2026-02-09,19:30 - 19:45,25950,25006.861
2026-02-09,19:45 - 20:00,25800,25087.486
2026-02-09,20:00 - 20:15,25600,24790.46
2026-02-09,20:15 - 20:30,25400,24460.926
2026-02-09,20:30 - 20:45,25100,24194.797
2026-02-09,20:45 - 21:00,24750,24009.395
2026-02-09,21:00 - 21:15,24300,23509.85
2026-02-09,21:15 - 21:30,23800,23014.338
2026-02-09,21:30 - 21:45,23250,22579.438
2026-02-09,21:45 - 22:00,22650,22065.568
2026-02-09,22:00 - 22:15,22500,21869.078
2026-02-09,22:15 - 22:30,22250,21701.139
2026-02-09,22:30 - 22:45,21850,21163.486
2026-02-09,22:45 - 23:00,21500,20962.354
2026-02-09,23:00 - 23:15,21100,20493.121
2026-02-09,23:15 - 23:30,20650,20109.754
2026-02-09,23:30 - 23:45,20300,19892.414
2026-02-09,23:45 - 24:00,19900,19609.629
2026-02-10,00:00 - 00:15,19550,19409.87
2026-02-10,00:15 - 00:30,19350,19178.39
2026-02-10,00:30 - 00:45,19250,18869.44
2026-02-10,00:45 - 01:00,19050,18753.701
2026-02-10,01:00 - 01:15,18900,18758.791
2026-02-10,01:15 - 01:30,18800,18589.049
2026-02-10,01:30 - 01:45,18700,18499.893
2026-02-10,01:45 - 02:00,18650,18438.373
2026-02-10,02:00 - 02:15,18650,18298.996
2026-02-10,02:15 - 02:30,18650,18346.889
2026-02-10,02:30 - 02:45,18650,18294.244
2026-02-10,02:45 - 03:00,18650,18294.53
2026-02-10,03:00 - 03:15,18650,18345.303
2026-02-10,03:15 - 03:30,18650,18443.81
2026-02-10,03:30 - 03:45,18650,18365.727
2026-02-10,03:45 - 04:00,18700,18483.617
2026-02-10,04:00 - 04:15,18850,18603.43
2026-02-10,04:15 - 04:30,19000,18755.064
2026-02-10,04:30 - 04:45,19200,18834.2
2026-02-10,04:45 - 05:00,19350,19113.207
2026-02-10,05:00 - 05:15,19550,19340.55
2026-02-10,05:15 - 05:30,19800,19743.508
2026-02-10,05:30 - 05:45,20150,20153.613
2026-02-10,05:45 - 06:00,20700,20788.443
2026-02-10,06:00 - 06:15,21750,21908.254
2026-02-10,06:15 - 06:30,22500,22636.137
2026-02-10,06:30 - 06:45,23150,23014.473
2026-02-10,06:45 - 07:00,23650,23588.895
2026-02-10,07:00 - 07:15,24050,24196.38
2026-02-10,07:15 - 07:30,24350,24472.322
2026-02-10,07:30 - 07:45,24600,24594.838
2026-02-10,07:45 - 08:00,24950,24969.887
2026-02-10,08:00 - 08:15,25350,25342.348
2026-02-10,08:15 - 08:30,25650,25443.125
2026-02-10,08:30 - 08:45,26000,25923.225
2026-02-10,08:45 - 09:00,26300,25957.744
2026-02-10,09:00 - 09:15,26500,26123.217
2026-02-10,09:15 - 09:30,26550,26371.662
2026-02-10,09:30 - 09:45,26550,26102.004
2026-02-10,09:45 - 10:00,26350,25701.324
2026-02-10,10:00 - 10:15,26250,25491.838
2026-02-10,10:15 - 10:30,26300,25728.715
2026-02-10,10:30 - 10:45,26450,25659.385
2026-02-10,10:45 - 11:00,26500,26074.15
2026-02-10,11:00 - 11:15,26500,26278.936
2026-02-10,11:15 - 11:30,26500,26331.41
2026-02-10,11:30 - 11:45,26500,26483.693
2026-02-10,11:45 - 12:00,26500,26185.266
2026-02-10,12:00 - 12:15,26500,26213.057
2026-02-10,12:15 - 12:30,26500,26129.117
2026-02-10,12:30 - 12:45,26500,26204.979
2026-02-10,12:45 - 13:00,26600,26167.21
2026-02-10,13:00 - 13:15,26700,26338.63
2026-02-10,13:15 - 13:30,26700,25948.133
2026-02-10,13:30 - 13:45,26400,25761.342
2026-02-10,13:45 - 14:00,25750,25168.324
2026-02-10,14:00 - 14:15,25950,25346.738
2026-02-10,14:15 - 14:30,26000,25429.049
2026-02-10,14:30 - 14:45,25900,25402.494
2026-02-10,14:45 - 15:00,25550,24899.684
2026-02-10,15:00 - 15:15,25500,24911.2
2026-02-10,15:15 - 15:30,25500,24880.97
2026-02-10,15:30 - 15:45,25400,24620.654
2026-02-10,15:45 - 16:00,25300,24582.18
2026-02-10,16:00 - 16:15,25250,24677.908
2026-02-10,16:15 - 16:30,25300,24634.38
2026-02-10,16:30 - 16:45,25550,24926.082
2026-02-10,16:45 - 17:00,25850,24991.3
2026-02-10,17:00 - 17:15,25950,25125.324
2026-02-10,17:15 - 17:30,25900,25175.488
2026-02-10,17:30 - 17:45,25700,25171.965
2026-02-10,17:45 - 18:00,25650,25000.912
2026-02-10,18:00 - 18:15,25650,24974.463
2026-02-10,18:15 - 18:30,25650,24984.367
2026-02-10,18:30 - 18:45,25650,25067.861
2026-02-10,18:45 - 19:00,25600,25105.006
2026-02-10,19:00 - 19:15,25500,25107.441
2026-02-10,19:15 - 19:30,25500,25060.979
2026-02-10,19:30 - 19:45,25400,24983.629
2026-02-10,19:45 - 20:00,25250,24678.145
2026-02-10,20:00 - 20:15,25100,24620.05
2026-02-10,20:15 - 20:30,24850,24376.299
2026-02-10,20:30 - 20:45,24500,24318.402
2026-02-10,20:45 - 21:00,24100,23834.518
2026-02-10,21:00 - 21:15,23700,23512.258
2026-02-10,21:15 - 21:30,23200,23014.43
2026-02-10,21:30 - 21:45,22650,22401.732
2026-02-10,21:45 - 22:00,22100,21731.951
2026-02-10,22:00 - 22:15,22000,21688.293
2026-02-10,22:15 - 22:30,21700,21361.35
2026-02-10,22:30 - 22:45,21400,20869.008
2026-02-10,22:45 - 23:00,20950,20465.643
2026-02-10,23:00 - 23:15,20650,20114.906
2026-02-10,23:15 - 23:30,20250,20053.867
2026-02-10,23:30 - 23:45,19900,19690.723
2026-02-10,23:45 - 24:00,19450,19059.076
2026-02-11,00:00 - 00:15,18850,18948.037
2026-02-11,00:15 - 00:30,18650,18873.598
2026-02-11,00:30 - 00:45,18500,18618.492
2026-02-11,00:45 - 01:00,18350,18391.826
2026-02-11,01:00 - 01:15,18250,18306.303
2026-02-11,01:15 - 01:30,18150,18214.158
2026-02-11,01:30 - 01:45,18050,18162.912
2026-02-11,01:45 - 02:00,17900,18168.402
2026-02-11,02:00 - 02:15,17850,17912.182
2026-02-11,02:15 - 02:30,17850,17934.271
2026-02-11,02:30 - 02:45,17850,17932.527
2026-02-11,02:45 - 03:00,17850,18143.354
2026-02-11,03:00 - 03:15,17850,17717.455
2026-02-11,03:15 - 03:30,17850,18066.713
2026-02-11,03:30 - 03:45,17850,17907.494
2026-02-11,03:45 - 04:00,17900,17952.295
2026-02-11,04:00 - 04:15,18000,18124.64
2026-02-11,04:15 - 04:30,18150,18145.73
2026-02-11,04:30 - 04:45,18350,18316.727
2026-02-11,04:45 - 05:00,18450,18415.59
2026-02-11,05:00 - 05:15,18700,18986.0
2026-02-11,05:15 - 05:30,19000,19170.88
2026-02-11,05:30 - 05:45,19350,19555.31
2026-02-11,05:45 - 06:00,19900,20092.314
2026-02-11,06:00 - 06:15,20950,21221.91
2026-02-11,06:15 - 06:30,21700,21903.707
2026-02-11,06:30 - 06:45,22300,22266.1
2026-02-11,06:45 - 07:00,22800,22683.82
2026-02-11,07:00 - 07:15,23250,23142.678
2026-02-11,07:15 - 07:30,23550,23443.125
2026-02-11,07:30 - 07:45,23900,23589.238
2026-02-11,07:45 - 08:00,24200,23769.568
2026-02-11,08:00 - 08:15,24550,24079.793
2026-02-11,08:15 - 08:30,24850,24390.41
2026-02-11,08:30 - 08:45,25100,24496.023
2026-02-11,08:45 - 09:00,25250,24788.373
2026-02-11,09:00 - 09:15,25400,24677.068
2026-02-11,09:15 - 09:30,25400,24497.135
2026-02-11,09:30 - 09:45,25250,24451.287
2026-02-11,09:45 - 10:00,24950,24019.275
2026-02-11,10:00 - 10:15,24850,24028.066
2026-02-11,10:15 - 10:30,24900,24256.37
2026-02-11,10:30 - 10:45,24950,24259.924
2026-02-11,10:45 - 11:00,25000,24080.74
2026-02-11,11:00 - 11:15,25000,24101.99
2026-02-11,11:15 - 11:30,25000,23961.152
2026-02-11,11:30 - 11:45,25000,23800.855
2026-02-11,11:45 - 12:00,25000,24438.227
2026-02-11,12:00 - 12:15,25000,24005.23
2026-02-11,12:15 - 12:30,25000,24231.15
2026-02-11,12:30 - 12:45,25000,24773.85
2026-02-11,12:45 - 13:00,25000,24377.115
2026-02-11,13:00 - 13:15,25100,24430.56
2026-02-11,13:15 - 13:30,25100,24267.48
2026-02-11,13:30 - 13:45,24900,23918.955
2026-02-11,13:45 - 14:00,24450,23472.59
2026-02-11,14:00 - 14:15,24650,23662.807
2026-02-11,14:15 - 14:30,24700,23724.828
2026-02-11,14:30 - 14:45,24700,23893.21
2026-02-11,14:45 - 15:00,24700,23678.078
2026-02-11,15:00 - 15:15,24650,23938.623
2026-02-11,15:15 - 15:30,24650,23748.766
2026-02-11,15:30 - 15:45,24600,23835.707
2026-02-11,15:45 - 16:00,24550,23754.682
2026-02-11,16:00 - 16:15,24500,23587.242
2026-02-11,16:15 - 16:30,24450,23714.81
2026-02-11,16:30 - 16:45,24500,23914.23
2026-02-11,16:45 - 17:00,24750,23948.13
2026-02-11,17:00 - 17:15,24800,24246.26
2026-02-11,17:15 - 17:30,24900,24286.236
2026-02-11,17:30 - 17:45,24700,24256.72
2026-02-11,17:45 - 18:00,24650,24232.955
2026-02-11,18:00 - 18:15,24650,24186.297
2026-02-11,18:15 - 18:30,24650,24400.584
2026-02-11,18:30 - 18:45,24650,24434.91
2026-02-11,18:45 - 19:00,24600,24339.273
2026-02-11,19:00 - 19:15,24500,24212.023
2026-02-11,19:15 - 19:30,24500,24254.117
2026-02-11,19:30 - 19:45,24400,24302.15
2026-02-11,19:45 - 20:00,24250,24074.74
2026-02-11,20:00 - 20:15,24100,23910.191
2026-02-11,20:15 - 20:30,23850,23633.016
2026-02-11,20:30 - 20:45,23500,23456.467
2026-02-11,20:45 - 21:00,23200,23160.383
2026-02-11,21:00 - 21:15,22850,22647.887
2026-02-11,21:15 - 21:30,22500,22290.023
2026-02-11,21:30 - 21:45,21950,21564.49
2026-02-11,21:45 - 22:00,21400,21202.496
2026-02-11,22:00 - 22:15,21300,21130.625
2026-02-11,22:15 - 22:30,21000,20786.67
2026-02-11,22:30 - 22:45,20700,20515.03
2026-02-11,22:45 - 23:00,20250,20086.982
2026-02-11,23:00 - 23:15,19950,19621.473
2026-02-11,23:15 - 23:30,19550,19137.82
2026-02-11,23:30 - 23:45,19200,18941.967
2026-02-11,23:45 - 24:00,18850,18488.643
2026-02-12,00:00 - 00:15,18750,18419.975
2026-02-12,00:15 - 00:30,18550,18238.307
2026-02-12,00:30 - 00:45,18400,18069.957
2026-02-12,00:45 - 01:00,18250,18072.994
2026-02-12,01:00 - 01:15,18050,17715.814
2026-02-12,01:15 - 01:30,17950,17625.271
2026-02-12,01:30 - 01:45,17900,17749.246
2026-02-12,01:45 - 02:00,17850,17386.885
2026-02-12,02:00 - 02:15,17650,17657.123
2026-02-12,02:15 - 02:30,17650,17403.295
2026-02-12,02:30 - 02:45,17650,17626.545
2026-02-12,02:45 - 03:00,17650,17223.516
2026-02-12,03:00 - 03:15,17650,17429.982
2026-02-12,03:15 - 03:30,17650,17460.674
2026-02-12,03:30 - 03:45,17650,17731.113
2026-02-12,03:45 - 04:00,17750,17722.79
2026-02-12,04:00 - 04:15,17850,17846.256
2026-02-12,04:15 - 04:30,18000,17801.969
2026-02-12,04:30 - 04:45,18150,17974.258
2026-02-12,04:45 - 05:00,18250,18385.34
2026-02-12,05:00 - 05:15,18700,18678.629
2026-02-12,05:15 - 05:30,19000,18745.59
2026-02-12,05:30 - 05:45,19350,18729.062
2026-02-12,05:45 - 06:00,19900,19257.066
2026-02-12,06:00 - 06:15,20950,20067.463
2026-02-12,06:15 - 06:30,21700,20922.105
2026-02-12,06:30 - 06:45,22100,21449.26
2026-02-12,06:45 - 07:00,22550,22072.752
2026-02-12,07:00 - 07:15,23000,22459.426
2026-02-12,07:15 - 07:30,23300,22789.715
2026-02-12,07:30 - 07:45,23650,22860.627
2026-02-12,07:45 - 08:00,23950,22971.273
2026-02-12,08:00 - 08:15,24300,23230.484
2026-02-12,08:15 - 08:30,24600,23399.338
2026-02-12,08:30 - 08:45,24800,23408.941
2026-02-12,08:45 - 09:00,24900,23487.652
2026-02-12,09:00 - 09:15,25000,23420.836
2026-02-12,09:15 - 09:30,25000,23337.975
2026-02-12,09:30 - 09:45,24850,23197.523
2026-02-12,09:45 - 10:00,24650,23048.48
2026-02-12,10:00 - 10:15,24450,22850.01
2026-02-12,10:15 - 10:30,24600,22989.61
2026-02-12,10:30 - 10:45,24650,22958.094
2026-02-12,10:45 - 11:00,24700,22814.814
2026-02-12,11:00 - 11:15,24700,22802.002
2026-02-12,11:15 - 11:30,24700,22612.078
2026-02-12,11:30 - 11:45,24700,22534.088
2026-02-12,11:45 - 12:00,24700,22344.457
2026-02-12,12:00 - 12:15,24700,22328.594
2026-02-12,12:15 - 12:30,24700,22590.432
2026-02-12,12:30 - 12:45,24700,22503.307
2026-02-12,12:45 - 13:00,24700,22466.357
2026-02-12,13:00 - 13:15,24800,22597.404
2026-02-12,13:15 - 13:30,24750,22687.893
2026-02-12,13:30 - 13:45,24400,22551.871
2026-02-12,13:45 - 14:00,23900,22193.82
2026-02-12,14:00 - 14:15,24150,22376.73
2026-02-12,14:15 - 14:30,24200,22645.69
2026-02-12,14:30 - 14:45,24150,22979.08
2026-02-12,14:45 - 15:00,23950,22944.223
2026-02-12,15:00 - 15:15,23850,23026.219
2026-02-12,15:15 - 15:30,23850,23178.602
2026-02-12,15:30 - 15:45,23850,23097.867
2026-02-12,15:45 - 16:00,23900,23023.877
2026-02-12,16:00 - 16:15,23950,22978.984
2026-02-12,16:15 - 16:30,24000,23106.91
2026-02-12,16:30 - 16:45,24150,23247.023
2026-02-12,16:45 - 17:00,24450,23285.074
2026-02-12,17:00 - 17:15,24550,23670.824
2026-02-12,17:15 - 17:30,24700,23705.133
2026-02-12,17:30 - 17:45,24650,23509.6
2026-02-12,17:45 - 18:00,24450,23333.572
2026-02-12,18:00 - 18:15,24450,23092.139
2026-02-12,18:15 - 18:30,24500,23286.49
2026-02-12,18:30 - 18:45,24550,23504.54
2026-02-12,18:45 - 19:00,24400,23523.775
2026-02-12,19:00 - 19:15,24350,23593.291
2026-02-12,19:15 - 19:30,24300,23423.771
2026-02-12,19:30 - 19:45,24200,23479.635
2026-02-12,19:45 - 20:00,24050,23346.79
2026-02-12,20:00 - 20:15,23900,23093.498
2026-02-12,20:15 - 20:30,23650,22931.742
2026-02-12,20:30 - 20:45,23300,22595.82
2026-02-12,20:45 - 21:00,23000,22565.365
2026-02-12,21:00 - 21:15,22650,21877.857
2026-02-12,21:15 - 21:30,22300,21606.293
2026-02-12,21:30 - 21:45,21750,21014.959
2026-02-12,21:45 - 22:00,21200,20323.84
2026-02-12,22:00 - 22:15,21100,20304.06
2026-02-12,22:15 - 22:30,20800,19988.285
2026-02-12,22:30 - 22:45,20500,19652.605
2026-02-12,22:45 - 23:00,20050,19212.152
2026-02-12,23:00 - 23:15,19750,18945.242
2026-02-12,23:15 - 23:30,19350,18895.537
2026-02-12,23:30 - 23:45,19000,18419.645
2026-02-12,23:45 - 24:00,18650,18081.182
2026-02-13,00:00 - 00:15,18500,17987.092
2026-02-13,00:15 - 00:30,18300,17800.299
2026-02-13,00:30 - 00:45,18150,17478.805
2026-02-13,00:45 - 01:00,18000,17430.75
2026-02-13,01:00 - 01:15,17850,17318.807
2026-02-13,01:15 - 01:30,17800,17188.61
2026-02-13,01:30 - 01:45,17750,17025.076
2026-02-13,01:45 - 02:00,17600,16977.822
2026-02-13,02:00 - 02:15,17550,16887.562
2026-02-13,02:15 - 02:30,17500,16973.959
2026-02-13,02:30 - 02:45,17450,16981.838
2026-02-13,02:45 - 03:00,17450,16896.156
2026-02-13,03:00 - 03:15,17450,16874.54
2026-02-13,03:15 - 03:30,17500,16974.012
2026-02-13,03:30 - 03:45,17600,16870.045
2026-02-13,03:45 - 04:00,17700,16839.154
2026-02-13,04:00 - 04:15,17850,16908.8
2026-02-13,04:15 - 04:30,17900,16937.008
2026-02-13,04:30 - 04:45,18050,17107.92
2026-02-13,04:45 - 05:00,18200,17221.219
2026-02-13,05:00 - 05:15,18650,17659.97
2026-02-13,05:15 - 05:30,18850,17895.162
2026-02-13,05:30 - 05:45,19150,18269.13
2026-02-13,05:45 - 06:00,19750,18838.658
2026-02-13,06:00 - 06:15,20800,19875.139
2026-02-13,06:15 - 06:30,21400,20079.176
2026-02-13,06:30 - 06:45,21950,20568.783
2026-02-13,06:45 - 07:00,22450,21257.65
2026-02-13,07:00 - 07:15,22850,21786.998
2026-02-13,07:15 - 07:30,23150,22039.01
2026-02-13,07:30 - 07:45,23400,22131.516
2026-02-13,07:45 - 08:00,23550,22561.297
2026-02-13,08:00 - 08:15,23900,22784.613
2026-02-13,08:15 - 08:30,24200,22995.77
2026-02-13,08:30 - 08:45,24350,23044.555
2026-02-13,08:45 - 09:00,24500,23216.46
2026-02-13,09:00 - 09:15,24650,22987.342
2026-02-13,09:15 - 09:30,24700,23055.92
2026-02-13,09:30 - 09:45,24650,22834.355
2026-02-13,09:45 - 10:00,24500,22667.172
2026-02-13,10:00 - 10:15,24300,22097.373
2026-02-13,10:15 - 10:30,24350,22513.87
2026-02-13,10:30 - 10:45,24450,22825.889
2026-02-13,10:45 - 11:00,24550,23286.492
2026-02-13,11:00 - 11:15,24550,23255.797
2026-02-13,11:15 - 11:30,24550,23168.756
2026-02-13,11:30 - 11:45,24500,23032.432
2026-02-13,11:45 - 12:00,24500,23127.084
2026-02-13,12:00 - 12:15,24500,23109.68
2026-02-13,12:15 - 12:30,24450,23047.662
2026-02-13,12:30 - 12:45,24500,23087.287
2026-02-13,12:45 - 13:00,24550,23057.953
2026-02-13,13:00 - 13:15,24650,23498.94
2026-02-13,13:15 - 13:30,24550,23447.322
2026-02-13,13:30 - 13:45,24200,23021.467
2026-02-13,13:45 - 14:00,23750,22468.352
2026-02-13,14:00 - 14:15,23950,22770.629
2026-02-13,14:15 - 14:30,24100,22947.447
2026-02-13,14:30 - 14:45,24100,22750.264
2026-02-13,14:45 - 15:00,23950,22475.256
2026-02-13,15:00 - 15:15,23850,22730.977
2026-02-13,15:15 - 15:30,23950,22750.648
2026-02-13,15:30 - 15:45,23950,23062.91
2026-02-13,15:45 - 16:00,23850,22755.19
2026-02-13,16:00 - 16:15,23800,22866.492
2026-02-13,16:15 - 16:30,23850,23007.28
2026-02-13,16:30 - 16:45,24000,23087.145
2026-02-13,16:45 - 17:00,24200,23229.479
2026-02-13,17:00 - 17:15,24450,23346.031
2026-02-13,17:15 - 17:30,24500,23360.71
2026-02-13,17:30 - 17:45,24450,23425.287
2026-02-13,17:45 - 18:00,24300,23113.639
2026-02-13,18:00 - 18:15,24300,23112.809
2026-02-13,18:15 - 18:30,24300,23124.256
2026-02-13,18:30 - 18:45,24300,23223.91
2026-02-13,18:45 - 19:00,24250,23144.486
2026-02-13,19:00 - 19:15,24250,23215.273
2026-02-13,19:15 - 19:30,24200,23187.469
2026-02-13,19:30 - 19:45,24100,23192.76
2026-02-13,19:45 - 20:00,23900,23020.074
2026-02-13,20:00 - 20:15,23750,22840.574
2026-02-13,20:15 - 20:30,23500,22331.805
2026-02-13,20:30 - 20:45,23250,22411.598
2026-02-13,20:45 - 21:00,22950,21934.03
2026-02-13,21:00 - 21:15,22600,21706.484
2026-02-13,21:15 - 21:30,22100,21391.783
2026-02-13,21:30 - 21:45,21650,20995.988
2026-02-13,21:45 - 22:00,21100,20281.346
2026-02-13,22:00 - 22:15,21050,20121.887
2026-02-13,22:15 - 22:30,20800,20071.086
2026-02-13,22:30 - 22:45,20350,19731.299
2026-02-13,22:45 - 23:00,20000,19377.215
2026-02-13,23:00 - 23:15,19700,19001.654
2026-02-13,23:15 - 23:30,19300,18740.31
2026-02-13,23:30 - 23:45,18950,18301.338
2026-02-13,23:45 - 24:00,18500,18212.127
2026-02-14,00:00 - 00:15,18350,18232.143
2026-02-14,00:15 - 00:30,18200,17887.178
2026-02-14,00:30 - 00:45,18050,17609.623
2026-02-14,00:45 - 01:00,17900,17460.053
2026-02-14,01:00 - 01:15,17750,17282.23
2026-02-14,01:15 - 01:30,17600,17059.225
2026-02-14,01:30 - 01:45,17500,16871.314
2026-02-14,01:45 - 02:00,17350,16890.527
2026-02-14,02:00 - 02:15,17300,16768.064
2026-02-14,02:15 - 02:30,17250,16627.852
2026-02-14,02:30 - 02:45,17250,16786.547
2026-02-14,02:45 - 03:00,17150,16690.24
2026-02-14,03:00 - 03:15,17200,16516.115
2026-02-14,03:15 - 03:30,17150,16522.89
2026-02-14,03:30 - 03:45,17100,16645.45
2026-02-14,03:45 - 04:00,17200,16739.068
2026-02-14,04:00 - 04:15,17250,16641.682
2026-02-14,04:15 - 04:30,17200,16467.514
2026-02-14,04:30 - 04:45,17200,16673.145
2026-02-14,04:45 - 05:00,17300,16735.82
2026-02-14,05:00 - 05:15,17400,16803.559
2026-02-14,05:15 - 05:30,17400,16889.658
2026-02-14,05:30 - 05:45,17450,16955.078
2026-02-14,05:45 - 06:00,17600,17164.254
2026-02-14,06:00 - 06:15,18050,17634.37
2026-02-14,06:15 - 06:30,18250,17751.225
2026-02-14,06:30 - 06:45,18400,17762.242
2026-02-14,06:45 - 07:00,18500,18223.559
2026-02-14,07:00 - 07:15,18750,18586.168
2026-02-14,07:15 - 07:30,18950,18859.32
2026-02-14,07:30 - 07:45,19300,19101.13
2026-02-14,07:45 - 08:00,19600,19323.947
2026-02-14,08:00 - 08:15,20000,19709.553
2026-02-14,08:15 - 08:30,20350,19914.969
2026-02-14,08:30 - 08:45,20650,20397.43
2026-02-14,08:45 - 09:00,20900,20611.477
2026-02-14,09:00 - 09:15,21200,20818.508
2026-02-14,09:15 - 09:30,21400,21082.072
2026-02-14,09:30 - 09:45,21550,21159.775
2026-02-14,09:45 - 10:00,21600,21599.006
2026-02-14,10:00 - 10:15,21900,21596.842
2026-02-14,10:15 - 10:30,22000,22089.525
2026-02-14,10:30 - 10:45,22000,22088.822
2026-02-14,10:45 - 11:00,22100,22095.346
2026-02-14,11:00 - 11:15,22250,22198.336
2026-02-14,11:15 - 11:30,22350,22077.945
2026-02-14,11:30 - 11:45,22350,22134.578
2026-02-14,11:45 - 12:00,22300,21954.121
2026-02-14,12:00 - 12:15,22400,21902.566
2026-02-14,12:15 - 12:30,22300,22061.71
2026-02-14,12:30 - 12:45,22250,22126.371
2026-02-14,12:45 - 13:00,22050,22037.883
2026-02-14,13:00 - 13:15,22050,21975.262
2026-02-14,13:15 - 13:30,22100,22122.02
2026-02-14,13:30 - 13:45,21750,21973.418
2026-02-14,13:45 - 14:00,21550,21647.125
2026-02-14,14:00 - 14:15,21500,21482.146
2026-02-14,14:15 - 14:30,21550,21555.877
2026-02-14,14:30 - 14:45,21500,21502.604
2026-02-14,14:45 - 15:00,21400,21204.361
2026-02-14,15:00 - 15:15,21250,21403.129
2026-02-14,15:15 - 15:30,21150,21293.336
2026-02-14,15:30 - 15:45,21150,21031.09
2026-02-14,15:45 - 16:00,21150,21056.027
2026-02-14,16:00 - 16:15,21050,21166.924
2026-02-14,16:15 - 16:30,21100,21181.24
2026-02-14,16:30 - 16:45,21350,21179.295
2026-02-14,16:45 - 17:00,21550,21248.447
2026-02-14,17:00 - 17:15,21850,21568.857
2026-02-14,17:15 - 17:30,21950,21638.098
2026-02-14,17:30 - 17:45,22000,21726.178
2026-02-14,17:45 - 18:00,22000,21648.84
2026-02-14,18:00 - 18:15,21950,21696.742
2026-02-14,18:15 - 18:30,21900,21554.479
2026-02-14,18:30 - 18:45,21800,21499.033
2026-02-14,18:45 - 19:00,21700,21450.602
2026-02-14,19:00 - 19:15,21650,21364.84
2026-02-14,19:15 - 19:30,21550,21153.436
2026-02-14,19:30 - 19:45,21400,21347.984
2026-02-14,19:45 - 20:00,21300,21205.082
2026-02-14,20:00 - 20:15,21150,20895.467
2026-02-14,20:15 - 20:30,20900,20785.477
2026-02-14,20:30 - 20:45,20700,20491.547
2026-02-14,20:45 - 21:00,20450,20464.592
2026-02-14,21:00 - 21:15,20200,20192.885
2026-02-14,21:15 - 21:30,19950,19972.89
2026-02-14,21:30 - 21:45,19600,19518.637
2026-02-14,21:45 - 22:00,19350,19356.047
2026-02-14,22:00 - 22:15,19050,19273.598
2026-02-14,22:15 - 22:30,18850,19002.453
2026-02-14,22:30 - 22:45,18600,18631.422
2026-02-14,22:45 - 23:00,18250,18254.635
2026-02-14,23:00 - 23:15,17950,18017.852
2026-02-14,23:15 - 23:30,17550,17560.928
2026-02-14,23:30 - 23:45,17250,17415.42
2026-02-14,23:45 - 24:00,17050,17106.658
2026-02-15,00:00 - 00:15,17250,16987.232
2026-02-15,00:15 - 00:30,16950,16867.455
2026-02-15,00:30 - 00:45,16750,16727.992
2026-02-15,00:45 - 01:00,16600,16484.152
2026-02-15,01:00 - 01:15,16450,16311.543
2026-02-15,01:15 - 01:30,16300,16191.804
2026-02-15,01:30 - 01:45,16200,16151.231
2026-02-15,01:45 - 02:00,16100,15961.42
2026-02-15,02:00 - 02:15,16100,15762.067
2026-02-15,02:15 - 02:30,16100,15742.188
2026-02-15,02:30 - 02:45,16100,15719.032
2026-02-15,02:45 - 03:00,16100,15599.298
2026-02-15,03:00 - 03:15,16100,15599.049
2026-02-15,03:15 - 03:30,16100,15565.941
2026-02-15,03:30 - 03:45,16100,15539.887
2026-02-15,03:45 - 04:00,16100,15695.719
2026-02-15,04:00 - 04:15,16100,15671.819
2026-02-15,04:15 - 04:30,16100,15694.187
2026-02-15,04:30 - 04:45,16150,15639.507
2026-02-15,04:45 - 05:00,16200,15536.753
2026-02-15,05:00 - 05:15,16250,15828.672
2026-02-15,05:15 - 05:30,16350,15843.305
2026-02-15,05:30 - 05:45,16400,15996.584
2026-02-15,05:45 - 06:00,16450,16027.849
2026-02-15,06:00 - 06:15,16550,16297.824
2026-02-15,06:15 - 06:30,16650,16332.513
2026-02-15,06:30 - 06:45,16800,16396.13
2026-02-15,06:45 - 07:00,16900,16538.566
2026-02-15,07:00 - 07:15,17050,16588.117
2026-02-15,07:15 - 07:30,17300,16948.947
2026-02-15,07:30 - 07:45,17550,17276.383
2026-02-15,07:45 - 08:00,17850,17596.652
2026-02-15,08:00 - 08:15,18150,17811.768
2026-02-15,08:15 - 08:30,18450,18113.943
2026-02-15,08:30 - 08:45,18750,18595.7
2026-02-15,08:45 - 09:00,19100,18885.295
2026-02-15,09:00 - 09:15,19450,19457.373
2026-02-15,09:15 - 09:30,19750,19491.154
2026-02-15,09:30 - 09:45,20050,19694.482
2026-02-15,09:45 - 10:00,20350,20025.973
2026-02-15,10:00 - 10:15,20550,20318.758
2026-02-15,10:15 - 10:30,20650,20509.701
2026-02-15,10:30 - 10:45,20650,20577.477
2026-02-15,10:45 - 11:00,20650,20907.205
2026-02-15,11:00 - 11:15,20650,20677.719
2026-02-15,11:15 - 11:30,20650,20525.22
2026-02-15,11:30 - 11:45,20650,20745.48
2026-02-15,11:45 - 12:00,20650,20762.893
2026-02-15,12:00 - 12:15,20650,20699.21
2026-02-15,12:15 - 12:30,20650,20714.781
2026-02-15,12:30 - 12:45,20650,20628.78
2026-02-15,12:45 - 13:00,20650,20743.23
2026-02-15,13:00 - 13:15,20650,20801.074
2026-02-15,13:15 - 13:30,20600,20718.402
2026-02-15,13:30 - 13:45,20500,20918.467
2026-02-15,13:45 - 14:00,20450,20635.729
2026-02-15,14:00 - 14:15,20350,20236.117
2026-02-15,14:15 - 14:30,20250,20527.432
2026-02-15,14:30 - 14:45,20150,20376.51
2026-02-15,14:45 - 15:00,20050,20255.43
2026-02-15,15:00 - 15:15,19950,20038.123
2026-02-15,15:15 - 15:30,19850,20083.297
2026-02-15,15:30 - 15:45,19800,19983.754
2026-02-15,15:45 - 16:00,19800,19822.521
2026-02-15,16:00 - 16:15,19850,20006.78
2026-02-15,16:15 - 16:30,19900,19904.605
2026-02-15,16:30 - 16:45,20000,19988.633
2026-02-15,16:45 - 17:00,20250,19950.96
2026-02-15,17:00 - 17:15,20550,20429.15
2026-02-15,17:15 - 17:30,20800,20707.113
2026-02-15,17:30 - 17:45,21000,20857.555
2026-02-15,17:45 - 18:00,21100,20626.158
2026-02-15,18:00 - 18:15,21150,20839.033
2026-02-15,18:15 - 18:30,21200,21112.309
2026-02-15,18:30 - 18:45,21250,20932.676
2026-02-15,18:45 - 19:00,21300,21122.93
2026-02-15,19:00 - 19:15,21300,21068.49
2026-02-15,19:15 - 19:30,21300,20959.508
2026-02-15,19:30 - 19:45,21300,21021.527
2026-02-15,19:45 - 20:00,21250,20882.076
2026-02-15,20:00 - 20:15,21150,20827.2
2026-02-15,20:15 - 20:30,21000,20692.31
2026-02-15,20:30 - 20:45,20800,20585.734
2026-02-15,20:45 - 21:00,20550,20335.094
2026-02-15,21:00 - 21:15,20350,20049.312
2026-02-15,21:15 - 21:30,20100,19897.377
2026-02-15,21:30 - 21:45,19850,19553.844
2026-02-15,21:45 - 22:00,19600,19174.918
2026-02-15,22:00 - 22:15,19450,19232.492
2026-02-15,22:15 - 22:30,19300,18997.42
2026-02-15,22:30 - 22:45,19050,18598.889
2026-02-15,22:45 - 23:00,18850,18388.186
2026-02-15,23:00 - 23:15,18550,18142.45
2026-02-15,23:15 - 23:30,18250,17941.996
2026-02-15,23:30 - 23:45,17950,17751.252
2026-02-15,23:45 - 24:00,17700,17841.395
2026-02-16,00:00 - 00:15,17550,17749.898
2026-02-16,00:15 - 00:30,17450,17474.947
2026-02-16,00:30 - 00:45,17350,17390.04
2026-02-16,00:45 - 01:00,17200,17088.662
2026-02-16,01:00 - 01:15,17100,17120.297
2026-02-16,01:15 - 01:30,17050,17048.63
2026-02-16,01:30 - 01:45,17000,16935.1
2026-02-16,01:45 - 02:00,16900,16891.168
2026-02-16,02:00 - 02:15,16950,17047.207
2026-02-16,02:15 - 02:30,16900,16988.451
2026-02-16,02:30 - 02:45,16900,17024.377
2026-02-16,02:45 - 03:00,16900,17016.348
2026-02-16,03:00 - 03:15,16950,16665.3
2026-02-16,03:15 - 03:30,16950,16921.139
2026-02-16,03:30 - 03:45,16950,16992.072
2026-02-16,03:45 - 04:00,17050,16989.346
2026-02-16,04:00 - 04:15,17200,17327.568
2026-02-16,04:15 - 04:30,17350,17468.428
2026-02-16,04:30 - 04:45,17550,17877.459
2026-02-16,04:45 - 05:00,17850,17826.305
2026-02-16,05:00 - 05:15,18150,18071.58
2026-02-16,05:15 - 05:30,18550,18536.252
2026-02-16,05:30 - 05:45,19150,18947.441
2026-02-16,05:45 - 06:00,20050,19629.062
2026-02-16,06:00 - 06:15,21300,20982.35
2026-02-16,06:15 - 06:30,22000,21474.896
2026-02-16,06:30 - 06:45,22650,22019.643
2026-02-16,06:45 - 07:00,23250,22520.629
2026-02-16,07:00 - 07:15,23900,23297.727
2026-02-16,07:15 - 07:30,24300,23800.469
2026-02-16,07:30 - 07:45,24600,24024.941
2026-02-16,07:45 - 08:00,24950,24557.121
2026-02-16,08:00 - 08:15,25300,25036.902
2026-02-16,08:15 - 08:30,25700,25345.525
2026-02-16,08:30 - 08:45,26050,25256.959
2026-02-16,08:45 - 09:00,26200,25780.611
2026-02-16,09:00 - 09:15,26400,25976.074
2026-02-16,09:15 - 09:30,26500,26077.197
2026-02-16,09:30 - 09:45,26500,25809.074
2026-02-16,09:45 - 10:00,26400,25826.1
2026-02-16,10:00 - 10:15,26200,25391.01
2026-02-16,10:15 - 10:30,26000,25770.926
2026-02-16,10:30 - 10:45,26000,26170.973
2026-02-16,10:45 - 11:00,26050,26238.89
2026-02-16,11:00 - 11:15,26100,26199.744
2026-02-16,11:15 - 11:30,26000,26319.781
2026-02-16,11:30 - 11:45,25950,26097.547
2026-02-16,11:45 - 12:00,25900,25810.047
2026-02-16,12:00 - 12:15,25850,25981.068
2026-02-16,12:15 - 12:30,25800,25634.0
2026-02-16,12:30 - 12:45,25800,25773.201
2026-02-16,12:45 - 13:00,25800,25576.664
2026-02-16,13:00 - 13:15,25800,25954.613
2026-02-16,13:15 - 13:30,25800,25869.664
2026-02-16,13:30 - 13:45,25650,25502.922
2026-02-16,13:45 - 14:00,24800,25038.727
2026-02-16,14:00 - 14:15,25150,25288.846
2026-02-16,14:15 - 14:30,25300,25538.03
2026-02-16,14:30 - 14:45,25250,25297.717
2026-02-16,14:45 - 15:00,24950,24926.184
2026-02-16,15:00 - 15:15,24950,24882.08
2026-02-16,15:15 - 15:30,24950,24896.676
2026-02-16,15:30 - 15:45,24950,24867.451
2026-02-16,15:45 - 16:00,24950,24531.514
2026-02-16,16:00 - 16:15,24950,24585.936
2026-02-16,16:15 - 16:30,24950,24489.227
2026-02-16,16:30 - 16:45,25100,24561.025
2026-02-16,16:45 - 17:00,25300,24599.166
2026-02-16,17:00 - 17:15,25600,24666.82
2026-02-16,17:15 - 17:30,25750,25025.947
2026-02-16,17:30 - 17:45,25750,24951.918
2026-02-16,17:45 - 18:00,25600,24757.82
2026-02-16,18:00 - 18:15,25550,24577.4
2026-02-16,18:15 - 18:30,25600,24716.51
2026-02-16,18:30 - 18:45,25650,24770.775
2026-02-16,18:45 - 19:00,25650,24880.824
2026-02-16,19:00 - 19:15,25650,24861.588
2026-02-16,19:15 - 19:30,25650,24667.254
2026-02-16,19:30 - 19:45,25600,24652.996
2026-02-16,19:45 - 20:00,25500,24534.195
2026-02-16,20:00 - 20:15,25350,24244.352
2026-02-16,20:15 - 20:30,25150,24233.852
2026-02-16,20:30 - 20:45,24850,23896.844
2026-02-16,20:45 - 21:00,24450,23423.656
2026-02-16,21:00 - 21:15,23950,23156.406
2026-02-16,21:15 - 21:30,23450,22741.621
2026-02-16,21:30 - 21:45,22900,22436.701
2026-02-16,21:45 - 22:00,22300,21890.05
2026-02-16,22:00 - 22:15,22200,21762.396
2026-02-16,22:15 - 22:30,21900,21419.178
2026-02-16,22:30 - 22:45,21500,20877.184
2026-02-16,22:45 - 23:00,21150,20489.18
2026-02-16,23:00 - 23:15,20750,20219.111
2026-02-16,23:15 - 23:30,20400,19804.572
2026-02-16,23:30 - 23:45,20000,19635.281
2026-02-16,23:45 - 24:00,19700,19278.902
2026-02-17,00:00 - 00:15,19500,19313.24
2026-02-17,00:15 - 00:30,19300,18939.879
2026-02-17,00:30 - 00:45,19100,18899.146
2026-02-17,00:45 - 01:00,18950,18937.11
2026-02-17,01:00 - 01:15,18850,18882.543
2026-02-17,01:15 - 01:30,18750,18725.432
2026-02-17,01:30 - 01:45,18650,18608.012
2026-02-17,01:45 - 02:00,18550,18559.014
2026-02-17,02:00 - 02:15,18500,18456.223
2026-02-17,02:15 - 02:30,18500,18466.006
2026-02-17,02:30 - 02:45,18500,18372.611
2026-02-17,02:45 - 03:00,18500,18605.652
2026-02-17,03:00 - 03:15,18450,18473.361
2026-02-17,03:15 - 03:30,18550,18327.879
2026-02-17,03:30 - 03:45,18600,18054.766
2026-02-17,03:45 - 04:00,18650,18349.549
2026-02-17,04:00 - 04:15,18800,18472.797
2026-02-17,04:15 - 04:30,18950,18630.357
2026-02-17,04:30 - 04:45,19100,18732.447
2026-02-17,04:45 - 05:00,19300,18960.879
2026-02-17,05:00 - 05:15,19600,19233.297
2026-02-17,05:15 - 05:30,19850,19436.588
2026-02-17,05:30 - 05:45,20200,19939.465
2026-02-17,05:45 - 06:00,20800,20614.139
2026-02-17,06:00 - 06:15,21900,21786.438
2026-02-17,06:15 - 06:30,22650,22214.434
2026-02-17,06:30 - 06:45,23050,22714.582
2026-02-17,06:45 - 07:00,23600,23300.389
2026-02-17,07:00 - 07:15,24200,23864.354
2026-02-17,07:15 - 07:30,24600,24062.172
2026-02-17,07:30 - 07:45,24850,24509.455
2026-02-17,07:45 - 08:00,25200,24977.318
2026-02-17,08:00 - 08:15,25500,25335.066
2026-02-17,08:15 - 08:30,25750,25539.209
2026-02-17,08:30 - 08:45,26000,25991.686
2026-02-17,08:45 - 09:00,26150,26253.143
2026-02-17,09:00 - 09:15,26250,26469.693
2026-02-17,09:15 - 09:30,26250,26441.822
2026-02-17,09:30 - 09:45,26200,26433.637
2026-02-17,09:45 - 10:00,25950,26151.395
2026-02-17,10:00 - 10:15,25850,26199.406
2026-02-17,10:15 - 10:30,25900,26644.01
2026-02-17,10:30 - 10:45,26050,26744.426
2026-02-17,10:45 - 11:00,26150,26757.71
2026-02-17,11:00 - 11:15,26200,26668.35
2026-02-17,11:15 - 11:30,26200,26615.857
2026-02-17,11:30 - 11:45,26200,26644.062
2026-02-17,11:45 - 12:00,26200,26635.895
2026-02-17,12:00 - 12:15,26200,26586.586
2026-02-17,12:15 - 12:30,26200,26535.36
2026-02-17,12:30 - 12:45,26200,26360.752
2026-02-17,12:45 - 13:00,26200,26465.316
2026-02-17,13:00 - 13:15,26350,26572.193
2026-02-17,13:15 - 13:30,26200,26786.875
2026-02-17,13:30 - 13:45,25900,26238.586
2026-02-17,13:45 - 14:00,25550,25486.633
2026-02-17,14:00 - 14:15,25600,25676.258
2026-02-17,14:15 - 14:30,25600,25715.729
2026-02-17,14:30 - 14:45,25550,25879.451
2026-02-17,14:45 - 15:00,25050,25533.77
2026-02-17,15:00 - 15:15,25050,25661.219
2026-02-17,15:15 - 15:30,25000,25451.96
2026-02-17,15:30 - 15:45,24850,25473.271
2026-02-17,15:45 - 16:00,24700,25237.182
2026-02-17,16:00 - 16:15,24650,25121.256
2026-02-17,16:15 - 16:30,24700,25142.504
2026-02-17,16:30 - 16:45,24850,25178.273
2026-02-17,16:45 - 17:00,25000,25204.123
2026-02-17,17:00 - 17:15,25200,25341.8
2026-02-17,17:15 - 17:30,25350,25589.502
2026-02-17,17:30 - 17:45,25400,25683.145
2026-02-17,17:45 - 18:00,25350,25403.33
2026-02-17,18:00 - 18:15,25350,25411.865
2026-02-17,18:15 - 18:30,25350,25588.523
2026-02-17,18:30 - 18:45,25350,25601.14
2026-02-17,18:45 - 19:00,25350,25466.13
2026-02-17,19:00 - 19:15,25350,25407.42
2026-02-17,19:15 - 19:30,25350,25430.477
2026-02-17,19:30 - 19:45,25300,25379.984
2026-02-17,19:45 - 20:00,25100,25282.938
2026-02-17,20:00 - 20:15,24850,24943.838
2026-02-17,20:15 - 20:30,24600,24703.574
2026-02-17,20:30 - 20:45,24300,24544.027
2026-02-17,20:45 - 21:00,24000,24470.414
2026-02-17,21:00 - 21:15,23600,23746.08
2026-02-17,21:15 - 21:30,23100,23263.52
2026-02-17,21:30 - 21:45,22500,22836.947
2026-02-17,21:45 - 22:00,21950,22125.424
2026-02-17,22:00 - 22:15,21850,21964.441
2026-02-17,22:15 - 22:30,21450,21939.068
2026-02-17,22:30 - 22:45,21150,21470.184
2026-02-17,22:45 - 23:00,20700,21043.785
2026-02-17,23:00 - 23:15,20350,20627.238
2026-02-17,23:15 - 23:30,20000,20537.01
2026-02-17,23:30 - 23:45,19650,19988.479
2026-02-17,23:45 - 24:00,19350,19741.842
2026-02-18,00:00 - 00:15,19050,19441.586
2026-02-18,00:15 - 00:30,18900,19436.854
2026-02-18,00:30 - 00:45,18750,19250.951
2026-02-18,00:45 - 01:00,18650,19404.867
2026-02-18,01:00 - 01:15,18550,19388.502
2026-02-18,01:15 - 01:30,18450,19270.16
2026-02-18,01:30 - 01:45,18350,19165.092
2026-02-18,01:45 - 02:00,18300,19012.508
2026-02-18,02:00 - 02:15,18250,18934.227
2026-02-18,02:15 - 02:30,18250,18697.414
2026-02-18,02:30 - 02:45,18250,18657.527
2026-02-18,02:45 - 03:00,18250,18737.135
2026-02-18,03:00 - 03:15,18250,18504.385
2026-02-18,03:15 - 03:30,18300,18535.594
2026-02-18,03:30 - 03:45,18300,18575.018
2026-02-18,03:45 - 04:00,18350,18395.83
2026-02-18,04:00 - 04:15,18450,18680.092
2026-02-18,04:15 - 04:30,18500,18987.494
2026-02-18,04:30 - 04:45,18650,19036.477
2026-02-18,04:45 - 05:00,18850,19155.646
2026-02-18,05:00 - 05:15,19150,19298.775
2026-02-18,05:15 - 05:30,19400,19835.496
2026-02-18,05:30 - 05:45,19750,19823.205
2026-02-18,05:45 - 06:00,20350,20674.977
2026-02-18,06:00 - 06:15,21450,22016.984
2026-02-18,06:15 - 06:30,22050,22552.41
2026-02-18,06:30 - 06:45,22450,22822.816
2026-02-18,06:45 - 07:00,23000,23033.996
2026-02-18,07:00 - 07:15,23600,23864.012
2026-02-18,07:15 - 07:30,24000,24030.15
2026-02-18,07:30 - 07:45,24250,24373.033
2026-02-18,07:45 - 08:00,24600,24668.922
2026-02-18,08:00 - 08:15,24900,25108.73
2026-02-18,08:15 - 08:30,25150,25223.06
2026-02-18,08:30 - 08:45,25400,25441.768
2026-02-18,08:45 - 09:00,25550,25637.457
2026-02-18,09:00 - 09:15,25550,25914.396
2026-02-18,09:15 - 09:30,25550,25748.91
2026-02-18,09:30 - 09:45,25450,25624.896
2026-02-18,09:45 - 10:00,25250,25555.871
2026-02-18,10:00 - 10:15,25150,25401.422
2026-02-18,10:15 - 10:30,25200,25604.799
2026-02-18,10:30 - 10:45,25350,25523.729
2026-02-18,10:45 - 11:00,25550,25450.295
2026-02-18,11:00 - 11:15,25700,25508.648
2026-02-18,11:15 - 11:30,25700,25734.662
2026-02-18,11:30 - 11:45,25700,25867.627
2026-02-18,11:45 - 12:00,25700,25479.904
2026-02-18,12:00 - 12:15,25700,25572.887
2026-02-18,12:15 - 12:30,25700,25488.568
2026-02-18,12:30 - 12:45,25700,25510.35
2026-02-18,12:45 - 13:00,25700,25463.846
2026-02-18,13:00 - 13:15,25800,26032.225
2026-02-18,13:15 - 13:30,25550,25992.232
2026-02-18,13:30 - 13:45,25250,25694.254
2026-02-18,13:45 - 14:00,24850,25013.316
2026-02-18,14:00 - 14:15,25100,24968.297
2026-02-18,14:15 - 14:30,25100,25028.19
2026-02-18,14:30 - 14:45,25050,24995.016
2026-02-18,14:45 - 15:00,24550,24857.502
2026-02-18,15:00 - 15:15,24550,24830.203
2026-02-18,15:15 - 15:30,24500,24704.574
2026-02-18,15:30 - 15:45,24400,24628.627
2026-02-18,15:45 - 16:00,24350,24696.693
2026-02-18,16:00 - 16:15,24350,24696.701
2026-02-18,16:15 - 16:30,24350,24503.1
2026-02-18,16:30 - 16:45,24400,24680.736
2026-02-18,16:45 - 17:00,24500,24737.18
2026-02-18,17:00 - 17:15,24750,25049.855
2026-02-18,17:15 - 17:30,24800,25105.66
2026-02-18,17:30 - 17:45,24800,25333.307
2026-02-18,17:45 - 18:00,24600,25018.47
2026-02-18,18:00 - 18:15,24600,25032.812
2026-02-18,18:15 - 18:30,24600,25036.13
2026-02-18,18:30 - 18:45,24600,25229.252
2026-02-18,18:45 - 19:00,24600,25101.22
2026-02-18,19:00 - 19:15,24600,25247.229
2026-02-18,19:15 - 19:30,24550,25316.08
2026-02-18,19:30 - 19:45,24500,25247.486
2026-02-18,19:45 - 20:00,24350,25037.71
2026-02-18,20:00 - 20:15,24200,24720.428
2026-02-18,20:15 - 20:30,24000,24594.16
2026-02-18,20:30 - 20:45,23750,24341.588
2026-02-18,20:45 - 21:00,23450,23944.074
2026-02-18,21:00 - 21:15,23100,23557.018
2026-02-18,21:15 - 21:30,22600,23169.307
2026-02-18,21:30 - 21:45,22150,22422.244
2026-02-18,21:45 - 22:00,21600,21824.316
2026-02-18,22:00 - 22:15,21500,21819.564
2026-02-18,22:15 - 22:30,21100,21613.35
2026-02-18,22:30 - 22:45,20800,21119.389
2026-02-18,22:45 - 23:00,20350,20983.582
2026-02-18,23:00 - 23:15,20000,20609.19
2026-02-18,23:15 - 23:30,19650,20276.729
2026-02-18,23:30 - 23:45,19300,19918.246
2026-02-18,23:45 - 24:00,19000,19520.69
2026-02-19,00:00 - 00:15,19050,19523.244
2026-02-19,00:15 - 00:30,18900,19387.42
2026-02-19,00:30 - 00:45,18750,18996.697
2026-02-19,00:45 - 01:00,18650,19074.518
2026-02-19,01:00 - 01:15,18550,18962.023
2026-02-19,01:15 - 01:30,18450,19147.463
2026-02-19,01:30 - 01:45,18350,18938.668
2026-02-19,01:45 - 02:00,18300,18713.088
2026-02-19,02:00 - 02:15,18250,18639.219
2026-02-19,02:15 - 02:30,18250,18473.814
2026-02-19,02:30 - 02:45,18250,18640.281
2026-02-19,02:45 - 03:00,18250,18763.406
2026-02-19,03:00 - 03:15,18250,18675.93
2026-02-19,03:15 - 03:30,18300,18442.316
2026-02-19,03:30 - 03:45,18300,18417.188
2026-02-19,03:45 - 04:00,18350,18759.97
2026-02-19,04:00 - 04:15,18450,18926.434
2026-02-19,04:15 - 04:30,18500,18850.373
2026-02-19,04:30 - 04:45,18650,18953.652
2026-02-19,04:45 - 05:00,18850,19109.217
2026-02-19,05:00 - 05:15,19150,19502.186
2026-02-19,05:15 - 05:30,19400,19925.414
2026-02-19,05:30 - 05:45,19750,20266.37
2026-02-19,05:45 - 06:00,20350,20931.344
2026-02-19,06:00 - 06:15,21450,21914.793
2026-02-19,06:15 - 06:30,22200,22605.516
2026-02-19,06:30 - 06:45,22600,23072.527
2026-02-19,06:45 - 07:00,23150,23649.201
2026-02-19,07:00 - 07:15,23750,24210.854
2026-02-19,07:15 - 07:30,24150,24433.871
2026-02-19,07:30 - 07:45,24400,24735.34
2026-02-19,07:45 - 08:00,24750,25202.355
2026-02-19,08:00 - 08:15,25250,25444.043
2026-02-19,08:15 - 08:30,25500,25559.852
2026-02-19,08:30 - 08:45,25950,25591.316
2026-02-19,08:45 - 09:00,26100,25694.29
2026-02-19,09:00 - 09:15,26100,25694.707
2026-02-19,09:15 - 09:30,25900,25721.818
2026-02-19,09:30 - 09:45,25650,25370.1
2026-02-19,09:45 - 10:00,25400,25178.922
2026-02-19,10:00 - 10:15,25300,25399.148
2026-02-19,10:15 - 10:30,25350,25623.178
2026-02-19,10:30 - 10:45,25300,25667.605
2026-02-19,10:45 - 11:00,25250,25062.037
2026-02-19,11:00 - 11:15,25150,24576.51
2026-02-19,11:15 - 11:30,25150,24817.404
2026-02-19,11:30 - 11:45,25150,24863.723
2026-02-19,11:45 - 12:00,25150,24466.223
2026-02-19,12:00 - 12:15,25150,24392.768
2026-02-19,12:15 - 12:30,25150,24129.475
2026-02-19,12:30 - 12:45,25150,24146.11
2026-02-19,12:45 - 13:00,25150,24082.523
2026-02-19,13:00 - 13:15,25250,24367.86
2026-02-19,13:15 - 13:30,25000,24310.4
2026-02-19,13:30 - 13:45,24700,24186.723
2026-02-19,13:45 - 14:00,24300,23657.613
2026-02-19,14:00 - 14:15,24400,23991.72
2026-02-19,14:15 - 14:30,24400,24074.404
2026-02-19,14:30 - 14:45,24350,24393.021
2026-02-19,14:45 - 15:00,24150,24035.803
2026-02-19,15:00 - 15:15,24150,24293.658
2026-02-19,15:15 - 15:30,24100,24299.527
2026-02-19,15:30 - 15:45,24000,24718.422
2026-02-19,15:45 - 16:00,23950,24416.281
2026-02-19,16:00 - 16:15,23950,24689.938
2026-02-19,16:15 - 16:30,24000,24623.68
2026-02-19,16:30 - 16:45,24100,24790.906
2026-02-19,16:45 - 17:00,24300,24771.426
2026-02-19,17:00 - 17:15,24550,25112.04
2026-02-19,17:15 - 17:30,24750,25291.838
2026-02-19,17:30 - 17:45,24800,25491.691
2026-02-19,17:45 - 18:00,24800,25221.54
2026-02-19,18:00 - 18:15,24800,25356.977
2026-02-19,18:15 - 18:30,24800,25361.988
2026-02-19,18:30 - 18:45,24800,25524.191
2026-02-19,18:45 - 19:00,24800,25548.254
2026-02-19,19:00 - 19:15,24800,25388.838
2026-02-19,19:15 - 19:30,24750,25420.94
2026-02-19,19:30 - 19:45,24700,25246.26
2026-02-19,19:45 - 20:00,24550,25310.684
2026-02-19,20:00 - 20:15,24400,24959.88
2026-02-19,20:15 - 20:30,24200,24676.412
2026-02-19,20:30 - 20:45,23950,24596.463
2026-02-19,20:45 - 21:00,23650,24146.137
2026-02-19,21:00 - 21:15,23250,23825.742
2026-02-19,21:15 - 21:30,22750,23555.912
2026-02-19,21:30 - 21:45,22150,22737.432
2026-02-19,21:45 - 22:00,21600,22221.889
2026-02-19,22:00 - 22:15,21500,22096.217
2026-02-19,22:15 - 22:30,21100,22025.918
2026-02-19,22:30 - 22:45,20800,21664.35
2026-02-19,22:45 - 23:00,20350,21175.69
2026-02-19,23:00 - 23:15,20000,20792.543
2026-02-19,23:15 - 23:30,19650,20551.826
2026-02-19,23:30 - 23:45,19300,20419.71
2026-02-19,23:45 - 24:00,19000,19900.654
2026-02-20,00:00 - 00:15,19350,19675.695
2026-02-20,00:15 - 00:30,19250,19427.492
2026-02-20,00:30 - 00:45,19100,19385.018
2026-02-20,00:45 - 01:00,19000,19022.672
2026-02-20,01:00 - 01:15,18900,19062.78
2026-02-20,01:15 - 01:30,18800,18837.123
2026-02-20,01:30 - 01:45,18750,18658.66
2026-02-20,01:45 - 02:00,18650,18828.705
2026-02-20,02:00 - 02:15,18550,18755.592
2026-02-20,02:15 - 02:30,18550,18624.71
2026-02-20,02:30 - 02:45,18550,18549.932
2026-02-20,02:45 - 03:00,18550,18770.625
2026-02-20,03:00 - 03:15,18550,18751.96
2026-02-20,03:15 - 03:30,18550,18821.17
2026-02-20,03:30 - 03:45,18600,18723.348
2026-02-20,03:45 - 04:00,18600,18955.9
2026-02-20,04:00 - 04:15,18800,19056.91
2026-02-20,04:15 - 04:30,18850,19076.344
2026-02-20,04:30 - 04:45,19050,19536.617
2026-02-20,04:45 - 05:00,19200,19408.725
2026-02-20,05:00 - 05:15,19400,20043.506
2026-02-20,05:15 - 05:30,19750,20369.332
2026-02-20,05:30 - 05:45,20150,20800.793
2026-02-20,05:45 - 06:00,20800,21248.625
2026-02-20,06:00 - 06:15,21600,22403.572
2026-02-20,06:15 - 06:30,22250,23103.055
2026-02-20,06:30 - 06:45,22700,23538.688
2026-02-20,06:45 - 07:00,23200,24040.242
2026-02-20,07:00 - 07:15,23750,24569.617
2026-02-20,07:15 - 07:30,24150,24880.98
2026-02-20,07:30 - 07:45,24350,25022.467
2026-02-20,07:45 - 08:00,24750,25431.676
2026-02-20,08:00 - 08:15,25150,25510.777
2026-02-20,08:15 - 08:30,25350,25526.148
2026-02-20,08:30 - 08:45,25650,25190.81
2026-02-20,08:45 - 09:00,25850,25059.322
2026-02-20,09:00 - 09:15,26100,24682.268
2026-02-20,09:15 - 09:30,26050,24636.717
2026-02-20,09:30 - 09:45,25850,24520.186
2026-02-20,09:45 - 10:00,25700,24184.08
2026-02-20,10:00 - 10:15,25550,23976.855
2026-02-20,10:15 - 10:30,25450,24516.232
2026-02-20,10:30 - 10:45,25350,24397.773
2026-02-20,10:45 - 11:00,25250,24366.94
2026-02-20,11:00 - 11:15,25150,24146.088
2026-02-20,11:15 - 11:30,25000,24184.23
2026-02-20,11:30 - 11:45,25000,24001.703
2026-02-20,11:45 - 12:00,25050,23872.223
2026-02-20,12:00 - 12:15,25050,24383.812
2026-02-20,12:15 - 12:30,25050,24245.408
2026-02-20,12:30 - 12:45,25100,24127.947
2026-02-20,12:45 - 13:00,25150,23988.99
2026-02-20,13:00 - 13:15,25250,23910.115
2026-02-20,13:15 - 13:30,25000,23931.283
2026-02-20,13:30 - 13:45,24700,23954.684
2026-02-20,13:45 - 14:00,24300,23520.01
2026-02-20,14:00 - 14:15,24400,24224.504
2026-02-20,14:15 - 14:30,24400,23954.943
2026-02-20,14:30 - 14:45,24350,24142.646
2026-02-20,14:45 - 15:00,24150,24281.793
2026-02-20,15:00 - 15:15,24150,23977.797
2026-02-20,15:15 - 15:30,24100,24305.117
2026-02-20,15:30 - 15:45,24000,24450.385
2026-02-20,15:45 - 16:00,23950,24087.357
2026-02-20,16:00 - 16:15,23950,24274.316
2026-02-20,16:15 - 16:30,24000,24308.25
2026-02-20,16:30 - 16:45,24100,24608.465
2026-02-20,16:45 - 17:00,24300,24180.127
2026-02-20,17:00 - 17:15,24550,24442.338
2026-02-20,17:15 - 17:30,25000,24569.936
2026-02-20,17:30 - 17:45,25100,24823.354
2026-02-20,17:45 - 18:00,24950,24667.898
2026-02-20,18:00 - 18:15,25000,24567.152
2026-02-20,18:15 - 18:30,25000,24657.607
2026-02-20,18:30 - 18:45,25000,24750.404
2026-02-20,18:45 - 19:00,25000,24573.162
2026-02-20,19:00 - 19:15,25000,24560.129
2026-02-20,19:15 - 19:30,25000,24548.408
2026-02-20,19:30 - 19:45,24950,24521.332
2026-02-20,19:45 - 20:00,24850,24263.742
2026-02-20,20:00 - 20:15,24600,23906.805
2026-02-20,20:15 - 20:30,24400,23736.084
2026-02-20,20:30 - 20:45,24200,23525.701
2026-02-20,20:45 - 21:00,23850,22983.893
2026-02-20,21:00 - 21:15,23350,22528.914
2026-02-20,21:15 - 21:30,22900,22129.35
2026-02-20,21:30 - 21:45,22450,21805.469
2026-02-20,21:45 - 22:00,21900,21099.605
2026-02-20,22:00 - 22:15,21750,21233.59
2026-02-20,22:15 - 22:30,21550,20920.584
2026-02-20,22:30 - 22:45,21050,20583.316
2026-02-20,22:45 - 23:00,20700,20141.686
2026-02-20,23:00 - 23:15,20350,19870.78
2026-02-20,23:15 - 23:30,20000,19712.104
2026-02-20,23:30 - 23:45,19650,19142.729
2026-02-20,23:45 - 24:00,19300,19065.254
2026-02-21,00:00 - 00:15,19200,18809.506
2026-02-21,00:15 - 00:30,19050,18560.707
2026-02-21,00:30 - 00:45,18850,18539.465
2026-02-21,00:45 - 01:00,18650,18416.414
2026-02-21,01:00 - 01:15,18500,18111.236
2026-02-21,01:15 - 01:30,18350,18131.578
2026-02-21,01:30 - 01:45,18250,17977.818
2026-02-21,01:45 - 02:00,18150,17780.07
2026-02-21,02:00 - 02:15,18100,17662.521
2026-02-21,02:15 - 02:30,18100,17687.895
2026-02-21,02:30 - 02:45,18100,17627.748
2026-02-21,02:45 - 03:00,18100,17779.932
2026-02-21,03:00 - 03:15,18100,17837.732
2026-02-21,03:15 - 03:30,18100,17738.678
2026-02-21,03:30 - 03:45,18100,17574.453
2026-02-21,03:45 - 04:00,18100,17721.93
2026-02-21,04:00 - 04:15,18100,17922.602
2026-02-21,04:15 - 04:30,18100,17807.32
2026-02-21,04:30 - 04:45,18100,18011.03
2026-02-21,04:45 - 05:00,18150,18083.275
2026-02-21,05:00 - 05:15,18300,18091.982
2026-02-21,05:15 - 05:30,18400,18099.496
2026-02-21,05:30 - 05:45,18450,18197.143
2026-02-21,05:45 - 06:00,18550,18218.875
2026-02-21,06:00 - 06:15,18950,18624.234
2026-02-21,06:15 - 06:30,19100,18701.371
2026-02-21,06:30 - 06:45,19300,18964.738
2026-02-21,06:45 - 07:00,19550,19120.121
2026-02-21,07:00 - 07:15,19800,19169.832
2026-02-21,07:15 - 07:30,20150,19592.967
2026-02-21,07:30 - 07:45,20450,19790.332
2026-02-21,07:45 - 08:00,20700,20102.533
2026-02-21,08:00 - 08:15,21050,20120.74
2026-02-21,08:15 - 08:30,21350,20802.191
2026-02-21,08:30 - 08:45,21600,20870.305
2026-02-21,08:45 - 09:00,21700,21440.248
2026-02-21,09:00 - 09:15,21750,21322.512
2026-02-21,09:15 - 09:30,21700,21377.857
2026-02-21,09:30 - 09:45,21650,21879.121
2026-02-21,09:45 - 10:00,21600,21196.857
2026-02-21,10:00 - 10:15,21600,21348.213
2026-02-21,10:15 - 10:30,21600,21420.54
2026-02-21,10:30 - 10:45,21600,21667.412
2026-02-21,10:45 - 11:00,21600,21788.229
2026-02-21,11:00 - 11:15,21600,22030.404
2026-02-21,11:15 - 11:30,21600,21727.51
2026-02-21,11:30 - 11:45,21600,21743.756
2026-02-21,11:45 - 12:00,21600,21178.322
2026-02-21,12:00 - 12:15,21600,21149.0
2026-02-21,12:15 - 12:30,21600,20997.97
2026-02-21,12:30 - 12:45,21600,21141.59
2026-02-21,12:45 - 13:00,21600,21225.408
2026-02-21,13:00 - 13:15,21600,21430.969
2026-02-21,13:15 - 13:30,21600,21598.377
2026-02-21,13:30 - 13:45,21600,21385.613
2026-02-21,13:45 - 14:00,21600,21048.135
2026-02-21,14:00 - 14:15,21600,21135.006
2026-02-21,14:15 - 14:30,21650,21188.447
2026-02-21,14:30 - 14:45,21650,20864.537
2026-02-21,14:45 - 15:00,21650,21081.613
2026-02-21,15:00 - 15:15,21600,21025.904
2026-02-21,15:15 - 15:30,21550,20763.049
2026-02-21,15:30 - 15:45,21450,20818.605
2026-02-21,15:45 - 16:00,21400,20722.318
2026-02-21,16:00 - 16:15,21350,20612.803
2026-02-21,16:15 - 16:30,21300,20585.21
2026-02-21,16:30 - 16:45,21300,20511.805
2026-02-21,16:45 - 17:00,21300,20731.838
2026-02-21,17:00 - 17:15,21400,20644.51
2026-02-21,17:15 - 17:30,21450,21115.365
2026-02-21,17:30 - 17:45,21450,21224.14
2026-02-21,17:45 - 18:00,21400,21278.314
2026-02-21,18:00 - 18:15,21400,21120.748
2026-02-21,18:15 - 18:30,21400,21041.844
2026-02-21,18:30 - 18:45,21400,21162.434
2026-02-21,18:45 - 19:00,21400,20898.379
2026-02-21,19:00 - 19:15,21350,20993.395
2026-02-21,19:15 - 19:30,21250,20807.203
2026-02-21,19:30 - 19:45,21200,20856.043
2026-02-21,19:45 - 20:00,21100,20501.432
2026-02-21,20:00 - 20:15,20900,20398.855
2026-02-21,20:15 - 20:30,20600,20150.457
2026-02-21,20:30 - 20:45,20350,19965.672
2026-02-21,20:45 - 21:00,20100,19833.951
2026-02-21,21:00 - 21:15,19850,19340.98
2026-02-21,21:15 - 21:30,19600,19161.828
2026-02-21,21:30 - 21:45,19350,18763.312
2026-02-21,21:45 - 22:00,19150,18463.488
2026-02-21,22:00 - 22:15,18900,18464.031
2026-02-21,22:15 - 22:30,18650,18003.387
2026-02-21,22:30 - 22:45,18400,17779.73
2026-02-21,22:45 - 23:00,18050,17383.01
2026-02-21,23:00 - 23:15,17750,17131.748
2026-02-21,23:15 - 23:30,17450,16860.16
2026-02-21,23:30 - 23:45,17150,16379.961
2026-02-21,23:45 - 24:00,16800,16364.54
2026-02-22,00:00 - 00:15,16350,16345.735
2026-02-22,00:15 - 00:30,16150,15976.319
2026-02-22,00:30 - 00:45,16000,15795.797
2026-02-22,00:45 - 01:00,15850,15576.389
2026-02-22,01:00 - 01:15,15700,15596.419
2026-02-22,01:15 - 01:30,15600,15385.998
2026-02-22,01:30 - 01:45,15500,15211.643
2026-02-22,01:45 - 02:00,15400,15296.956
2026-02-22,02:00 - 02:15,15300,15170.434
2026-02-22,02:15 - 02:30,15250,15085.807
2026-02-22,02:30 - 02:45,15250,15099.756
2026-02-22,02:45 - 03:00,15250,14983.79
2026-02-22,03:00 - 03:15,15250,14816.853
2026-02-22,03:15 - 03:30,15250,14729.378
2026-02-22,03:30 - 03:45,15250,14741.274
2026-02-22,03:45 - 04:00,15250,14676.08
2026-02-22,04:00 - 04:15,15250,14738.654
2026-02-22,04:15 - 04:30,15250,14735.662
2026-02-22,04:30 - 04:45,15250,14817.239
2026-02-22,04:45 - 05:00,15250,14855.833
2026-02-22,05:00 - 05:15,15250,14997.245
2026-02-22,05:15 - 05:30,15250,14944.954
2026-02-22,05:30 - 05:45,15250,14990.006
2026-02-22,05:45 - 06:00,15300,15189.885
2026-02-22,06:00 - 06:15,15400,15459.439
2026-02-22,06:15 - 06:30,15500,15307.528
2026-02-22,06:30 - 06:45,15600,15443.467
2026-02-22,06:45 - 07:00,15750,15561.676
2026-02-22,07:00 - 07:15,15950,15838.403
2026-02-22,07:15 - 07:30,16150,15994.371
2026-02-22,07:30 - 07:45,16400,16246.802
2026-02-22,07:45 - 08:00,16750,16556.902
2026-02-22,08:00 - 08:15,17050,16933.553
2026-02-22,08:15 - 08:30,17350,17173.832
2026-02-22,08:30 - 08:45,17600,17367.89
2026-02-22,08:45 - 09:00,17850,17677.95
2026-02-22,09:00 - 09:15,18150,17881.562
2026-02-22,09:15 - 09:30,18400,18086.385
2026-02-22,09:30 - 09:45,18650,18157.3
2026-02-22,09:45 - 10:00,18900,18267.564
2026-02-22,10:00 - 10:15,19050,18250.123
2026-02-22,10:15 - 10:30,19200,18559.576
2026-02-22,10:30 - 10:45,19300,18509.082
2026-02-22,10:45 - 11:00,19400,18447.42
2026-02-22,11:00 - 11:15,19500,18851.162
2026-02-22,11:15 - 11:30,19600,18973.098
2026-02-22,11:30 - 11:45,19700,19158.635
2026-02-22,11:45 - 12:00,19800,19076.447
2026-02-22,12:00 - 12:15,19800,19295.398
2026-02-22,12:15 - 12:30,19800,19199.414
2026-02-22,12:30 - 12:45,19800,19264.576
2026-02-22,12:45 - 13:00,19800,19292.96
2026-02-22,13:00 - 13:15,19800,19432.39
2026-02-22,13:15 - 13:30,19800,19652.033
2026-02-22,13:30 - 13:45,19800,19550.54
2026-02-22,13:45 - 14:00,19750,19464.65
2026-02-22,14:00 - 14:15,19700,19356.004
2026-02-22,14:15 - 14:30,19650,19464.848
2026-02-22,14:30 - 14:45,19600,19364.182
2026-02-22,14:45 - 15:00,19450,18833.537
2026-02-22,15:00 - 15:15,19300,18934.871
2026-02-22,15:15 - 15:30,19200,18893.932
2026-02-22,15:30 - 15:45,19050,18913.21
2026-02-22,15:45 - 16:00,19050,18636.012
2026-02-22,16:00 - 16:15,19050,18882.545
2026-02-22,16:15 - 16:30,19050,18692.523
2026-02-22,16:30 - 16:45,19050,18695.062
2026-02-22,16:45 - 17:00,19100,18811.29
2026-02-22,17:00 - 17:15,19250,19130.285
2026-02-22,17:15 - 17:30,19550,19179.865
2026-02-22,17:30 - 17:45,19650,19435.105
2026-02-22,17:45 - 18:00,19650,19524.537
2026-02-22,18:00 - 18:15,19650,19634.113
2026-02-22,18:15 - 18:30,19650,19684.172
2026-02-22,18:30 - 18:45,19650,19589.5
2026-02-22,18:45 - 19:00,19650,19627.3
2026-02-22,19:00 - 19:15,19650,19784.973
2026-02-22,19:15 - 19:30,19650,19685.936
2026-02-22,19:30 - 19:45,19650,19642.373
2026-02-22,19:45 - 20:00,19650,19599.043
2026-02-22,20:00 - 20:15,19550,19487.416
2026-02-22,20:15 - 20:30,19350,19388.82
2026-02-22,20:30 - 20:45,19150,19043.121
2026-02-22,20:45 - 21:00,18900,18625.48
2026-02-22,21:00 - 21:15,18650,18567.58
2026-02-22,21:15 - 21:30,18350,18348.006
2026-02-22,21:30 - 21:45,18150,18067.482
2026-02-22,21:45 - 22:00,17950,17887.723
2026-02-22,22:00 - 22:15,17700,17687.148
2026-02-22,22:15 - 22:30,17450,17473.613
2026-02-22,22:30 - 22:45,17200,17250.766
2026-02-22,22:45 - 23:00,16900,17010.56
2026-02-22,23:00 - 23:15,16650,16711.121
2026-02-22,23:15 - 23:30,16450,16298.023
2026-02-22,23:30 - 23:45,16200,16114.906
2026-02-22,23:45 - 24:00,15950,16026.971
2026-02-23,00:00 - 00:15,15550,15976.046
2026-02-23,00:15 - 00:30,15450,15716.784
2026-02-23,00:30 - 00:45,15350,15812.441
2026-02-23,00:45 - 01:00,15250,15326.236
2026-02-23,01:00 - 01:15,15150,15420.668
2026-02-23,01:15 - 01:30,15100,15151.793
2026-02-23,01:30 - 01:45,15050,15170.398
2026-02-23,01:45 - 02:00,15000,14927.232
2026-02-23,02:00 - 02:15,15000,14870.361
2026-02-23,02:15 - 02:30,15000,14941.127
2026-02-23,02:30 - 02:45,15000,14816.533
2026-02-23,02:45 - 03:00,15000,14745.724
2026-02-23,03:00 - 03:15,15000,14923.346
2026-02-23,03:15 - 03:30,15000,14846.274
2026-02-23,03:30 - 03:45,15050,14688.334
2026-02-23,03:45 - 04:00,15100,14941.542
2026-02-23,04:00 - 04:15,15200,15056.81
2026-02-23,04:15 - 04:30,15350,15088.629
2026-02-23,04:30 - 04:45,15600,15371.533
2026-02-23,04:45 - 05:00,15850,15490.327
2026-02-23,05:00 - 05:15,16150,15816.117
2026-02-23,05:15 - 05:30,16550,16164.449
2026-02-23,05:30 - 05:45,17100,16560.027
2026-02-23,05:45 - 06:00,17700,17444.83
2026-02-23,06:00 - 06:15,18750,18391.783
2026-02-23,06:15 - 06:30,19350,18920.746
2026-02-23,06:30 - 06:45,19900,19585.422
2026-02-23,06:45 - 07:00,20600,20066.89
2026-02-23,07:00 - 07:15,21100,20545.8
2026-02-23,07:15 - 07:30,21450,20976.74
2026-02-23,07:30 - 07:45,21850,21185.227
2026-02-23,07:45 - 08:00,22200,21697.055
2026-02-23,08:00 - 08:15,22500,22017.094
2026-02-23,08:15 - 08:30,22800,22167.62
2026-02-23,08:30 - 08:45,23000,22330.523
2026-02-23,08:45 - 09:00,23150,22472.95
2026-02-23,09:00 - 09:15,23300,22474.07
2026-02-23,09:15 - 09:30,23300,22522.312
2026-02-23,09:30 - 09:45,23200,22589.262
2026-02-23,09:45 - 10:00,23000,22132.902
2026-02-23,10:00 - 10:15,22800,21921.375
2026-02-23,10:15 - 10:30,22850,22295.344
2026-02-23,10:30 - 10:45,22950,22420.107
2026-02-23,10:45 - 11:00,23000,22568.754
2026-02-23,11:00 - 11:15,23000,22945.35
2026-02-23,11:15 - 11:30,23000,22250.266
2026-02-23,11:30 - 11:45,23000,22284.031
2026-02-23,11:45 - 12:00,23000,21989.297
2026-02-23,12:00 - 12:15,23000,22193.998
2026-02-23,12:15 - 12:30,23000,21893.71
2026-02-23,12:30 - 12:45,23000,22066.502
2026-02-23,12:45 - 13:00,23150,22171.586
2026-02-23,13:00 - 13:15,23250,22830.17
2026-02-23,13:15 - 13:30,23250,22529.836
2026-02-23,13:30 - 13:45,22950,22119.951
2026-02-23,13:45 - 14:00,22350,21964.46
2026-02-23,14:00 - 14:15,22550,21783.252
2026-02-23,14:15 - 14:30,22700,22057.58
2026-02-23,14:30 - 14:45,22700,21887.805
2026-02-23,14:45 - 15:00,22550,21855.012
2026-02-23,15:00 - 15:15,22400,22154.951
2026-02-23,15:15 - 15:30,22400,22345.379
2026-02-23,15:30 - 15:45,22400,22165.494
2026-02-23,15:45 - 16:00,22400,22027.727
2026-02-23,16:00 - 16:15,22400,22271.656
2026-02-23,16:15 - 16:30,22450,22425.475
2026-02-23,16:30 - 16:45,22500,22450.328
2026-02-23,16:45 - 17:00,22700,22426.283
2026-02-23,17:00 - 17:15,22900,22595.137
2026-02-23,17:15 - 17:30,23050,22867.525
2026-02-23,17:30 - 17:45,23200,22879.492
2026-02-23,17:45 - 18:00,23100,22629.889
2026-02-23,18:00 - 18:15,23100,22738.52
2026-02-23,18:15 - 18:30,23100,22792.078
2026-02-23,18:30 - 18:45,23100,22923.002
2026-02-23,18:45 - 19:00,23050,22783.281
2026-02-23,19:00 - 19:15,23050,22785.705
2026-02-23,19:15 - 19:30,23050,22930.457
2026-02-23,19:30 - 19:45,23050,22829.041
2026-02-23,19:45 - 20:00,22900,22629.863
2026-02-23,20:00 - 20:15,22750,22640.785
2026-02-23,20:15 - 20:30,22550,22495.19
2026-02-23,20:30 - 20:45,22250,22145.445
2026-02-23,20:45 - 21:00,21900,21752.674
2026-02-23,21:00 - 21:15,21550,21357.174
2026-02-23,21:15 - 21:30,21050,20904.895
2026-02-23,21:30 - 21:45,20500,20460.668
2026-02-23,21:45 - 22:00,19900,19916.719
2026-02-23,22:00 - 22:15,19750,19715.156
2026-02-23,22:15 - 22:30,19500,19473.055
2026-02-23,22:30 - 22:45,19200,19013.773
2026-02-23,22:45 - 23:00,18850,18668.914
2026-02-23,23:00 - 23:15,18550,18207.508
2026-02-23,23:15 - 23:30,18200,17949.822
2026-02-23,23:30 - 23:45,17850,17710.43
2026-02-23,23:45 - 24:00,17550,17291.479
2026-02-24,00:00 - 00:15,17300,17286.12
2026-02-24,00:15 - 00:30,17150,16965.95
2026-02-24,00:30 - 00:45,17000,16861.748
2026-02-24,00:45 - 01:00,16850,16799.328
2026-02-24,01:00 - 01:15,16700,16694.576
2026-02-24,01:15 - 01:30,16600,16485.186
2026-02-24,01:30 - 01:45,16500,16404.03
2026-02-24,01:45 - 02:00,16450,16349.681
2026-02-24,02:00 - 02:15,16450,16125.843
2026-02-24,02:15 - 02:30,16450,16322.22
2026-02-24,02:30 - 02:45,16450,16234.23
2026-02-24,02:45 - 03:00,16450,16327.22
2026-02-24,03:00 - 03:15,16450,16242.736
2026-02-24,03:15 - 03:30,16450,16104.791
2026-02-24,03:30 - 03:45,16450,16247.708
2026-02-24,03:45 - 04:00,16500,16174.084
2026-02-24,04:00 - 04:15,16600,16590.07
2026-02-24,04:15 - 04:30,16700,16466.137
2026-02-24,04:30 - 04:45,16850,16649.89
2026-02-24,04:45 - 05:00,17050,16946.486
2026-02-24,05:00 - 05:15,17450,17228.576
2026-02-24,05:15 - 05:30,17650,17533.68
2026-02-24,05:30 - 05:45,18000,17774.531
2026-02-24,05:45 - 06:00,18600,18298.754
2026-02-24,06:00 - 06:15,19400,19696.318
2026-02-24,06:15 - 06:30,20050,20187.342
2026-02-24,06:30 - 06:45,20450,20568.582
2026-02-24,06:45 - 07:00,20900,21076.146
2026-02-24,07:00 - 07:15,21350,21603.215
2026-02-24,07:15 - 07:30,21650,21835.512
2026-02-24,07:30 - 07:45,21900,22040.45
2026-02-24,07:45 - 08:00,22100,22316.354
2026-02-24,08:00 - 08:15,22300,22447.229
2026-02-24,08:15 - 08:30,22500,22940.184
2026-02-24,08:30 - 08:45,22600,22848.568
2026-02-24,08:45 - 09:00,22600,22921.607
2026-02-24,09:00 - 09:15,22600,22874.525
2026-02-24,09:15 - 09:30,22600,23007.967
2026-02-24,09:30 - 09:45,22450,22801.066
2026-02-24,09:45 - 10:00,22400,22693.156
2026-02-24,10:00 - 10:15,22400,22286.799
2026-02-24,10:15 - 10:30,22550,22508.764
2026-02-24,10:30 - 10:45,22700,22821.938
2026-02-24,10:45 - 11:00,22800,22740.846
2026-02-24,11:00 - 11:15,22900,22948.88
2026-02-24,11:15 - 11:30,22950,22764.064
2026-02-24,11:30 - 11:45,22950,22826.629
2026-02-24,11:45 - 12:00,22950,22684.422
2026-02-24,12:00 - 12:15,22950,22659.084
2026-02-24,12:15 - 12:30,22950,23098.014
2026-02-24,12:30 - 12:45,22950,23226.676
2026-02-24,12:45 - 13:00,23000,23010.896
2026-02-24,13:00 - 13:15,23150,23235.81
2026-02-24,13:15 - 13:30,23100,23162.654
2026-02-24,13:30 - 13:45,22750,22900.82
2026-02-24,13:45 - 14:00,22350,22456.465
2026-02-24,14:00 - 14:15,22500,22670.568
2026-02-24,14:15 - 14:30,22600,23021.307
2026-02-24,14:30 - 14:45,22600,23010.213
2026-02-24,14:45 - 15:00,22500,23163.246
2026-02-24,15:00 - 15:15,22500,22760.457
2026-02-24,15:15 - 15:30,22550,22815.918
2026-02-24,15:30 - 15:45,22550,23017.283
2026-02-24,15:45 - 16:00,22550,22770.773
2026-02-24,16:00 - 16:15,22550,22800.545
2026-02-24,16:15 - 16:30,22600,22918.65
2026-02-24,16:30 - 16:45,22650,22910.693
2026-02-24,16:45 - 17:00,22700,23003.547
2026-02-24,17:00 - 17:15,22750,23253.27
2026-02-24,17:15 - 17:30,22900,23407.156
2026-02-24,17:30 - 17:45,23050,23664.502
2026-02-24,17:45 - 18:00,23050,23415.666
2026-02-24,18:00 - 18:15,23000,23427.32
2026-02-24,18:15 - 18:30,23000,23488.232
2026-02-24,18:30 - 18:45,23000,23745.738
2026-02-24,18:45 - 19:00,23000,23537.092
2026-02-24,19:00 - 19:15,23000,23377.29
2026-02-24,19:15 - 19:30,23000,23250.943
2026-02-24,19:30 - 19:45,22950,23265.4
2026-02-24,19:45 - 20:00,22850,23114.83
2026-02-24,20:00 - 20:15,22650,23088.336
2026-02-24,20:15 - 20:30,22400,22772.229
2026-02-24,20:30 - 20:45,22150,22591.342
2026-02-24,20:45 - 21:00,21850,22245.902
2026-02-24,21:00 - 21:15,21500,21788.012
2026-02-24,21:15 - 21:30,21150,21436.436
2026-02-24,21:30 - 21:45,20550,20716.217
2026-02-24,21:45 - 22:00,19850,20178.191
2026-02-24,22:00 - 22:15,19800,20117.838
2026-02-24,22:15 - 22:30,19600,19757.643
2026-02-24,22:30 - 22:45,19300,19551.467
2026-02-24,22:45 - 23:00,18950,19125.537
2026-02-24,23:00 - 23:15,18600,18876.848
2026-02-24,23:15 - 23:30,18250,18521.777
2026-02-24,23:30 - 23:45,17900,18144.414
2026-02-24,23:45 - 24:00,17550,17898.342
2026-02-25,00:00 - 00:15,17350,17708.783
2026-02-25,00:15 - 00:30,17200,17402.857
2026-02-25,00:30 - 00:45,17050,17262.121
2026-02-25,00:45 - 01:00,16900,17127.086
2026-02-25,01:00 - 01:15,16750,17136.58
2026-02-25,01:15 - 01:30,16650,17055.748
2026-02-25,01:30 - 01:45,16550,16897.156
2026-02-25,01:45 - 02:00,16550,16675.207
2026-02-25,02:00 - 02:15,16550,16662.5
2026-02-25,02:15 - 02:30,16550,16561.373
2026-02-25,02:30 - 02:45,16550,16634.05
2026-02-25,02:45 - 03:00,16550,16456.848
2026-02-25,03:00 - 03:15,16550,16598.6
2026-02-25,03:15 - 03:30,16550,16725.875
2026-02-25,03:30 - 03:45,16550,16665.291
2026-02-25,03:45 - 04:00,16650,16758.598
2026-02-25,04:00 - 04:15,16750,16929.031
2026-02-25,04:15 - 04:30,16850,17179.352
2026-02-25,04:30 - 04:45,17000,17339.42
2026-02-25,04:45 - 05:00,17200,17376.307
2026-02-25,05:00 - 05:15,17550,17735.691
2026-02-25,05:15 - 05:30,17850,17815.047
2026-02-25,05:30 - 05:45,18150,18357.002
2026-02-25,05:45 - 06:00,18600,18908.102
2026-02-25,06:00 - 06:15,19450,19991.783
2026-02-25,06:15 - 06:30,20050,20446.07
2026-02-25,06:30 - 06:45,20450,20891.72
2026-02-25,06:45 - 07:00,20900,21580.969
2026-02-25,07:00 - 07:15,21300,22041.264
2026-02-25,07:15 - 07:30,21600,22524.86
2026-02-25,07:30 - 07:45,21850,22567.746
2026-02-25,07:45 - 08:00,22100,22876.24
2026-02-25,08:00 - 08:15,22500,23334.494
2026-02-25,08:15 - 08:30,22700,23361.725
2026-02-25,08:30 - 08:45,22800,23613.277
2026-02-25,08:45 - 09:00,22900,23290.38
2026-02-25,09:00 - 09:15,22900,23173.38
2026-02-25,09:15 - 09:30,22900,23079.049
2026-02-25,09:30 - 09:45,22850,22814.887
2026-02-25,09:45 - 10:00,22550,22351.014
2026-02-25,10:00 - 10:15,22350,22053.523
2026-02-25,10:15 - 10:30,22350,22955.316
2026-02-25,10:30 - 10:45,22400,23118.69
2026-02-25,10:45 - 11:00,22400,23015.926
2026-02-25,11:00 - 11:15,22400,22756.559
2026-02-25,11:15 - 11:30,22400,23195.68
2026-02-25,11:30 - 11:45,22400,22951.21
2026-02-25,11:45 - 12:00,22400,22833.06
2026-02-25,12:00 - 12:15,22400,22952.74
2026-02-25,12:15 - 12:30,22400,22937.998
2026-02-25,12:30 - 12:45,22400,22853.457
2026-02-25,12:45 - 13:00,22400,22612.018
2026-02-25,13:00 - 13:15,22500,22872.484
2026-02-25,13:15 - 13:30,22450,23075.508
2026-02-25,13:30 - 13:45,22200,22578.553
2026-02-25,13:45 - 14:00,21750,22204.436
2026-02-25,14:00 - 14:15,21950,22607.268
2026-02-25,14:15 - 14:30,22050,22566.535
2026-02-25,14:30 - 14:45,22050,22844.2
2026-02-25,14:45 - 15:00,22050,22437.885
2026-02-25,15:00 - 15:15,22000,22702.145
2026-02-25,15:15 - 15:30,22000,22856.355
2026-02-25,15:30 - 15:45,22000,23124.35
2026-02-25,15:45 - 16:00,22000,22833.912
2026-02-25,16:00 - 16:15,22000,23095.814
2026-02-25,16:15 - 16:30,22050,23247.479
2026-02-25,16:30 - 16:45,22150,23419.297
2026-02-25,16:45 - 17:00,22200,23524.809
2026-02-25,17:00 - 17:15,22500,23607.719
2026-02-25,17:15 - 17:30,22800,23706.123
2026-02-25,17:30 - 17:45,22950,24089.342
2026-02-25,17:45 - 18:00,22950,23848.998
2026-02-25,18:00 - 18:15,22950,24050.326
2026-02-25,18:15 - 18:30,22950,24091.012
2026-02-25,18:30 - 18:45,22950,24140.656
2026-02-25,18:45 - 19:00,22950,24080.145
2026-02-25,19:00 - 19:15,22950,24154.068
2026-02-25,19:15 - 19:30,22950,24120.352
2026-02-25,19:30 - 19:45,22900,24010.05
2026-02-25,19:45 - 20:00,22800,23879.725
2026-02-25,20:00 - 20:15,22600,23758.633
2026-02-25,20:15 - 20:30,22350,23337.97
2026-02-25,20:30 - 20:45,22100,23197.86
2026-02-25,20:45 - 21:00,21800,22773.322
2026-02-25,21:00 - 21:15,21450,22182.748
2026-02-25,21:15 - 21:30,21100,21892.855
2026-02-25,21:30 - 21:45,20500,21285.695
2026-02-25,21:45 - 22:00,19800,20566.342
2026-02-25,22:00 - 22:15,19750,20431.893
2026-02-25,22:15 - 22:30,19550,20280.828
2026-02-25,22:30 - 22:45,19150,19809.09
2026-02-25,22:45 - 23:00,18800,19379.861
2026-02-25,23:00 - 23:15,18450,19109.832
2026-02-25,23:15 - 23:30,18100,18829.178
2026-02-25,23:30 - 23:45,17750,18402.562
2026-02-25,23:45 - 24:00,17400,17993.996
2026-02-26,00:00 - 00:15,17650,17943.814
2026-02-26,00:15 - 00:30,17500,17479.44
2026-02-26,00:30 - 00:45,17350,17480.027
2026-02-26,00:45 - 01:00,17200,17228.861
2026-02-26,01:00 - 01:15,17100,17191.838
2026-02-26,01:15 - 01:30,17000,16964.268
2026-02-26,01:30 - 01:45,16950,16889.232
2026-02-26,01:45 - 02:00,16950,16768.9
2026-02-26,02:00 - 02:15,16950,16792.096
2026-02-26,02:15 - 02:30,16950,16887.07
2026-02-26,02:30 - 02:45,16950,16838.914
2026-02-26,02:45 - 03:00,16950,16940.314
2026-02-26,03:00 - 03:15,16950,16859.676
2026-02-26,03:15 - 03:30,16950,16915.074
2026-02-26,03:30 - 03:45,16950,16833.998
2026-02-26,03:45 - 04:00,17050,16966.145
2026-02-26,04:00 - 04:15,17150,17040.924
2026-02-26,04:15 - 04:30,17300,17163.799
2026-02-26,04:30 - 04:45,17450,17305.451
2026-02-26,04:45 - 05:00,17650,17494.857
2026-02-26,05:00 - 05:15,18000,17804.871
2026-02-26,05:15 - 05:30,18250,17970.273
2026-02-26,05:30 - 05:45,18550,18602.127
2026-02-26,05:45 - 06:00,19100,19038.902
2026-02-26,06:00 - 06:15,19950,20094.404
2026-02-26,06:15 - 06:30,20300,20516.334
2026-02-26,06:30 - 06:45,20550,21089.764
2026-02-26,06:45 - 07:00,20950,21335.12
2026-02-26,07:00 - 07:15,21350,21951.156
2026-02-26,07:15 - 07:30,21650,22029.254
2026-02-26,07:30 - 07:45,21900,21927.33
2026-02-26,07:45 - 08:00,22100,21971.824
2026-02-26,08:00 - 08:15,22300,21975.023
2026-02-26,08:15 - 08:30,22400,22110.133
2026-02-26,08:30 - 08:45,22500,21730.262
2026-02-26,08:45 - 09:00,22500,21567.842
2026-02-26,09:00 - 09:15,22500,21651.197
2026-02-26,09:15 - 09:30,22500,21497.838
2026-02-26,09:30 - 09:45,22400,21107.629
2026-02-26,09:45 - 10:00,22300,20698.332
2026-02-26,10:00 - 10:15,22100,20690.816
2026-02-26,10:15 - 10:30,21900,20735.3
2026-02-26,10:30 - 10:45,21800,20693.27
2026-02-26,10:45 - 11:00,21750,20542.408
2026-02-26,11:00 - 11:15,21700,20532.69
2026-02-26,11:15 - 11:30,21700,20614.893
2026-02-26,11:30 - 11:45,21700,20574.172
2026-02-26,11:45 - 12:00,21700,20501.744
2026-02-26,12:00 - 12:15,21700,20615.143
2026-02-26,12:15 - 12:30,21700,20541.928
2026-02-26,12:30 - 12:45,21700,20419.777
2026-02-26,12:45 - 13:00,21750,20478.635
2026-02-26,13:00 - 13:15,21900,20698.154
2026-02-26,13:15 - 13:30,21850,20593.941
2026-02-26,13:30 - 13:45,21600,20310.934
2026-02-26,13:45 - 14:00,21200,20140.521
2026-02-26,14:00 - 14:15,21350,20276.37
2026-02-26,14:15 - 14:30,21450,20452.785
2026-02-26,14:30 - 14:45,21450,20782.098
2026-02-26,14:45 - 15:00,21450,20779.838
2026-02-26,15:00 - 15:15,21450,21117.525
2026-02-26,15:15 - 15:30,21500,21240.979
2026-02-26,15:30 - 15:45,21500,21519.588
2026-02-26,15:45 - 16:00,21500,21662.066
2026-02-26,16:00 - 16:15,21500,21454.88
2026-02-26,16:15 - 16:30,21550,21536.152
2026-02-26,16:30 - 16:45,21600,21844.117
2026-02-26,16:45 - 17:00,21650,21889.428
2026-02-26,17:00 - 17:15,21700,22062.318
2026-02-26,17:15 - 17:30,21950,22160.156
2026-02-26,17:30 - 17:45,22300,22415.627
2026-02-26,17:45 - 18:00,22500,22235.406
2026-02-26,18:00 - 18:15,22550,22352.684
2026-02-26,18:15 - 18:30,22550,22526.803
2026-02-26,18:30 - 18:45,22550,22914.89
2026-02-26,18:45 - 19:00,22550,22774.578
2026-02-26,19:00 - 19:15,22550,22942.768
2026-02-26,19:15 - 19:30,22550,22808.723
2026-02-26,19:30 - 19:45,22500,22700.438
2026-02-26,19:45 - 20:00,22400,22484.89
2026-02-26,20:00 - 20:15,22200,22356.607
2026-02-26,20:15 - 20:30,21950,22171.35
2026-02-26,20:30 - 20:45,21700,21860.398
2026-02-26,20:45 - 21:00,21400,21692.95
2026-02-26,21:00 - 21:15,21050,21381.34
2026-02-26,21:15 - 21:30,20700,20748.727
2026-02-26,21:30 - 21:45,20100,20213.904
2026-02-26,21:45 - 22:00,19400,19642.81
2026-02-26,22:00 - 22:15,19350,19375.996
2026-02-26,22:15 - 22:30,19150,19376.006
2026-02-26,22:30 - 22:45,18850,19094.4
2026-02-26,22:45 - 23:00,18500,18561.686
2026-02-26,23:00 - 23:15,18150,18283.756
2026-02-26,23:15 - 23:30,17800,17921.777
2026-02-26,23:30 - 23:45,17450,17646.701
2026-02-26,23:45 - 24:00,17100,17203.9
2026-02-27,00:00 - 00:15,17150,17162.512
2026-02-27,00:15 - 00:30,17050,17045.748
2026-02-27,00:30 - 00:45,16900,16750.986
2026-02-27,00:45 - 01:00,16800,16690.045
2026-02-27,01:00 - 01:15,16700,16663.178
2026-02-27,01:15 - 01:30,16650,16661.086
2026-02-27,01:30 - 01:45,16600,16494.182
2026-02-27,01:45 - 02:00,16600,16369.621
2026-02-27,02:00 - 02:15,16600,16331.495
2026-02-27,02:15 - 02:30,16600,16453.645
2026-02-27,02:30 - 02:45,16600,16311.374
2026-02-27,02:45 - 03:00,16600,16370.917
2026-02-27,03:00 - 03:15,16650,16433.127
2026-02-27,03:15 - 03:30,16650,16455.389
2026-02-27,03:30 - 03:45,16750,16400.432
2026-02-27,03:45 - 04:00,16850,16414.947
2026-02-27,04:00 - 04:15,17000,16707.568
2026-02-27,04:15 - 04:30,17150,16920.854
2026-02-27,04:30 - 04:45,17300,16854.908
2026-02-27,04:45 - 05:00,17500,17147.049
2026-02-27,05:00 - 05:15,17850,17486.031
2026-02-27,05:15 - 05:30,18100,17553.44
2026-02-27,05:30 - 05:45,18550,18037.4
2026-02-27,05:45 - 06:00,19100,18600.73
2026-02-27,06:00 - 06:15,20150,19677.074
2026-02-27,06:15 - 06:30,20700,20057.08
2026-02-27,06:30 - 06:45,21150,20497.977
2026-02-27,06:45 - 07:00,21800,20729.045
2026-02-27,07:00 - 07:15,22200,21131.375
2026-02-27,07:15 - 07:30,22500,21226.09
2026-02-27,07:30 - 07:45,22750,21144.656
2026-02-27,07:45 - 08:00,22950,21301.48
2026-02-27,08:00 - 08:15,23150,20995.47
2026-02-27,08:15 - 08:30,23250,21211.125
2026-02-27,08:30 - 08:45,23300,21035.463
2026-02-27,08:45 - 09:00,23300,20929.307
2026-02-27,09:00 - 09:15,23100,21054.246
2026-02-27,09:15 - 09:30,22950,21258.047
2026-02-27,09:30 - 09:45,22750,20857.441
2026-02-27,09:45 - 10:00,22650,20708.895
2026-02-27,10:00 - 10:15,22450,20195.543
2026-02-27,10:15 - 10:30,22250,20419.693
2026-02-27,10:30 - 10:45,22150,20377.064
2026-02-27,10:45 - 11:00,22150,20085.428
2026-02-27,11:00 - 11:15,22150,20120.703
2026-02-27,11:15 - 11:30,22150,20111.17
2026-02-27,11:30 - 11:45,22150,19949.707
2026-02-27,11:45 - 12:00,22150,20176.729
2026-02-27,12:00 - 12:15,22150,20119.31
2026-02-27,12:15 - 12:30,22150,20120.252
2026-02-27,12:30 - 12:45,22150,20094.674
2026-02-27,12:45 - 13:00,22200,20216.533
2026-02-27,13:00 - 13:15,22350,20441.723
2026-02-27,13:15 - 13:30,22300,20425.453
2026-02-27,13:30 - 13:45,22050,20178.773
2026-02-27,13:45 - 14:00,21650,19807.322
2026-02-27,14:00 - 14:15,21800,20057.65
2026-02-27,14:15 - 14:30,21900,20153.578
2026-02-27,14:30 - 14:45,21900,20335.797
2026-02-27,14:45 - 15:00,21900,20470.895
2026-02-27,15:00 - 15:15,21900,20663.889
2026-02-27,15:15 - 15:30,21900,20687.734
2026-02-27,15:30 - 15:45,21900,21009.262
2026-02-27,15:45 - 16:00,21900,20804.002
2026-02-27,16:00 - 16:15,21900,21071.54
2026-02-27,16:15 - 16:30,21900,21136.469
2026-02-27,16:30 - 16:45,21900,21257.592
2026-02-27,16:45 - 17:00,21950,21275.186
2026-02-27,17:00 - 17:15,22100,21394.287
2026-02-27,17:15 - 17:30,22350,21607.893
2026-02-27,17:30 - 17:45,22800,21809.078
2026-02-27,17:45 - 18:00,23000,21766.525
2026-02-27,18:00 - 18:15,23050,21788.486
2026-02-27,18:15 - 18:30,23050,21891.807
2026-02-27,18:30 - 18:45,23050,22033.186
2026-02-27,18:45 - 19:00,23050,21744.133
2026-02-27,19:00 - 19:15,23050,21897.39
2026-02-27,19:15 - 19:30,23050,21815.379
2026-02-27,19:30 - 19:45,23000,21732.627
2026-02-27,19:45 - 20:00,22900,21526.98
2026-02-27,20:00 - 20:15,22700,21361.936
2026-02-27,20:15 - 20:30,22450,21158.785
2026-02-27,20:30 - 20:45,22200,20816.008
2026-02-27,20:45 - 21:00,21900,20499.473
2026-02-27,21:00 - 21:15,21550,19983.35
2026-02-27,21:15 - 21:30,21200,19843.977
2026-02-27,21:30 - 21:45,20600,19136.016
2026-02-27,21:45 - 22:00,19900,18567.525
2026-02-27,22:00 - 22:15,19750,18719.67
2026-02-27,22:15 - 22:30,19550,18482.162
2026-02-27,22:30 - 22:45,19000,18049.203
2026-02-27,22:45 - 23:00,18650,17736.639
2026-02-27,23:00 - 23:15,18300,17592.662
2026-02-27,23:15 - 23:30,17950,17131.182
2026-02-27,23:30 - 23:45,17600,16898.389
2026-02-27,23:45 - 24:00,17250,16652.213
2026-02-28,00:00 - 00:15,16600,16475.14
2026-02-28,00:15 - 00:30,16450,16179.084
2026-02-28,00:30 - 00:45,16250,16055.042
2026-02-28,00:45 - 01:00,16150,15914.526
2026-02-28,01:00 - 01:15,16050,15842.377
2026-02-28,01:15 - 01:30,15900,15766.136
2026-02-28,01:30 - 01:45,15800,15633.112
2026-02-28,01:45 - 02:00,15800,15386.099
2026-02-28,02:00 - 02:15,15800,15311.923
2026-02-28,02:15 - 02:30,15800,15372.679
2026-02-28,02:30 - 02:45,15800,15340.796
2026-02-28,02:45 - 03:00,15800,15272.359
2026-02-28,03:00 - 03:15,15800,15291.452
2026-02-28,03:15 - 03:30,15800,15193.976
2026-02-28,03:30 - 03:45,15800,15238.933
2026-02-28,03:45 - 04:00,15800,15175.128
2026-02-28,04:00 - 04:15,15800,15268.405
2026-02-28,04:15 - 04:30,15800,15358.714
2026-02-28,04:30 - 04:45,15800,15521.342
2026-02-28,04:45 - 05:00,15850,15456.259
2026-02-28,05:00 - 05:15,16000,15592.276
2026-02-28,05:15 - 05:30,16050,15663.697
2026-02-28,05:30 - 05:45,16050,15620.137
2026-02-28,05:45 - 06:00,16050,15776.969
2026-02-28,06:00 - 06:15,16500,16037.44
2026-02-28,06:15 - 06:30,16850,16082.97
2026-02-28,06:30 - 06:45,17050,16460.932
2026-02-28,06:45 - 07:00,17450,16542.137
2026-02-28,07:00 - 07:15,17650,16825.639
2026-02-28,07:15 - 07:30,17900,16937.346
2026-02-28,07:30 - 07:45,18300,16954.78
2026-02-28,07:45 - 08:00,18550,17224.234
2026-02-28,08:00 - 08:15,18850,17180.502
2026-02-28,08:15 - 08:30,19100,17350.367
2026-02-28,08:30 - 08:45,19350,17448.271
2026-02-28,08:45 - 09:00,19550,17470.867
2026-02-28,09:00 - 09:15,19550,17501.643
2026-02-28,09:15 - 09:30,19500,17429.352
2026-02-28,09:30 - 09:45,19350,17528.723
2026-02-28,09:45 - 10:00,19200,17375.912
2026-02-28,10:00 - 10:15,19050,17329.943
2026-02-28,10:15 - 10:30,19200,17505.098
2026-02-28,10:30 - 10:45,19200,17329.918
2026-02-28,10:45 - 11:00,19150,17343.27
2026-02-28,11:00 - 11:15,19000,17320.846
2026-02-28,11:15 - 11:30,19000,17214.531
2026-02-28,11:30 - 11:45,19000,17050.672
2026-02-28,11:45 - 12:00,18950,17048.553
2026-02-28,12:00 - 12:15,18850,17409.59
2026-02-28,12:15 - 12:30,18850,17402.975
2026-02-28,12:30 - 12:45,18850,17447.783
2026-02-28,12:45 - 13:00,18850,17426.906
2026-02-28,13:00 - 13:15,19000,17349.84
2026-02-28,13:15 - 13:30,19000,17388.463
2026-02-28,13:30 - 13:45,18950,17351.096
2026-02-28,13:45 - 14:00,18800,16981.852
2026-02-28,14:00 - 14:15,18900,17161.832
2026-02-28,14:15 - 14:30,19000,17078.764
2026-02-28,14:30 - 14:45,19000,17299.139
2026-02-28,14:45 - 15:00,19000,17325.61
2026-02-28,15:00 - 15:15,19000,17456.367
2026-02-28,15:15 - 15:30,19050,17523.191
2026-02-28,15:30 - 15:45,19200,17896.73
2026-02-28,15:45 - 16:00,19300,17992.455
2026-02-28,16:00 - 16:15,19450,18120.572
2026-02-28,16:15 - 16:30,19550,18195.736
2026-02-28,16:30 - 16:45,19700,18363.533
2026-02-28,16:45 - 17:00,19900,18375.363
2026-02-28,17:00 - 17:15,20100,18487.902
2026-02-28,17:15 - 17:30,20250,18781.027
2026-02-28,17:30 - 17:45,20250,19222.838
2026-02-28,17:45 - 18:00,20300,19072.205
2026-02-28,18:00 - 18:15,20350,19139.129
2026-02-28,18:15 - 18:30,20250,19212.04
2026-02-28,18:30 - 18:45,20250,19163.715
2026-02-28,18:45 - 19:00,20250,19048.438
2026-02-28,19:00 - 19:15,20250,18998.332
2026-02-28,19:15 - 19:30,20150,18853.684
2026-02-28,19:30 - 19:45,20000,18721.451
2026-02-28,19:45 - 20:00,19900,18506.723
2026-02-28,20:00 - 20:15,19650,18504.785
2026-02-28,20:15 - 20:30,19400,18283.727
2026-02-28,20:30 - 20:45,19200,17966.086
2026-02-28,20:45 - 21:00,18950,17687.611
2026-02-28,21:00 - 21:15,18700,17372.445
2026-02-28,21:15 - 21:30,18450,17169.475
2026-02-28,21:30 - 21:45,18100,16736.625
2026-02-28,21:45 - 22:00,17850,16484.201
2026-02-28,22:00 - 22:15,17550,16542.053
2026-02-28,22:15 - 22:30,17350,16365.851
2026-02-28,22:30 - 22:45,17150,16140.14
2026-02-28,22:45 - 23:00,16850,15959.156
2026-02-28,23:00 - 23:15,16550,15628.201
2026-02-28,23:15 - 23:30,16250,15354.824
2026-02-28,23:30 - 23:45,15950,14946.107
2026-02-28,23:45 - 24:00,15700,14626.209
2026-03-01,00:00 - 00:15,15600,14762.815
2026-03-01,00:15 - 00:30,15450,14718.859
2026-03-01,00:30 - 00:45,15300,14399.85
2026-03-01,00:45 - 01:00,15150,14203.05
2026-03-01,01:00 - 01:15,15050,14009.026
2026-03-01,01:15 - 01:30,14950,13863.399
2026-03-01,01:30 - 01:45,14850,13768.811
2026-03-01,01:45 - 02:00,14800,13580.452
2026-03-01,02:00 - 02:15,14750,13775.369
2026-03-01,02:15 - 02:30,14650,13741.635
2026-03-01,02:30 - 02:45,14650,13689.195
2026-03-01,02:45 - 03:00,14650,13790.956
2026-03-01,03:00 - 03:15,14650,13495.583
2026-03-01,03:15 - 03:30,14650,13596.226
2026-03-01,03:30 - 03:45,14650,13529.092
2026-03-01,03:45 - 04:00,14650,13667.675
2026-03-01,04:00 - 04:15,14650,13596.078
2026-03-01,04:15 - 04:30,14650,13356.695
2026-03-01,04:30 - 04:45,14650,13606.374
2026-03-01,04:45 - 05:00,14650,13460.646
2026-03-01,05:00 - 05:15,14650,13876.258
2026-03-01,05:15 - 05:30,14700,13794.119
2026-03-01,05:30 - 05:45,14700,14036.534
2026-03-01,05:45 - 06:00,14800,13845.527
2026-03-01,06:00 - 06:15,14850,13971.404
2026-03-01,06:15 - 06:30,14950,13736.569
2026-03-01,06:30 - 06:45,15100,14092.491
2026-03-01,06:45 - 07:00,15250,14218.413
2026-03-01,07:00 - 07:15,15450,14372.733
2026-03-01,07:15 - 07:30,15650,14404.783
2026-03-01,07:30 - 07:45,15900,14510.252
2026-03-01,07:45 - 08:00,16150,14821.158
2026-03-01,08:00 - 08:15,16400,14864.361
2026-03-01,08:15 - 08:30,16600,15049.141
2026-03-01,08:30 - 08:45,16700,15297.133
2026-03-01,08:45 - 09:00,16800,15386.591
2026-03-01,09:00 - 09:15,16800,15238.417
2026-03-01,09:15 - 09:30,16800,15354.142
2026-03-01,09:30 - 09:45,16700,15230.236
2026-03-01,09:45 - 10:00,16500,15449.519
2026-03-01,10:00 - 10:15,16300,15691.862
2026-03-01,10:15 - 10:30,16150,15360.835
2026-03-01,10:30 - 10:45,16050,15288.022
2026-03-01,10:45 - 11:00,15950,15275.331
2026-03-01,11:00 - 11:15,15800,15174.894
2026-03-01,11:15 - 11:30,15700,15550.267
2026-03-01,11:30 - 11:45,15700,15747.407
2026-03-01,11:45 - 12:00,15700,15801.585
2026-03-01,12:00 - 12:15,15700,15985.285
2026-03-01,12:15 - 12:30,15700,15896.778
2026-03-01,12:30 - 12:45,15700,15957.432
2026-03-01,12:45 - 13:00,15700,16204.3
2026-03-01,13:00 - 13:15,15700,16333.424
2026-03-01,13:15 - 13:30,15700,16301.555
2026-03-01,13:30 - 13:45,15700,16523.559
2026-03-01,13:45 - 14:00,15750,16477.107
2026-03-01,14:00 - 14:15,15800,16317.553
2026-03-01,14:15 - 14:30,15850,16599.455
2026-03-01,14:30 - 14:45,15900,16763.14
2026-03-01,14:45 - 15:00,15950,16715.562
2026-03-01,15:00 - 15:15,16100,16710.781
2026-03-01,15:15 - 15:30,16250,16645.783
2026-03-01,15:30 - 15:45,16450,16933.207
2026-03-01,15:45 - 16:00,16700,16713.545
2026-03-01,16:00 - 16:15,17000,16782.248
2026-03-01,16:15 - 16:30,17250,16884.645
2026-03-01,16:30 - 16:45,17500,16974.994
2026-03-01,16:45 - 17:00,17800,17229.152
2026-03-01,17:00 - 17:15,18050,17360.406
2026-03-01,17:15 - 17:30,18300,17499.629
2026-03-01,17:30 - 17:45,18650,17819.525
2026-03-01,17:45 - 18:00,18900,18291.367
2026-03-01,18:00 - 18:15,19100,18401.744
2026-03-01,18:15 - 18:30,19100,18523.463
2026-03-01,18:30 - 18:45,19100,18540.582
2026-03-01,18:45 - 19:00,19100,18525.37
2026-03-01,19:00 - 19:15,19100,18454.576
2026-03-01,19:15 - 19:30,19100,18677.72
2026-03-01,19:30 - 19:45,19100,18526.139
2026-03-01,19:45 - 20:00,19100,18507.78
2026-03-01,20:00 - 20:15,19050,18216.406
2026-03-01,20:15 - 20:30,18900,18045.754
2026-03-01,20:30 - 20:45,18700,17790.135
2026-03-01,20:45 - 21:00,18500,17724.053
2026-03-01,21:00 - 21:15,18250,17516.014
2026-03-01,21:15 - 21:30,18000,17252.37
2026-03-01,21:30 - 21:45,17700,16707.873
2026-03-01,21:45 - 22:00,17550,16547.16
2026-03-01,22:00 - 22:15,17300,16553.941
2026-03-01,22:15 - 22:30,17100,16209.256
2026-03-01,22:30 - 22:45,16850,15993.52
2026-03-01,22:45 - 23:00,16600,15751.015
2026-03-01,23:00 - 23:15,16300,15565.419
2026-03-01,23:15 - 23:30,16050,15150.121
2026-03-01,23:30 - 23:45,15750,15023.763
2026-03-01,23:45 - 24:00,15450,14828.246
2026-03-02,00:00 - 00:15,15350,14789.351
2026-03-02,00:15 - 00:30,15200,14488.414
2026-03-02,00:30 - 00:45,15100,14522.341
2026-03-02,00:45 - 01:00,14950,14250.39
2026-03-02,01:00 - 01:15,14850,14294.834
2026-03-02,01:15 - 01:30,14800,14128.115
2026-03-02,01:30 - 01:45,14700,14294.684
2026-03-02,01:45 - 02:00,14650,14110.146
2026-03-02,02:00 - 02:15,14600,14068.836
2026-03-02,02:15 - 02:30,14550,14118.138
2026-03-02,02:30 - 02:45,14550,14041.339
2026-03-02,02:45 - 03:00,14550,13974.793
2026-03-02,03:00 - 03:15,14600,14143.796
2026-03-02,03:15 - 03:30,14650,14273.488
2026-03-02,03:30 - 03:45,14700,14219.13
2026-03-02,03:45 - 04:00,14750,14278.718
2026-03-02,04:00 - 04:15,14900,14635.179
2026-03-02,04:15 - 04:30,15050,14851.455
2026-03-02,04:30 - 04:45,15350,15216.364
2026-03-02,04:45 - 05:00,15400,15143.921
2026-03-02,05:00 - 05:15,15700,15591.893
2026-03-02,05:15 - 05:30,16100,16119.039
2026-03-02,05:30 - 05:45,16450,16711.795
2026-03-02,05:45 - 06:00,17150,17372.377
2026-03-02,06:00 - 06:15,18150,18722.033
2026-03-02,06:15 - 06:30,18750,19275.72
2026-03-02,06:30 - 06:45,19300,19602.748
2026-03-02,06:45 - 07:00,19900,20239.066
2026-03-02,07:00 - 07:15,20400,20602.643
2026-03-02,07:15 - 07:30,20750,20814.223
2026-03-02,07:30 - 07:45,21100,20981.379
2026-03-02,07:45 - 08:00,21450,20976.447
2026-03-02,08:00 - 08:15,21750,21061.303
2026-03-02,08:15 - 08:30,21900,20955.324
2026-03-02,08:30 - 08:45,21900,20658.809
2026-03-02,08:45 - 09:00,21900,20397.588
2026-03-02,09:00 - 09:15,21850,20228.656
2026-03-02,09:15 - 09:30,21700,20032.898
2026-03-02,09:30 - 09:45,21450,19838.152
2026-03-02,09:45 - 10:00,21200,19508.408
2026-03-02,10:00 - 10:15,21000,19461.496
2026-03-02,10:15 - 10:30,20900,19365.455
2026-03-02,10:30 - 10:45,20900,19426.084
2026-03-02,10:45 - 11:00,20800,19061.068
2026-03-02,11:00 - 11:15,20800,18934.98
2026-03-02,11:15 - 11:30,20800,18603.398
2026-03-02,11:30 - 11:45,20800,18647.344
2026-03-02,11:45 - 12:00,20800,19560.096
2026-03-02,12:00 - 12:15,20800,19420.758
2026-03-02,12:15 - 12:30,20800,18943.701
2026-03-02,12:30 - 12:45,20800,19143.018
2026-03-02,12:45 - 13:00,20800,19609.633
2026-03-02,13:00 - 13:15,20900,20131.385
2026-03-02,13:15 - 13:30,20900,19956.91
2026-03-02,13:30 - 13:45,20850,19939.047
2026-03-02,13:45 - 14:00,20400,19645.963
2026-03-02,14:00 - 14:15,20550,19431.639
2026-03-02,14:15 - 14:30,20700,19649.467
2026-03-02,14:30 - 14:45,20850,19906.113
2026-03-02,14:45 - 15:00,21000,19734.014
2026-03-02,15:00 - 15:15,21150,20177.41
2026-03-02,15:15 - 15:30,21300,20502.918
2026-03-02,15:30 - 15:45,21450,20763.496
2026-03-02,15:45 - 16:00,21550,21014.676
2026-03-02,16:00 - 16:15,21600,21083.488
2026-03-02,16:15 - 16:30,21600,21327.162
2026-03-02,16:30 - 16:45,21700,21650.244
2026-03-02,16:45 - 17:00,21800,21473.375
2026-03-02,17:00 - 17:15,22000,21819.307
2026-03-02,17:15 - 17:30,22250,21950.027
2026-03-02,17:30 - 17:45,22500,22205.803
2026-03-02,17:45 - 18:00,22600,22307.895
2026-03-02,18:00 - 18:15,22650,22379.357
2026-03-02,18:15 - 18:30,22700,22588.527
2026-03-02,18:30 - 18:45,22700,22667.818
2026-03-02,18:45 - 19:00,22700,22649.734
2026-03-02,19:00 - 19:15,22700,22693.895
2026-03-02,19:15 - 19:30,22700,22549.871
2026-03-02,19:30 - 19:45,22700,22610.076
2026-03-02,19:45 - 20:00,22600,22377.227
2026-03-02,20:00 - 20:15,22550,22277.535
2026-03-02,20:15 - 20:30,22350,22177.133
2026-03-02,20:30 - 20:45,22050,21809.951
2026-03-02,20:45 - 21:00,21700,21527.6
2026-03-02,21:00 - 21:15,21300,21078.871
2026-03-02,21:15 - 21:30,20800,20658.4
2026-03-02,21:30 - 21:45,20250,20111.822
2026-03-02,21:45 - 22:00,19800,19487.463
2026-03-02,22:00 - 22:15,19550,19491.174
2026-03-02,22:15 - 22:30,19300,19173.367
2026-03-02,22:30 - 22:45,18950,18596.434
2026-03-02,22:45 - 23:00,18600,18440.658
2026-03-02,23:00 - 23:15,18200,18070.668
2026-03-02,23:15 - 23:30,17900,17739.74
2026-03-02,23:30 - 23:45,17550,17277.05
2026-03-02,23:45 - 24:00,17200,17324.469
2026-03-03,00:00 - 00:15,16800,17160.014
2026-03-03,00:15 - 00:30,16650,16952.457
2026-03-03,00:30 - 00:45,16500,16652.742
2026-03-03,00:45 - 01:00,16300,16670.63
2026-03-03,01:00 - 01:15,16200,16542.71
2026-03-03,01:15 - 01:30,16150,16370.032
2026-03-03,01:30 - 01:45,16100,16350.503
2026-03-03,01:45 - 02:00,16050,16194.428
2026-03-03,02:00 - 02:15,16050,16167.735
2026-03-03,02:15 - 02:30,16050,16140.211
2026-03-03,02:30 - 02:45,16050,16146.842
2026-03-03,02:45 - 03:00,16050,16191.063
2026-03-03,03:00 - 03:15,16050,16359.133
2026-03-03,03:15 - 03:30,16100,16312.557
2026-03-03,03:30 - 03:45,16100,16213.166
2026-03-03,03:45 - 04:00,16150,16467.73
2026-03-03,04:00 - 04:15,16300,16549.793
2026-03-03,04:15 - 04:30,16400,16798.852
2026-03-03,04:30 - 04:45,16550,16879.434
2026-03-03,04:45 - 05:00,16800,17190.432
2026-03-03,05:00 - 05:15,17050,17523.145
2026-03-03,05:15 - 05:30,17300,17795.23
2026-03-03,05:30 - 05:45,17650,18061.99
2026-03-03,05:45 - 06:00,18200,18743.084
2026-03-03,06:00 - 06:15,19150,19851.543
2026-03-03,06:15 - 06:30,19750,20373.281
2026-03-03,06:30 - 06:45,20200,20721.498
2026-03-03,06:45 - 07:00,20700,21112.361
2026-03-03,07:00 - 07:15,21100,21555.76
2026-03-03,07:15 - 07:30,21350,21586.076
2026-03-03,07:30 - 07:45,21450,21441.125
2026-03-03,07:45 - 08:00,21450,21639.363
2026-03-03,08:00 - 08:15,21450,21358.426
2026-03-03,08:15 - 08:30,21400,21504.434
2026-03-03,08:30 - 08:45,21250,21006.738
2026-03-03,08:45 - 09:00,21000,21110.342
2026-03-03,09:00 - 09:15,20750,21018.33
2026-03-03,09:15 - 09:30,20600,20595.678
2026-03-03,09:30 - 09:45,20400,20214.494
2026-03-03,09:45 - 10:00,20150,20129.316
2026-03-03,10:00 - 10:15,20000,19315.646
2026-03-03,10:15 - 10:30,20000,19567.748
2026-03-03,10:30 - 10:45,20000,19710.033
2026-03-03,10:45 - 11:00,19950,19507.818
2026-03-03,11:00 - 11:15,19900,19917.727
2026-03-03,11:15 - 11:30,19850,19810.83
2026-03-03,11:30 - 11:45,19850,19641.71
2026-03-03,11:45 - 12:00,19850,19448.885
2026-03-03,12:00 - 12:15,19800,19467.424
2026-03-03,12:15 - 12:30,19750,19359.596
2026-03-03,12:30 - 12:45,19750,19541.771
2026-03-03,12:45 - 13:00,19800,19614.967
2026-03-03,13:00 - 13:15,19900,19670.846
2026-03-03,13:15 - 13:30,19850,19375.928
2026-03-03,13:30 - 13:45,19600,19387.312
2026-03-03,13:45 - 14:00,19350,19021.707
2026-03-03,14:00 - 14:15,19500,19618.79
2026-03-03,14:15 - 14:30,19650,19677.684
2026-03-03,14:30 - 14:45,19950,19853.732
2026-03-03,14:45 - 15:00,20150,19771.309
2026-03-03,15:00 - 15:15,20250,19760.596
2026-03-03,15:15 - 15:30,20450,20208.662
2026-03-03,15:30 - 15:45,20650,20400.617
2026-03-03,15:45 - 16:00,20750,20643.547
2026-03-03,16:00 - 16:15,20800,20794.832
2026-03-03,16:15 - 16:30,20850,21111.125
2026-03-03,16:30 - 16:45,20950,21390.236
2026-03-03,16:45 - 17:00,21050,21313.133
2026-03-03,17:00 - 17:15,21200,21468.627
2026-03-03,17:15 - 17:30,21450,21493.336
2026-03-03,17:30 - 17:45,21700,21893.725
2026-03-03,17:45 - 18:00,21900,21921.627
2026-03-03,18:00 - 18:15,21950,22069.273
2026-03-03,18:15 - 18:30,22050,22209.527
2026-03-03,18:30 - 18:45,22100,22268.262
2026-03-03,18:45 - 19:00,22100,22205.303
2026-03-03,19:00 - 19:15,22100,22211.951
2026-03-03,19:15 - 19:30,22100,22075.262
2026-03-03,19:30 - 19:45,22000,22133.156
2026-03-03,19:45 - 20:00,21850,22102.4
2026-03-03,20:00 - 20:15,21700,21687.582
2026-03-03,20:15 - 20:30,21500,21465.338
2026-03-03,20:30 - 20:45,21250,21345.918
2026-03-03,20:45 - 21:00,21000,20995.795
2026-03-03,21:00 - 21:15,20650,20503.684
2026-03-03,21:15 - 21:30,20050,20207.238
2026-03-03,21:30 - 21:45,19650,19596.97
2026-03-03,21:45 - 22:00,19050,18901.842
2026-03-03,22:00 - 22:15,18900,18834.564
2026-03-03,22:15 - 22:30,18750,18579.363
2026-03-03,22:30 - 22:45,18450,18118.771
2026-03-03,22:45 - 23:00,18100,17924.502
2026-03-03,23:00 - 23:15,17750,17483.64
2026-03-03,23:15 - 23:30,17400,17377.908
2026-03-03,23:30 - 23:45,17050,16869.62
2026-03-03,23:45 - 24:00,16650,16791.785
2026-03-04,00:00 - 00:15,16750,16801.781
2026-03-04,00:15 - 00:30,16650,16543.854
2026-03-04,00:30 - 00:45,16550,16412.979
2026-03-04,00:45 - 01:00,16450,16359.046
2026-03-04,01:00 - 01:15,16350,16162.263
2026-03-04,01:15 - 01:30,16300,16095.199
2026-03-04,01:30 - 01:45,16250,15979.398
2026-03-04,01:45 - 02:00,16200,15875.033
2026-03-04,02:00 - 02:15,16200,15914.04
2026-03-04,02:15 - 02:30,16200,15838.769
2026-03-04,02:30 - 02:45,16200,15942.393
2026-03-04,02:45 - 03:00,16200,16030.781
2026-03-04,03:00 - 03:15,16200,15988.303
2026-03-04,03:15 - 03:30,16250,16173.171
2026-03-04,03:30 - 03:45,16250,16199.241
2026-03-04,03:45 - 04:00,16350,16249.71
2026-03-04,04:00 - 04:15,16500,16398.486
2026-03-04,04:15 - 04:30,16650,16541.475
2026-03-04,04:30 - 04:45,16800,16758.238
2026-03-04,04:45 - 05:00,17050,16825.783
2026-03-04,05:00 - 05:15,17350,17133.37
2026-03-04,05:15 - 05:30,17600,17479.7
2026-03-04,05:30 - 05:45,17950,17763.879
2026-03-04,05:45 - 06:00,18500,18253.316
2026-03-04,06:00 - 06:15,19600,19247.645
2026-03-04,06:15 - 06:30,20200,20027.541
2026-03-04,06:30 - 06:45,20650,20153.883
2026-03-04,06:45 - 07:00,20900,20722.455
2026-03-04,07:00 - 07:15,21250,20999.09
2026-03-04,07:15 - 07:30,21300,21117.34
2026-03-04,07:30 - 07:45,21350,20937.66
2026-03-04,07:45 - 08:00,21350,20906.496
2026-03-04,08:00 - 08:15,21350,20893.398
2026-03-04,08:15 - 08:30,21350,20860.76
2026-03-04,08:30 - 08:45,21250,20563.389
2026-03-04,08:45 - 09:00,21000,20473.021
2026-03-04,09:00 - 09:15,20750,20399.219
2026-03-04,09:15 - 09:30,20600,20082.76
2026-03-04,09:30 - 09:45,20400,19988.24
2026-03-04,09:45 - 10:00,20100,19792.434
2026-03-04,10:00 - 10:15,19950,19265.53
2026-03-04,10:15 - 10:30,19800,19151.969
2026-03-04,10:30 - 10:45,19800,19105.848
2026-03-04,10:45 - 11:00,19750,19387.162
2026-03-04,11:00 - 11:15,19700,19159.121
2026-03-04,11:15 - 11:30,19600,18889.955
2026-03-04,11:30 - 11:45,19550,18773.656
2026-03-04,11:45 - 12:00,19550,19301.285
2026-03-04,12:00 - 12:15,19500,19408.475
2026-03-04,12:15 - 12:30,19450,19346.611
2026-03-04,12:30 - 12:45,19450,19328.463
2026-03-04,12:45 - 13:00,19500,19417.436
2026-03-04,13:00 - 13:15,19600,19793.053
2026-03-04,13:15 - 13:30,19550,19803.256
2026-03-04,13:30 - 13:45,19400,19519.064
2026-03-04,13:45 - 14:00,19150,19060.312
2026-03-04,14:00 - 14:15,19450,19331.262
2026-03-04,14:15 - 14:30,19800,19781.77
2026-03-04,14:30 - 14:45,19950,20062.486
2026-03-04,14:45 - 15:00,20100,19817.65
2026-03-04,15:00 - 15:15,20250,20220.06
2026-03-04,15:15 - 15:30,20450,20407.592
2026-03-04,15:30 - 15:45,20650,20569.184
2026-03-04,15:45 - 16:00,20900,20503.994
2026-03-04,16:00 - 16:15,21100,20740.77
2026-03-04,16:15 - 16:30,21350,20940.43
2026-03-04,16:30 - 16:45,21450,21276.002
2026-03-04,16:45 - 17:00,21550,21235.32
2026-03-04,17:00 - 17:15,21700,21372.977
2026-03-04,17:15 - 17:30,21950,21379.176
2026-03-04,17:30 - 17:45,22200,21747.246
2026-03-04,17:45 - 18:00,22400,21698.908
2026-03-04,18:00 - 18:15,22450,21929.547
2026-03-04,18:15 - 18:30,22550,21986.361
2026-03-04,18:30 - 18:45,22600,22143.87
2026-03-04,18:45 - 19:00,22600,22097.094
2026-03-04,19:00 - 19:15,22600,22022.967
2026-03-04,19:15 - 19:30,22600,22116.695
2026-03-04,19:30 - 19:45,22500,22212.676
2026-03-04,19:45 - 20:00,22350,21893.486
2026-03-04,20:00 - 20:15,22200,21787.324
2026-03-04,20:15 - 20:30,22000,21586.24
2026-03-04,20:30 - 20:45,21750,21515.736
2026-03-04,20:45 - 21:00,21500,21075.43
2026-03-04,21:00 - 21:15,21050,20924.404
2026-03-04,21:15 - 21:30,20450,20299.566
2026-03-04,21:30 - 21:45,20050,19884.135
2026-03-04,21:45 - 22:00,19450,19187.658
2026-03-04,22:00 - 22:15,19300,18987.244
2026-03-04,22:15 - 22:30,19050,18792.803
2026-03-04,22:30 - 22:45,18600,18436.229
2026-03-04,22:45 - 23:00,18250,18180.568
2026-03-04,23:00 - 23:15,17950,17867.24
2026-03-04,23:15 - 23:30,17600,17447.623
2026-03-04,23:30 - 23:45,17250,17188.098
2026-03-04,23:45 - 24:00,16850,16985.256
2026-03-05,00:00 - 00:15,16750,16922.344
2026-03-05,00:15 - 00:30,16650,16701.898
2026-03-05,00:30 - 00:45,16550,16484.342
2026-03-05,00:45 - 01:00,16450,16369.188
2026-03-05,01:00 - 01:15,16350,16287.982
2026-03-05,01:15 - 01:30,16300,16308.829
2026-03-05,01:30 - 01:45,16300,16133.47
2026-03-05,01:45 - 02:00,16300,15778.016
2026-03-05,02:00 - 02:15,16300,15747.199
2026-03-05,02:15 - 02:30,16300,15952.949
2026-03-05,02:30 - 02:45,16300,15971.754
2026-03-05,02:45 - 03:00,16300,16075.912
2026-03-05,03:00 - 03:15,16350,16154.851
2026-03-05,03:15 - 03:30,16400,16068.467
2026-03-05,03:30 - 03:45,16450,16161.163
2026-03-05,03:45 - 04:00,16600,16285.782
2026-03-05,04:00 - 04:15,16750,16440.451
2026-03-05,04:15 - 04:30,16950,16568.17
2026-03-05,04:30 - 04:45,17100,16833.129
2026-03-05,04:45 - 05:00,17350,16908.547
2026-03-05,05:00 - 05:15,17700,17304.932
2026-03-05,05:15 - 05:30,17950,17552.324
2026-03-05,05:30 - 05:45,18300,17916.188
2026-03-05,05:45 - 06:00,18950,18420.074
2026-03-05,06:00 - 06:15,20050,19498.572
2026-03-05,06:15 - 06:30,20650,20236.543
2026-03-05,06:30 - 06:45,21100,20528.492
2026-03-05,06:45 - 07:00,21350,20820.732
2026-03-05,07:00 - 07:15,21700,21246.477
2026-03-05,07:15 - 07:30,21750,21499.734
2026-03-05,07:30 - 07:45,21750,21329.094
2026-03-05,07:45 - 08:00,21750,21226.08
2026-03-05,08:00 - 08:15,21750,21175.883
2026-03-05,08:15 - 08:30,21750,21175.701
2026-03-05,08:30 - 08:45,21650,20827.943
2026-03-05,08:45 - 09:00,21500,20814.693
2026-03-05,09:00 - 09:15,21300,20743.822
2026-03-05,09:15 - 09:30,21100,20583.969
2026-03-05,09:30 - 09:45,20800,20346.42
2026-03-05,09:45 - 10:00,20600,20069.812
2026-03-05,10:00 - 10:15,20450,19685.611
2026-03-05,10:15 - 10:30,20300,19488.145
2026-03-05,10:30 - 10:45,20300,19785.896
2026-03-05,10:45 - 11:00,20250,19796.346
2026-03-05,11:00 - 11:15,20200,19643.195
2026-03-05,11:15 - 11:30,20100,19724.395
2026-03-05,11:30 - 11:45,20050,19718.281
2026-03-05,11:45 - 12:00,20050,19817.787
2026-03-05,12:00 - 12:15,20050,19630.627
2026-03-05,12:15 - 12:30,20050,19894.555
2026-03-05,12:30 - 12:45,20050,19779.477
2026-03-05,12:45 - 13:00,20100,19767.389
2026-03-05,13:00 - 13:15,20200,19851.924
2026-03-05,13:15 - 13:30,20150,19829.496
2026-03-05,13:30 - 13:45,20000,19772.898
2026-03-05,13:45 - 14:00,19750,19365.865
2026-03-05,14:00 - 14:15,20050,19569.66
2026-03-05,14:15 - 14:30,20100,19715.277
2026-03-05,14:30 - 14:45,20250,20066.707
2026-03-05,14:45 - 15:00,20400,19913.287
2026-03-05,15:00 - 15:15,20550,20237.246
2026-03-05,15:15 - 15:30,20750,20500.057
2026-03-05,15:30 - 15:45,20950,20828.197
2026-03-05,15:45 - 16:00,21100,20685.36
2026-03-05,16:00 - 16:15,21300,20935.44
2026-03-05,16:15 - 16:30,21550,21134.676
2026-03-05,16:30 - 16:45,21750,21544.785
2026-03-05,16:45 - 17:00,21850,21617.777
2026-03-05,17:00 - 17:15,22000,21724.879
2026-03-05,17:15 - 17:30,22250,21734.545
2026-03-05,17:30 - 17:45,22500,22117.09
2026-03-05,17:45 - 18:00,22700,22266.363
2026-03-05,18:00 - 18:15,22750,22513.965
2026-03-05,18:15 - 18:30,22850,22730.254
2026-03-05,18:30 - 18:45,22900,22961.303
2026-03-05,18:45 - 19:00,22900,22845.543
2026-03-05,19:00 - 19:15,22900,22963.662
2026-03-05,19:15 - 19:30,22900,22949.793
2026-03-05,19:30 - 19:45,22800,22885.734
2026-03-05,19:45 - 20:00,22650,22770.693
2026-03-05,20:00 - 20:15,22500,22550.479
2026-03-05,20:15 - 20:30,22300,22418.658
2026-03-05,20:30 - 20:45,22050,22205.84
2026-03-05,20:45 - 21:00,21800,21673.33
2026-03-05,21:00 - 21:15,21350,21446.416
2026-03-05,21:15 - 21:30,20750,21214.266
2026-03-05,21:30 - 21:45,20350,20464.56
2026-03-05,21:45 - 22:00,19750,19796.99
2026-03-05,22:00 - 22:15,19600,19880.049
2026-03-05,22:15 - 22:30,19350,19564.45
2026-03-05,22:30 - 22:45,18900,19163.438
2026-03-05,22:45 - 23:00,18550,18888.965
2026-03-05,23:00 - 23:15,18250,18301.102
2026-03-05,23:15 - 23:30,17900,18316.129
2026-03-05,23:30 - 23:45,17550,17802.922
2026-03-05,23:45 - 24:00,17150,17762.973
2026-03-06,00:00 - 00:15,16950,17602.943
2026-03-06,00:15 - 00:30,16850,17472.994
2026-03-06,00:30 - 00:45,16750,17183.16
2026-03-06,00:45 - 01:00,16650,17161.576
2026-03-06,01:00 - 01:15,16550,17299.002
2026-03-06,01:15 - 01:30,16500,16955.662
2026-03-06,01:30 - 01:45,16450,16897.543
2026-03-06,01:45 - 02:00,16400,16889.623
2026-03-06,02:00 - 02:15,16400,16631.066
2026-03-06,02:15 - 02:30,16400,16749.662
2026-03-06,02:30 - 02:45,16400,16879.062
2026-03-06,02:45 - 03:00,16400,16748.422
2026-03-06,03:00 - 03:15,16400,16900.54
2026-03-06,03:15 - 03:30,16450,16864.002
2026-03-06,03:30 - 03:45,16450,16790.432
2026-03-06,03:45 - 04:00,16550,16846.756
2026-03-06,04:00 - 04:15,16700,17143.568
2026-03-06,04:15 - 04:30,16950,17059.617
2026-03-06,04:30 - 04:45,17150,17547.031
2026-03-06,04:45 - 05:00,17400,17673.28
2026-03-06,05:00 - 05:15,17700,18181.215
2026-03-06,05:15 - 05:30,17950,18406.938
2026-03-06,05:30 - 05:45,18300,18731.11
2026-03-06,05:45 - 06:00,19000,19100.803
2026-03-06,06:00 - 06:15,20250,20171.773
2026-03-06,06:15 - 06:30,20850,20624.95
2026-03-06,06:30 - 06:45,21300,21126.367
2026-03-06,06:45 - 07:00,21550,21584.701
2026-03-06,07:00 - 07:15,21900,21875.564
2026-03-06,07:15 - 07:30,21950,21924.25
2026-03-06,07:30 - 07:45,22000,21748.273
2026-03-06,07:45 - 08:00,22000,21731.996
2026-03-06,08:00 - 08:15,21900,21627.918
2026-03-06,08:15 - 08:30,21800,21368.812
2026-03-06,08:30 - 08:45,21700,21078.273
2026-03-06,08:45 - 09:00,21550,21070.447
2026-03-06,09:00 - 09:15,21300,21074.43
2026-03-06,09:15 - 09:30,21100,20846.52
2026-03-06,09:30 - 09:45,20850,20544.191
2026-03-06,09:45 - 10:00,20550,20107.51
2026-03-06,10:00 - 10:15,20350,20173.707
2026-03-06,10:15 - 10:30,20200,20187.36
2026-03-06,10:30 - 10:45,20100,20337.14
2026-03-06,10:45 - 11:00,20050,20019.346
2026-03-06,11:00 - 11:15,20000,20144.143
2026-03-06,11:15 - 11:30,19950,20043.527
2026-03-06,11:30 - 11:45,19900,20112.254
2026-03-06,11:45 - 12:00,19900,20066.027
2026-03-06,12:00 - 12:15,19900,20127.613
2026-03-06,12:15 - 12:30,19900,20217.213
2026-03-06,12:30 - 12:45,19900,20180.963
2026-03-06,12:45 - 13:00,19950,20049.79
2026-03-06,13:00 - 13:15,20050,20304.244
2026-03-06,13:15 - 13:30,20000,19954.08
2026-03-06,13:30 - 13:45,19850,19890.984
2026-03-06,13:45 - 14:00,19600,19601.475
2026-03-06,14:00 - 14:15,19900,19548.135
2026-03-06,14:15 - 14:30,20050,19697.105
2026-03-06,14:30 - 14:45,20200,20045.676
2026-03-06,14:45 - 15:00,20350,19940.494
2026-03-06,15:00 - 15:15,20500,19980.98
2026-03-06,15:15 - 15:30,20700,20212.637
2026-03-06,15:30 - 15:45,20900,20684.182
2026-03-06,15:45 - 16:00,21000,20618.094
2026-03-06,16:00 - 16:15,21100,20823.22
2026-03-06,16:15 - 16:30,21250,21166.781
2026-03-06,16:30 - 16:45,21350,21512.736
2026-03-06,16:45 - 17:00,21450,21322.193
2026-03-06,17:00 - 17:15,21600,21571.246
2026-03-06,17:15 - 17:30,21850,21541.375
2026-03-06,17:30 - 17:45,22000,21874.672
2026-03-06,17:45 - 18:00,22150,22083.932
2026-03-06,18:00 - 18:15,22200,22344.686
2026-03-06,18:15 - 18:30,22300,22301.217
2026-03-06,18:30 - 18:45,22350,22545.727
2026-03-06,18:45 - 19:00,22350,22471.773
2026-03-06,19:00 - 19:15,22350,22548.484
2026-03-06,19:15 - 19:30,22350,22572.44
2026-03-06,19:30 - 19:45,22250,22466.676
2026-03-06,19:45 - 20:00,22100,22155.396
2026-03-06,20:00 - 20:15,21950,22261.967
2026-03-06,20:15 - 20:30,21750,21932.564
2026-03-06,20:30 - 20:45,21500,21642.445
2026-03-06,20:45 - 21:00,21250,21436.564
2026-03-06,21:00 - 21:15,20800,20971.848
2026-03-06,21:15 - 21:30,20200,20719.58
2026-03-06,21:30 - 21:45,19800,19849.648
2026-03-06,21:45 - 22:00,19200,19443.969
2026-03-06,22:00 - 22:15,19050,19295.434
2026-03-06,22:15 - 22:30,18800,19029.328
2026-03-06,22:30 - 22:45,18350,18759.684
2026-03-06,22:45 - 23:00,18000,18313.623
2026-03-06,23:00 - 23:15,17700,17954.953
2026-03-06,23:15 - 23:30,17350,17707.727
2026-03-06,23:30 - 23:45,17000,17531.498
2026-03-06,23:45 - 24:00,16600,17186.746
2026-03-07,00:00 - 00:15,16500,17204.51
2026-03-07,00:15 - 00:30,16350,16809.541
2026-03-07,00:30 - 00:45,16200,16816.852
2026-03-07,00:45 - 01:00,16100,16545.076
2026-03-07,01:00 - 01:15,16050,16236.914
2026-03-07,01:15 - 01:30,15950,16206.829
2026-03-07,01:30 - 01:45,15850,16137.74
2026-03-07,01:45 - 02:00,15700,16056.728
2026-03-07,02:00 - 02:15,15650,15970.124
2026-03-07,02:15 - 02:30,15650,15944.177
2026-03-07,02:30 - 02:45,15650,15838.688
2026-03-07,02:45 - 03:00,15650,15887.965
2026-03-07,03:00 - 03:15,15650,15933.689
2026-03-07,03:15 - 03:30,15650,15917.73
2026-03-07,03:30 - 03:45,15650,15911.983
2026-03-07,03:45 - 04:00,15650,16094.885
2026-03-07,04:00 - 04:15,15700,16007.599
2026-03-07,04:15 - 04:30,15750,16027.85
2026-03-07,04:30 - 04:45,15900,16083.022
2026-03-07,04:45 - 05:00,16050,16108.719
2026-03-07,05:00 - 05:15,16150,16440.467
2026-03-07,05:15 - 05:30,16200,16347.82
2026-03-07,05:30 - 05:45,16200,16399.514
2026-03-07,05:45 - 06:00,16300,16439.805
2026-03-07,06:00 - 06:15,16550,16654.455
2026-03-07,06:15 - 06:30,16750,16887.992
2026-03-07,06:30 - 06:45,17000,17078.254
2026-03-07,06:45 - 07:00,17300,17445.412
2026-03-07,07:00 - 07:15,17550,17390.48
2026-03-07,07:15 - 07:30,17700,17669.293
2026-03-07,07:30 - 07:45,17800,17602.205
2026-03-07,07:45 - 08:00,17900,18016.742
2026-03-07,08:00 - 08:15,17900,17766.135
2026-03-07,08:15 - 08:30,17900,17944.986
2026-03-07,08:30 - 08:45,17900,17745.725
2026-03-07,08:45 - 09:00,17900,17911.836
2026-03-07,09:00 - 09:15,17900,17838.3
2026-03-07,09:15 - 09:30,17900,17648.229
2026-03-07,09:30 - 09:45,17800,17688.18
2026-03-07,09:45 - 10:00,17750,17631.072
2026-03-07,10:00 - 10:15,17700,17456.086
2026-03-07,10:15 - 10:30,17650,17710.484
2026-03-07,10:30 - 10:45,17600,17557.328
2026-03-07,10:45 - 11:00,17500,17308.99
2026-03-07,11:00 - 11:15,17350,17545.396
2026-03-07,11:15 - 11:30,17250,17322.1
2026-03-07,11:30 - 11:45,17250,17239.795
2026-03-07,11:45 - 12:00,17250,17151.934
2026-03-07,12:00 - 12:15,17250,17266.902
2026-03-07,12:15 - 12:30,17250,17339.35
2026-03-07,12:30 - 12:45,17250,17154.766
2026-03-07,12:45 - 13:00,17250,17206.973
2026-03-07,13:00 - 13:15,17250,17371.033
2026-03-07,13:15 - 13:30,17250,17166.29
2026-03-07,13:30 - 13:45,17250,17349.027
2026-03-07,13:45 - 14:00,17250,17127.787
2026-03-07,14:00 - 14:15,17250,17018.445
2026-03-07,14:15 - 14:30,17250,17010.02
2026-03-07,14:30 - 14:45,17250,17088.562
2026-03-07,14:45 - 15:00,17300,17160.928
2026-03-07,15:00 - 15:15,17450,17121.486
2026-03-07,15:15 - 15:30,17550,17465.996
2026-03-07,15:30 - 15:45,17700,17778.193
2026-03-07,15:45 - 16:00,17800,17559.62
2026-03-07,16:00 - 16:15,17900,18089.008
2026-03-07,16:15 - 16:30,18000,18149.408
2026-03-07,16:30 - 16:45,18100,18261.121
2026-03-07,16:45 - 17:00,18200,18371.172
2026-03-07,17:00 - 17:15,18350,18511.395
2026-03-07,17:15 - 17:30,18650,18488.729
2026-03-07,17:30 - 17:45,18900,18882.982
2026-03-07,17:45 - 18:00,19150,19263.102
2026-03-07,18:00 - 18:15,19300,19336.096
2026-03-07,18:15 - 18:30,19300,19419.076
2026-03-07,18:30 - 18:45,19300,19453.816
2026-03-07,18:45 - 19:00,19300,19414.295
2026-03-07,19:00 - 19:15,19250,19383.564
2026-03-07,19:15 - 19:30,19150,19446.896
2026-03-07,19:30 - 19:45,19050,19290.47
2026-03-07,19:45 - 20:00,18900,19232.463
2026-03-07,20:00 - 20:15,18700,19099.691
2026-03-07,20:15 - 20:30,18550,18882.033
2026-03-07,20:30 - 20:45,18350,18591.953
2026-03-07,20:45 - 21:00,18100,18437.807
2026-03-07,21:00 - 21:15,17800,18092.846
2026-03-07,21:15 - 21:30,17500,17961.111
2026-03-07,21:30 - 21:45,17200,17589.7
2026-03-07,21:45 - 22:00,16950,17322.998
2026-03-07,22:00 - 22:15,16700,17115.598
2026-03-07,22:15 - 22:30,16500,16889.922
2026-03-07,22:30 - 22:45,16300,16434.275
2026-03-07,22:45 - 23:00,16050,16235.57
2026-03-07,23:00 - 23:15,15750,16097.603
2026-03-07,23:15 - 23:30,15500,15828.254
2026-03-07,23:30 - 23:45,15200,15638.981
2026-03-07,23:45 - 24:00,14900,15182.938
2026-03-08,00:00 - 00:15,14950,15264.029
2026-03-08,00:15 - 00:30,14800,15039.496
2026-03-08,00:30 - 00:45,14650,14662.87
2026-03-08,00:45 - 01:00,14500,14847.391
2026-03-08,01:00 - 01:15,14400,14730.487
2026-03-08,01:15 - 01:30,14300,14684.696
2026-03-08,01:30 - 01:45,14200,14556.078
2026-03-08,01:45 - 02:00,14150,14490.525
2026-03-08,02:00 - 02:15,14100,14533.868
2026-03-08,02:15 - 02:30,14000,14178.748
2026-03-08,02:30 - 02:45,14000,14232.903
2026-03-08,02:45 - 03:00,14000,14177.527
2026-03-08,03:00 - 03:15,14000,14213.844
2026-03-08,03:15 - 03:30,14000,14045.032
2026-03-08,03:30 - 03:45,14000,14228.309
2026-03-08,03:45 - 04:00,14000,14151.897
2026-03-08,04:00 - 04:15,14000,14263.953
2026-03-08,04:15 - 04:30,14000,14186.738
2026-03-08,04:30 - 04:45,14000,14342.296
2026-03-08,04:45 - 05:00,14000,14291.018
2026-03-08,05:00 - 05:15,14000,14470.785
2026-03-08,05:15 - 05:30,14000,14523.928
2026-03-08,05:30 - 05:45,14050,14399.383
2026-03-08,05:45 - 06:00,14150,14601.14
2026-03-08,06:00 - 06:15,14250,14616.007
2026-03-08,06:15 - 06:30,14350,14605.381
2026-03-08,06:30 - 06:45,14500,14762.063
2026-03-08,06:45 - 07:00,14650,14917.514
2026-03-08,07:00 - 07:15,14750,15289.917
2026-03-08,07:15 - 07:30,14850,15481.729
2026-03-08,07:30 - 07:45,15000,15708.639
2026-03-08,07:45 - 08:00,15150,15132.102
2026-03-08,08:00 - 08:15,15300,15439.998
2026-03-08,08:15 - 08:30,15500,15543.197
2026-03-08,08:30 - 08:45,15600,15486.049
2026-03-08,08:45 - 09:00,15700,15525.639
2026-03-08,09:00 - 09:15,15700,15466.799
2026-03-08,09:15 - 09:30,15700,16053.716
2026-03-08,09:30 - 09:45,15700,15913.364
2026-03-08,09:45 - 10:00,15700,15924.081
2026-03-08,10:00 - 10:15,15700,16060.465
2026-03-08,10:15 - 10:30,15650,16063.084
2026-03-08,10:30 - 10:45,15600,16188.221
2026-03-08,10:45 - 11:00,15550,15914.811
2026-03-08,11:00 - 11:15,15500,15941.726
2026-03-08,11:15 - 11:30,15400,15973.639
2026-03-08,11:30 - 11:45,15400,15694.708
2026-03-08,11:45 - 12:00,15400,15976.372
2026-03-08,12:00 - 12:15,15400,15816.127
2026-03-08,12:15 - 12:30,15400,15893.577
2026-03-08,12:30 - 12:45,15400,16107.18
2026-03-08,12:45 - 13:00,15400,16013.326
2026-03-08,13:00 - 13:15,15400,16073.754
2026-03-08,13:15 - 13:30,15400,16028.658
2026-03-08,13:30 - 13:45,15400,16090.037
2026-03-08,13:45 - 14:00,15400,15711.032
2026-03-08,14:00 - 14:15,15450,15731.273
2026-03-08,14:15 - 14:30,15550,15642.961
2026-03-08,14:30 - 14:45,15650,15859.695
2026-03-08,14:45 - 15:00,15750,15418.897
2026-03-08,15:00 - 15:15,15850,15728.31
2026-03-08,15:15 - 15:30,16000,15610.571
2026-03-08,15:30 - 15:45,16200,16013.764
2026-03-08,15:45 - 16:00,16350,15961.058
2026-03-08,16:00 - 16:15,16500,16180.368
2026-03-08,16:15 - 16:30,16650,16332.651
2026-03-08,16:30 - 16:45,16800,16691.062
2026-03-08,16:45 - 17:00,17000,16798.14
2026-03-08,17:00 - 17:15,17150,16758.008
2026-03-08,17:15 - 17:30,17350,16987.496
2026-03-08,17:30 - 17:45,17600,17219.096
2026-03-08,17:45 - 18:00,17850,17567.53
2026-03-08,18:00 - 18:15,18250,17844.066
2026-03-08,18:15 - 18:30,18450,18161.88
2026-03-08,18:30 - 18:45,18550,18181.143
2026-03-08,18:45 - 19:00,18550,18236.951
2026-03-08,19:00 - 19:15,18550,18186.24
2026-03-08,19:15 - 19:30,18550,18285.88
2026-03-08,19:30 - 19:45,18550,18255.178
2026-03-08,19:45 - 20:00,18450,17915.914
2026-03-08,20:00 - 20:15,18350,18018.967
2026-03-08,20:15 - 20:30,18200,17613.902
2026-03-08,20:30 - 20:45,18000,17509.46
2026-03-08,20:45 - 21:00,17800,17120.277
2026-03-08,21:00 - 21:15,17550,17093.182
2026-03-08,21:15 - 21:30,17300,16694.318
2026-03-08,21:30 - 21:45,17000,16572.268
2026-03-08,21:45 - 22:00,16850,16206.691
2026-03-08,22:00 - 22:15,16600,16232.419
2026-03-08,22:15 - 22:30,16400,16232.718
2026-03-08,22:30 - 22:45,16150,15905.902
2026-03-08,22:45 - 23:00,15900,15405.622
2026-03-08,23:00 - 23:15,15600,15345.233
2026-03-08,23:15 - 23:30,15350,14873.564
2026-03-08,23:30 - 23:45,15050,14672.994
2026-03-08,23:45 - 24:00,14750,14648.165
2026-03-09,00:00 - 00:15,14700,14336.493
2026-03-09,00:15 - 00:30,14550,14210.477
2026-03-09,00:30 - 00:45,14450,13892.675
2026-03-09,00:45 - 01:00,14350,13777.84
2026-03-09,01:00 - 01:15,14250,13783.341
2026-03-09,01:15 - 01:30,14200,13870.173
2026-03-09,01:30 - 01:45,14150,13625.203
2026-03-09,01:45 - 02:00,14100,13668.923
2026-03-09,02:00 - 02:15,14100,13473.283
2026-03-09,02:15 - 02:30,14100,13526.902
2026-03-09,02:30 - 02:45,14100,13577.685
2026-03-09,02:45 - 03:00,14100,13735.222
2026-03-09,03:00 - 03:15,14100,13690.256
2026-03-09,03:15 - 03:30,14100,13919.096
2026-03-09,03:30 - 03:45,14100,14076.934
2026-03-09,03:45 - 04:00,14200,14032.935
2026-03-09,04:00 - 04:15,14450,14355.734
2026-03-09,04:15 - 04:30,14700,14467.382
2026-03-09,04:30 - 04:45,15000,14743.752
2026-03-09,04:45 - 05:00,15250,14710.741
2026-03-09,05:00 - 05:15,15550,15340.009
2026-03-09,05:15 - 05:30,15950,15634.657
2026-03-09,05:30 - 05:45,16550,16291.86
2026-03-09,05:45 - 06:00,17250,16820.684
2026-03-09,06:00 - 06:15,18300,17941.494
2026-03-09,06:15 - 06:30,18900,18540.316
2026-03-09,06:30 - 06:45,19500,18924.844
2026-03-09,06:45 - 07:00,20050,19541.758
2026-03-09,07:00 - 07:15,20550,19790.346
2026-03-09,07:15 - 07:30,20800,19899.473
2026-03-09,07:30 - 07:45,20950,19879.637
2026-03-09,07:45 - 08:00,21000,20004.54
2026-03-09,08:00 - 08:15,21000,20267.75
2026-03-09,08:15 - 08:30,21000,20105.99
2026-03-09,08:30 - 08:45,20900,19835.51
2026-03-09,08:45 - 09:00,20650,19925.594
2026-03-09,09:00 - 09:15,20450,19905.162
2026-03-09,09:15 - 09:30,20250,19831.352
2026-03-09,09:30 - 09:45,20050,19539.154
2026-03-09,09:45 - 10:00,19800,19292.625
2026-03-09,10:00 - 10:15,19600,19078.771
2026-03-09,10:15 - 10:30,19450,19445.98
2026-03-09,10:30 - 10:45,19450,19158.348
2026-03-09,10:45 - 11:00,19450,19161.93
2026-03-09,11:00 - 11:15,19450,19104.219
2026-03-09,11:15 - 11:30,19450,19188.785
2026-03-09,11:30 - 11:45,19450,19164.031
2026-03-09,11:45 - 12:00,19450,18989.928
2026-03-09,12:00 - 12:15,19450,19191.54
2026-03-09,12:15 - 12:30,19450,19227.146
2026-03-09,12:30 - 12:45,19450,19356.592
2026-03-09,12:45 - 13:00,19550,19287.113
2026-03-09,13:00 - 13:15,19750,19364.684
2026-03-09,13:15 - 13:30,19800,19150.523
2026-03-09,13:30 - 13:45,19700,19087.676
2026-03-09,13:45 - 14:00,19300,18427.363
2026-03-09,14:00 - 14:15,19600,18934.262
2026-03-09,14:15 - 14:30,19800,19223.035
2026-03-09,14:30 - 14:45,19950,19421.012
2026-03-09,14:45 - 15:00,19950,19141.314
2026-03-09,15:00 - 15:15,20000,19484.207
2026-03-09,15:15 - 15:30,20250,19649.84
2026-03-09,15:30 - 15:45,20450,20088.13
2026-03-09,15:45 - 16:00,20650,20056.002
2026-03-09,16:00 - 16:15,20800,20466.31
2026-03-09,16:15 - 16:30,21000,20606.494
2026-03-09,16:30 - 16:45,21300,20838.725
2026-03-09,16:45 - 17:00,21400,20819.805
2026-03-09,17:00 - 17:15,21500,20782.236
2026-03-09,17:15 - 17:30,21650,20913.088
2026-03-09,17:30 - 17:45,21900,21051.754
2026-03-09,17:45 - 18:00,21950,21506.559
2026-03-09,18:00 - 18:15,22150,21250.33
2026-03-09,18:15 - 18:30,22200,21455.455
2026-03-09,18:30 - 18:45,22200,21559.459
2026-03-09,18:45 - 19:00,22200,21512.135
2026-03-09,19:00 - 19:15,22200,21442.213
2026-03-09,19:15 - 19:30,22200,21624.773
2026-03-09,19:30 - 19:45,22200,21324.531
2026-03-09,19:45 - 20:00,22100,21320.297
2026-03-09,20:00 - 20:15,21950,21120.518
2026-03-09,20:15 - 20:30,21750,21007.03
2026-03-09,20:30 - 20:45,21500,20885.46
2026-03-09,20:45 - 21:00,21100,20443.426
2026-03-09,21:00 - 21:15,20700,20139.87
2026-03-09,21:15 - 21:30,20250,19556.621
2026-03-09,21:30 - 21:45,19700,19305.93
2026-03-09,21:45 - 22:00,19050,18248.58
2026-03-09,22:00 - 22:15,18900,18354.959
2026-03-09,22:15 - 22:30,18650,18023.83
2026-03-09,22:30 - 22:45,18350,17788.527
2026-03-09,22:45 - 23:00,18000,17347.555
2026-03-09,23:00 - 23:15,17700,17218.477
2026-03-09,23:15 - 23:30,17350,16594.93
2026-03-09,23:30 - 23:45,17050,16417.154
2026-03-09,23:45 - 24:00,16800,16130.819
2026-03-10,00:00 - 00:15,16600,15903.936
2026-03-10,00:15 - 00:30,16500,15725.67
2026-03-10,00:30 - 00:45,16350,15473.384
2026-03-10,00:45 - 01:00,16250,15441.327
2026-03-10,01:00 - 01:15,16100,15484.045
2026-03-10,01:15 - 01:30,16000,15450.699
2026-03-10,01:30 - 01:45,15950,15256.651
2026-03-10,01:45 - 02:00,15950,15110.427
2026-03-10,02:00 - 02:15,15950,14933.311
2026-03-10,02:15 - 02:30,15950,15152.677
2026-03-10,02:30 - 02:45,15950,15215.34
2026-03-10,02:45 - 03:00,15950,15123.196
2026-03-10,03:00 - 03:15,15950,15254.354
2026-03-10,03:15 - 03:30,15950,15172.201
2026-03-10,03:30 - 03:45,16000,15341.126
2026-03-10,03:45 - 04:00,16150,15393.52
2026-03-10,04:00 - 04:15,16300,15694.346
2026-03-10,04:15 - 04:30,16500,15693.243
2026-03-10,04:30 - 04:45,16700,15891.383
2026-03-10,04:45 - 05:00,16900,16146.233
2026-03-10,05:00 - 05:15,17150,16339.715
2026-03-10,05:15 - 05:30,17450,16689.393
2026-03-10,05:30 - 05:45,17800,17016.213
2026-03-10,05:45 - 06:00,18250,17458.25
2026-03-10,06:00 - 06:15,19100,18430.527
2026-03-10,06:15 - 06:30,19750,19016.207
2026-03-10,06:30 - 06:45,20250,19160.574
2026-03-10,06:45 - 07:00,20700,19929.451
2026-03-10,07:00 - 07:15,21000,20131.525
2026-03-10,07:15 - 07:30,21150,20251.654
2026-03-10,07:30 - 07:45,21150,20221.525
2026-03-10,07:45 - 08:00,21150,20087.65
2026-03-10,08:00 - 08:15,21150,20447.83
2026-03-10,08:15 - 08:30,21100,20413.082
2026-03-10,08:30 - 08:45,20950,20573.22
2026-03-10,08:45 - 09:00,20700,20242.184
2026-03-10,09:00 - 09:15,20500,20398.178
2026-03-10,09:15 - 09:30,20300,20276.043
2026-03-10,09:30 - 09:45,20050,20174.793
2026-03-10,09:45 - 10:00,19850,19768.191
2026-03-10,10:00 - 10:15,19650,19434.738
2026-03-10,10:15 - 10:30,19550,19511.582
2026-03-10,10:30 - 10:45,19550,18895.014
2026-03-10,10:45 - 11:00,19550,19674.018
2026-03-10,11:00 - 11:15,19550,19823.441
2026-03-10,11:15 - 11:30,19550,19793.215
2026-03-10,11:30 - 11:45,19550,19667.111
2026-03-10,11:45 - 12:00,19550,19652.213
2026-03-10,12:00 - 12:15,19550,19834.846
2026-03-10,12:15 - 12:30,19550,20032.28
2026-03-10,12:30 - 12:45,19550,19987.684
2026-03-10,12:45 - 13:00,19750,20107.842
2026-03-10,13:00 - 13:15,19750,20017.717
2026-03-10,13:15 - 13:30,19700,19919.605
2026-03-10,13:30 - 13:45,19600,19623.822
2026-03-10,13:45 - 14:00,19150,19284.346
2026-03-10,14:00 - 14:15,19600,19702.074
2026-03-10,14:15 - 14:30,19850,20008.762
2026-03-10,14:30 - 14:45,20000,20519.707
2026-03-10,14:45 - 15:00,19950,20518.33
2026-03-10,15:00 - 15:15,20150,20858.844
2026-03-10,15:15 - 15:30,20400,20813.45
2026-03-10,15:30 - 15:45,20550,21167.26
2026-03-10,15:45 - 16:00,20750,20942.285
2026-03-10,16:00 - 16:15,20950,21067.14
2026-03-10,16:15 - 16:30,21050,21370.102
2026-03-10,16:30 - 16:45,21250,21382.191
2026-03-10,16:45 - 17:00,21200,21566.695
2026-03-10,17:00 - 17:15,21350,21399.477
2026-03-10,17:15 - 17:30,21500,21659.39
2026-03-10,17:30 - 17:45,21700,21899.605
2026-03-10,17:45 - 18:00,21750,22038.326
2026-03-10,18:00 - 18:15,21950,21507.648
2026-03-10,18:15 - 18:30,22000,21705.783
2026-03-10,18:30 - 18:45,22150,22088.37
2026-03-10,18:45 - 19:00,22150,22058.4
2026-03-10,19:00 - 19:15,22150,22049.934
2026-03-10,19:15 - 19:30,22150,22132.863
2026-03-10,19:30 - 19:45,22100,21928.426
2026-03-10,19:45 - 20:00,22000,21986.703
2026-03-10,20:00 - 20:15,21850,21587.945
2026-03-10,20:15 - 20:30,21650,21507.002
2026-03-10,20:30 - 20:45,21450,21283.639
2026-03-10,20:45 - 21:00,21050,20722.934
2026-03-10,21:00 - 21:15,20650,20421.986
2026-03-10,21:15 - 21:30,20250,19984.836
2026-03-10,21:30 - 21:45,19600,19477.32
2026-03-10,21:45 - 22:00,19050,18846.648
2026-03-10,22:00 - 22:15,19000,18664.693
2026-03-10,22:15 - 22:30,18750,18384.76
2026-03-10,22:30 - 22:45,18350,18030.627
2026-03-10,22:45 - 23:00,18100,17557.633
2026-03-10,23:00 - 23:15,17750,17221.686
2026-03-10,23:15 - 23:30,17400,16961.934
2026-03-10,23:30 - 23:45,17050,16621.492
2026-03-10,23:45 - 24:00,16850,16360.395
2026-03-11,00:00 - 00:15,16150,16215.574
2026-03-11,00:15 - 00:30,15950,16016.57
2026-03-11,00:30 - 00:45,15800,15853.063
2026-03-11,00:45 - 01:00,15700,15783.834
2026-03-11,01:00 - 01:15,15550,15703.935
2026-03-11,01:15 - 01:30,15450,15630.719
2026-03-11,01:30 - 01:45,15400,15618.627
2026-03-11,01:45 - 02:00,15400,15400.129
2026-03-11,02:00 - 02:15,15400,15555.832
2026-03-11,02:15 - 02:30,15400,15544.966
2026-03-11,02:30 - 02:45,15400,15449.238
2026-03-11,02:45 - 03:00,15400,15469.267
2026-03-11,03:00 - 03:15,15400,15576.13
2026-03-11,03:15 - 03:30,15400,15629.273
2026-03-11,03:30 - 03:45,15450,15707.761
2026-03-11,03:45 - 04:00,15600,15687.234
2026-03-11,04:00 - 04:15,15750,16027.988
2026-03-11,04:15 - 04:30,15950,16110.632
2026-03-11,04:30 - 04:45,16150,16258.01
2026-03-11,04:45 - 05:00,16350,16422.684
2026-03-11,05:00 - 05:15,16700,16678.35
2026-03-11,05:15 - 05:30,17000,16947.541
2026-03-11,05:30 - 05:45,17350,17161.627
2026-03-11,05:45 - 06:00,17800,17711.904
2026-03-11,06:00 - 06:15,18650,19103.514
2026-03-11,06:15 - 06:30,19300,19500.281
2026-03-11,06:30 - 06:45,19800,19730.488
2026-03-11,06:45 - 07:00,20250,20064.979
2026-03-11,07:00 - 07:15,20550,20481.309
2026-03-11,07:15 - 07:30,20700,20451.402
2026-03-11,07:30 - 07:45,20700,20111.275
2026-03-11,07:45 - 08:00,20700,20030.795
2026-03-11,08:00 - 08:15,20700,19989.234
2026-03-11,08:15 - 08:30,20650,20047.762
2026-03-11,08:30 - 08:45,20550,19881.244
2026-03-11,08:45 - 09:00,20450,19821.912
2026-03-11,09:00 - 09:15,20300,19652.406
2026-03-11,09:15 - 09:30,20100,19417.777
2026-03-11,09:30 - 09:45,19950,19297.361
2026-03-11,09:45 - 10:00,19850,19102.176
2026-03-11,10:00 - 10:15,19650,17999.32
2026-03-11,10:15 - 10:30,19550,18759.05
2026-03-11,10:30 - 10:45,19550,18357.92
2026-03-11,10:45 - 11:00,19550,18412.996
2026-03-11,11:00 - 11:15,19550,18740.781
2026-03-11,11:15 - 11:30,19550,18913.06
2026-03-11,11:30 - 11:45,19550,18827.398
2026-03-11,11:45 - 12:00,19550,18541.115
2026-03-11,12:00 - 12:15,19550,18589.482
2026-03-11,12:15 - 12:30,19550,18800.113
2026-03-11,12:30 - 12:45,19550,18962.572
2026-03-11,12:45 - 13:00,19650,18818.934
2026-03-11,13:00 - 13:15,19650,19093.598
2026-03-11,13:15 - 13:30,19600,19025.803
2026-03-11,13:30 - 13:45,19500,18958.656
2026-03-11,13:45 - 14:00,19050,18641.416
2026-03-11,14:00 - 14:15,19500,19158.6
2026-03-11,14:15 - 14:30,19750,19300.023
2026-03-11,14:30 - 14:45,19900,19569.94
2026-03-11,14:45 - 15:00,19850,19511.467
2026-03-11,15:00 - 15:15,20050,19636.176
2026-03-11,15:15 - 15:30,20300,20034.604
2026-03-11,15:30 - 15:45,20450,20315.783
2026-03-11,15:45 - 16:00,20650,20452.77
2026-03-11,16:00 - 16:15,20850,20509.154
2026-03-11,16:15 - 16:30,20950,20561.037
2026-03-11,16:30 - 16:45,21150,20855.623
2026-03-11,16:45 - 17:00,21100,21005.943
2026-03-11,17:00 - 17:15,21250,21031.314
2026-03-11,17:15 - 17:30,21400,21119.248
2026-03-11,17:30 - 17:45,21600,21456.975
2026-03-11,17:45 - 18:00,21550,21616.32
2026-03-11,18:00 - 18:15,21750,21372.463
2026-03-11,18:15 - 18:30,21800,21683.781
2026-03-11,18:30 - 18:45,21850,21780.09
2026-03-11,18:45 - 19:00,21850,21620.172
2026-03-11,19:00 - 19:15,21850,21709.53
2026-03-11,19:15 - 19:30,21850,21714.922
2026-03-11,19:30 - 19:45,21800,21639.99
2026-03-11,19:45 - 20:00,21700,21209.602
2026-03-11,20:00 - 20:15,21550,21084.047
2026-03-11,20:15 - 20:30,21350,20882.139
2026-03-11,20:30 - 20:45,21150,20468.566
2026-03-11,20:45 - 21:00,20750,20315.615
2026-03-11,21:00 - 21:15,20350,19901.436
2026-03-11,21:15 - 21:30,19950,19325.383
2026-03-11,21:30 - 21:45,19300,18864.398
2026-03-11,21:45 - 22:00,18750,18063.992
2026-03-11,22:00 - 22:15,18700,18110.107
2026-03-11,22:15 - 22:30,18450,17924.018
2026-03-11,22:30 - 22:45,18050,17586.906
2026-03-11,22:45 - 23:00,17800,17159.799
2026-03-11,23:00 - 23:15,17450,16867.186
2026-03-11,23:15 - 23:30,17100,16490.027
2026-03-11,23:30 - 23:45,16750,16237.073
2026-03-11,23:45 - 24:00,16550,15874.264
2026-03-12,00:00 - 00:15,16000,16018.031
2026-03-12,00:15 - 00:30,15800,15846.485
2026-03-12,00:30 - 00:45,15650,15690.388
2026-03-12,00:45 - 01:00,15550,15462.597
2026-03-12,01:00 - 01:15,15400,15507.734
2026-03-12,01:15 - 01:30,15300,15364.737
2026-03-12,01:30 - 01:45,15250,15333.991
2026-03-12,01:45 - 02:00,15250,15203.027
2026-03-12,02:00 - 02:15,15250,15108.166
2026-03-12,02:15 - 02:30,15250,15073.371
2026-03-12,02:30 - 02:45,15250,15189.016
2026-03-12,02:45 - 03:00,15250,15102.093
2026-03-12,03:00 - 03:15,15250,15189.915
2026-03-12,03:15 - 03:30,15250,15281.88
2026-03-12,03:30 - 03:45,15300,15378.299
2026-03-12,03:45 - 04:00,15450,15510.657
2026-03-12,04:00 - 04:15,15600,15350.782
2026-03-12,04:15 - 04:30,15800,15742.328
2026-03-12,04:30 - 04:45,16000,15941.117
2026-03-12,04:45 - 05:00,16200,16035.068
2026-03-12,05:00 - 05:15,16550,16241.01
2026-03-12,05:15 - 05:30,16850,16627.719
2026-03-12,05:30 - 05:45,17200,16907.691
2026-03-12,05:45 - 06:00,17800,17567.637
2026-03-12,06:00 - 06:15,18750,18780.785
2026-03-12,06:15 - 06:30,19450,19152.297
2026-03-12,06:30 - 06:45,19950,19671.256
2026-03-12,06:45 - 07:00,20400,20007.191
2026-03-12,07:00 - 07:15,20700,20360.834
2026-03-12,07:15 - 07:30,20850,20477.074
2026-03-12,07:30 - 07:45,20900,20309.617
2026-03-12,07:45 - 08:00,20950,20489.309
2026-03-12,08:00 - 08:15,20950,20450.322
2026-03-12,08:15 - 08:30,20950,20406.967
2026-03-12,08:30 - 08:45,20950,20434.426
2026-03-12,08:45 - 09:00,20950,20400.975
2026-03-12,09:00 - 09:15,20900,20121.225
2026-03-12,09:15 - 09:30,20750,20062.855
2026-03-12,09:30 - 09:45,20600,19828.254
2026-03-12,09:45 - 10:00,20200,19461.336
2026-03-12,10:00 - 10:15,20100,19541.488
2026-03-12,10:15 - 10:30,20200,19558.945
2026-03-12,10:30 - 10:45,20400,19552.09
2026-03-12,10:45 - 11:00,20450,19435.72
2026-03-12,11:00 - 11:15,20500,19331.123
2026-03-12,11:15 - 11:30,20500,19524.9
2026-03-12,11:30 - 11:45,20500,19536.041
2026-03-12,11:45 - 12:00,20500,19525.607
2026-03-12,12:00 - 12:15,20500,19725.107
2026-03-12,12:15 - 12:30,20500,20143.885
2026-03-12,12:30 - 12:45,20550,20220.334
2026-03-12,12:45 - 13:00,20650,20233.848
2026-03-12,13:00 - 13:15,20700,20447.33
2026-03-12,13:15 - 13:30,20600,20760.535
2026-03-12,13:30 - 13:45,20250,20406.018
2026-03-12,13:45 - 14:00,19800,20091.086
2026-03-12,14:00 - 14:15,20200,20070.902
2026-03-12,14:15 - 14:30,20450,20445.545
2026-03-12,14:30 - 14:45,20650,20541.729
2026-03-12,14:45 - 15:00,20800,20683.602
2026-03-12,15:00 - 15:15,20950,20299.111
2026-03-12,15:15 - 15:30,21150,20695.516
2026-03-12,15:30 - 15:45,21300,20780.316
2026-03-12,15:45 - 16:00,21400,20824.652
2026-03-12,16:00 - 16:15,21500,20994.547
2026-03-12,16:15 - 16:30,21600,21190.143
2026-03-12,16:30 - 16:45,21700,21257.467
2026-03-12,16:45 - 17:00,21750,21263.768
2026-03-12,17:00 - 17:15,21800,21419.771
2026-03-12,17:15 - 17:30,21900,21566.994
2026-03-12,17:30 - 17:45,22050,21841.938
2026-03-12,17:45 - 18:00,22200,21978.74
2026-03-12,18:00 - 18:15,22200,21885.979
2026-03-12,18:15 - 18:30,22200,22232.82
2026-03-12,18:30 - 18:45,22200,22263.697
2026-03-12,18:45 - 19:00,22200,22279.63
2026-03-12,19:00 - 19:15,22200,22277.836
2026-03-12,19:15 - 19:30,22200,22186.975
2026-03-12,19:30 - 19:45,22200,22143.844
2026-03-12,19:45 - 20:00,22150,21851.26
2026-03-12,20:00 - 20:15,21900,21705.545
2026-03-12,20:15 - 20:30,21700,21453.842
2026-03-12,20:30 - 20:45,21450,21165.672
2026-03-12,20:45 - 21:00,21150,20684.523
2026-03-12,21:00 - 21:15,20750,20354.91
2026-03-12,21:15 - 21:30,20350,19862.52
2026-03-12,21:30 - 21:45,19700,19190.646
2026-03-12,21:45 - 22:00,18900,18566.516
2026-03-12,22:00 - 22:15,18700,18483.887
2026-03-12,22:15 - 22:30,18450,18163.89
2026-03-12,22:30 - 22:45,18150,17687.762
2026-03-12,22:45 - 23:00,17800,17354.092
2026-03-12,23:00 - 23:15,17550,17053.248
2026-03-12,23:15 - 23:30,17200,16901.898
2026-03-12,23:30 - 23:45,16850,16452.336
2026-03-12,23:45 - 24:00,16550,16232.916
2026-03-13,00:00 - 00:15,16200,16124.802
2026-03-13,00:15 - 00:30,16000,15796.3
2026-03-13,00:30 - 00:45,15850,15693.109
2026-03-13,00:45 - 01:00,15750,15575.893
2026-03-13,01:00 - 01:15,15600,15536.617
2026-03-13,01:15 - 01:30,15500,15430.115
2026-03-13,01:30 - 01:45,15450,15337.807
2026-03-13,01:45 - 02:00,15450,15173.772
2026-03-13,02:00 - 02:15,15450,15513.649
2026-03-13,02:15 - 02:30,15450,15487.481
2026-03-13,02:30 - 02:45,15450,15654.106
2026-03-13,02:45 - 03:00,15450,15437.581
2026-03-13,03:00 - 03:15,15450,15559.356
2026-03-13,03:15 - 03:30,15450,15732.385
2026-03-13,03:30 - 03:45,15500,15595.173
2026-03-13,03:45 - 04:00,15650,15759.6
2026-03-13,04:00 - 04:15,15800,15916.344
2026-03-13,04:15 - 04:30,16000,15870.282
2026-03-13,04:30 - 04:45,16200,16057.449
2026-03-13,04:45 - 05:00,16400,16210.236
2026-03-13,05:00 - 05:15,16750,16324.766
2026-03-13,05:15 - 05:30,17050,16401.842
2026-03-13,05:30 - 05:45,17400,16963.234
2026-03-13,05:45 - 06:00,17850,17506.842
2026-03-13,06:00 - 06:15,18700,18325.8
2026-03-13,06:15 - 06:30,19350,18952.604
2026-03-13,06:30 - 06:45,19750,19200.887
2026-03-13,06:45 - 07:00,20200,19661.678
2026-03-13,07:00 - 07:15,20500,20006.197
2026-03-13,07:15 - 07:30,20550,19997.617
2026-03-13,07:30 - 07:45,20550,19888.914
2026-03-13,07:45 - 08:00,20550,19915.518
2026-03-13,08:00 - 08:15,20550,20302.854
2026-03-13,08:15 - 08:30,20450,20110.229
2026-03-13,08:30 - 08:45,20350,19764.467
2026-03-13,08:45 - 09:00,20250,19956.072
2026-03-13,09:00 - 09:15,20100,19981.838
2026-03-13,09:15 - 09:30,19900,19688.154
2026-03-13,09:30 - 09:45,19750,19448.717
2026-03-13,09:45 - 10:00,19600,19158.352
2026-03-13,10:00 - 10:15,19450,19485.26
2026-03-13,10:15 - 10:30,19350,19074.059
2026-03-13,10:30 - 10:45,19350,19390.645
2026-03-13,10:45 - 11:00,19350,19625.484
2026-03-13,11:00 - 11:15,19350,19319.908
2026-03-13,11:15 - 11:30,19350,18974.492
2026-03-13,11:30 - 11:45,19350,19274.932
2026-03-13,11:45 - 12:00,19350,19428.404
2026-03-13,12:00 - 12:15,19350,19028.11
2026-03-13,12:15 - 12:30,19350,18936.3
2026-03-13,12:30 - 12:45,19350,19264.547
2026-03-13,12:45 - 13:00,19450,19389.172
2026-03-13,13:00 - 13:15,19450,19258.293
2026-03-13,13:15 - 13:30,19400,19489.65
2026-03-13,13:30 - 13:45,19250,19130.693
2026-03-13,13:45 - 14:00,18800,18878.139
2026-03-13,14:00 - 14:15,19250,19171.55
2026-03-13,14:15 - 14:30,19500,19208.826
2026-03-13,14:30 - 14:45,19800,19313.38
2026-03-13,14:45 - 15:00,19750,19418.236
2026-03-13,15:00 - 15:15,19950,19357.092
2026-03-13,15:15 - 15:30,20200,19452.344
2026-03-13,15:30 - 15:45,20350,19935.555
2026-03-13,15:45 - 16:00,20550,19677.48
2026-03-13,16:00 - 16:15,20850,19652.488
2026-03-13,16:15 - 16:30,20950,19768.611
2026-03-13,16:30 - 16:45,21150,20086.018
2026-03-13,16:45 - 17:00,21100,19761.484
2026-03-13,17:00 - 17:15,21250,20121.902
2026-03-13,17:15 - 17:30,21400,19957.63
2026-03-13,17:30 - 17:45,21600,20391.525
2026-03-13,17:45 - 18:00,21750,20279.684
2026-03-13,18:00 - 18:15,21750,20341.182
2026-03-13,18:15 - 18:30,21800,20744.707
2026-03-13,18:30 - 18:45,21850,21153.451
2026-03-13,18:45 - 19:00,21850,20927.975
2026-03-13,19:00 - 19:15,21850,20868.21
2026-03-13,19:15 - 19:30,21850,20934.098
2026-03-13,19:30 - 19:45,21800,20824.525
2026-03-13,19:45 - 20:00,21700,20507.006
2026-03-13,20:00 - 20:15,21550,20503.227
2026-03-13,20:15 - 20:30,21350,20257.46
2026-03-13,20:30 - 20:45,21050,19919.357
2026-03-13,20:45 - 21:00,20800,19698.104
2026-03-13,21:00 - 21:15,20400,19252.107
2026-03-13,21:15 - 21:30,20000,18855.629
2026-03-13,21:30 - 21:45,19350,18114.299
2026-03-13,21:45 - 22:00,18550,17493.645
2026-03-13,22:00 - 22:15,18500,17557.889
2026-03-13,22:15 - 22:30,18250,17354.816
2026-03-13,22:30 - 22:45,17950,17139.982
2026-03-13,22:45 - 23:00,17600,16852.764
2026-03-13,23:00 - 23:15,17350,16507.566
2026-03-13,23:15 - 23:30,17000,16147.173
2026-03-13,23:30 - 23:45,16650,15873.87
2026-03-13,23:45 - 24:00,16350,15510.518
2026-03-14,00:00 - 00:15,16250,15516.179
2026-03-14,00:15 - 00:30,16100,15368.137
2026-03-14,00:30 - 00:45,15950,15152.182
2026-03-14,00:45 - 01:00,15800,14822.439
2026-03-14,01:00 - 01:15,15700,14918.112
2026-03-14,01:15 - 01:30,15600,14813.613
2026-03-14,01:30 - 01:45,15500,14629.699
2026-03-14,01:45 - 02:00,15350,14590.788
2026-03-14,02:00 - 02:15,15300,14466.362
2026-03-14,02:15 - 02:30,15300,14382.456
2026-03-14,02:30 - 02:45,15300,14420.266
2026-03-14,02:45 - 03:00,15250,14243.858
2026-03-14,03:00 - 03:15,15200,14277.402
2026-03-14,03:15 - 03:30,15150,14247.67
2026-03-14,03:30 - 03:45,15150,14253.805
2026-03-14,03:45 - 04:00,15150,14206.34
2026-03-14,04:00 - 04:15,15200,14358.643
2026-03-14,04:15 - 04:30,15250,14322.588
2026-03-14,04:30 - 04:45,15350,14448.469
2026-03-14,04:45 - 05:00,15400,14500.926
2026-03-14,05:00 - 05:15,15500,14659.751
2026-03-14,05:15 - 05:30,15500,14449.368
2026-03-14,05:30 - 05:45,15350,14352.396
2026-03-14,05:45 - 06:00,15450,14511.368
2026-03-14,06:00 - 06:15,15800,14901.739
2026-03-14,06:15 - 06:30,16100,15083.848
2026-03-14,06:30 - 06:45,16350,15276.32
2026-03-14,06:45 - 07:00,16650,15472.389
2026-03-14,07:00 - 07:15,17000,15583.043
2026-03-14,07:15 - 07:30,17200,15689.885
2026-03-14,07:30 - 07:45,17300,15703.247
2026-03-14,07:45 - 08:00,17550,16041.825
2026-03-14,08:00 - 08:15,17600,16242.7
2026-03-14,08:15 - 08:30,17650,16355.936
2026-03-14,08:30 - 08:45,17700,16330.139
2026-03-14,08:45 - 09:00,17700,16773.729
2026-03-14,09:00 - 09:15,17650,16728.969
2026-03-14,09:15 - 09:30,17500,16736.031
2026-03-14,09:30 - 09:45,17350,16726.34
2026-03-14,09:45 - 10:00,17250,16801.328
2026-03-14,10:00 - 10:15,17150,16514.84
2026-03-14,10:15 - 10:30,17100,16525.15
2026-03-14,10:30 - 10:45,17050,16543.506
2026-03-14,10:45 - 11:00,16900,16461.549
2026-03-14,11:00 - 11:15,16800,16386.398
2026-03-14,11:15 - 11:30,16700,16300.319
2026-03-14,11:30 - 11:45,16650,16264.419
2026-03-14,11:45 - 12:00,16700,16149.378
2026-03-14,12:00 - 12:15,16800,16188.836
2026-03-14,12:15 - 12:30,16850,16221.043
2026-03-14,12:30 - 12:45,16900,16167.081
2026-03-14,12:45 - 13:00,16850,16163.276
2026-03-14,13:00 - 13:15,16950,16056.12
2026-03-14,13:15 - 13:30,16950,15930.601
2026-03-14,13:30 - 13:45,16850,16057.977
2026-03-14,13:45 - 14:00,16700,15886.279
2026-03-14,14:00 - 14:15,16750,15915.725
2026-03-14,14:15 - 14:30,16800,16137.768
2026-03-14,14:30 - 14:45,16850,16253.335
2026-03-14,14:45 - 15:00,16950,16171.085
2026-03-14,15:00 - 15:15,16950,16306.413
2026-03-14,15:15 - 15:30,17200,16416.56
2026-03-14,15:30 - 15:45,17400,16836.295
2026-03-14,15:45 - 16:00,17450,16658.596
2026-03-14,16:00 - 16:15,17650,17098.426
2026-03-14,16:15 - 16:30,17800,17236.303
2026-03-14,16:30 - 16:45,17850,17548.146
2026-03-14,16:45 - 17:00,17900,17386.916
2026-03-14,17:00 - 17:15,17950,17654.53
2026-03-14,17:15 - 17:30,18050,17655.736
2026-03-14,17:30 - 17:45,18400,17741.43
2026-03-14,17:45 - 18:00,18750,17934.69
2026-03-14,18:00 - 18:15,19000,18188.346
2026-03-14,18:15 - 18:30,19100,18438.672
2026-03-14,18:30 - 18:45,19100,18373.8
2026-03-14,18:45 - 19:00,19100,18271.834
2026-03-14,19:00 - 19:15,19050,18241.139
2026-03-14,19:15 - 19:30,19000,18206.338
2026-03-14,19:30 - 19:45,18850,17998.266
2026-03-14,19:45 - 20:00,18700,17973.398
2026-03-14,20:00 - 20:15,18550,17725.049
2026-03-14,20:15 - 20:30,18350,17541.686
2026-03-14,20:30 - 20:45,18100,17343.434
2026-03-14,20:45 - 21:00,17850,16994.217
2026-03-14,21:00 - 21:15,17550,16853.367
2026-03-14,21:15 - 21:30,17300,16561.064
2026-03-14,21:30 - 21:45,17000,16239.469
2026-03-14,21:45 - 22:00,16700,16036.936
2026-03-14,22:00 - 22:15,16500,15874.496
2026-03-14,22:15 - 22:30,16300,15579.583
2026-03-14,22:30 - 22:45,16100,15365.714
2026-03-14,22:45 - 23:00,15850,15273.691
2026-03-14,23:00 - 23:15,15550,14852.433
2026-03-14,23:15 - 23:30,15250,14688.926
2026-03-14,23:30 - 23:45,14950,14263.936
2026-03-14,23:45 - 24:00,14700,14113.729
2026-03-15,00:00 - 00:15,14400,13947.516
2026-03-15,00:15 - 00:30,14250,13674.977
2026-03-15,00:30 - 00:45,14100,13701.156
2026-03-15,00:45 - 01:00,13950,13509.035
2026-03-15,01:00 - 01:15,13850,13485.518
2026-03-15,01:15 - 01:30,13750,13359.715
2026-03-15,01:30 - 01:45,13650,13373.008
2026-03-15,01:45 - 02:00,13550,13172.9
2026-03-15,02:00 - 02:15,13500,13189.517
2026-03-15,02:15 - 02:30,13450,13074.147
2026-03-15,02:30 - 02:45,13450,13066.108
2026-03-15,02:45 - 03:00,13450,13104.33
2026-03-15,03:00 - 03:15,13450,13177.764
2026-03-15,03:15 - 03:30,13450,12897.3
2026-03-15,03:30 - 03:45,13450,13133.533
2026-03-15,03:45 - 04:00,13450,13164.303
2026-03-15,04:00 - 04:15,13450,13071.93
2026-03-15,04:15 - 04:30,13450,13119.071
2026-03-15,04:30 - 04:45,13450,13385.581
2026-03-15,04:45 - 05:00,13450,13363.081
2026-03-15,05:00 - 05:15,13450,13456.211
2026-03-15,05:15 - 05:30,13450,13425.356
2026-03-15,05:30 - 05:45,13450,13395.098
2026-03-15,05:45 - 06:00,13450,13266.638
2026-03-15,06:00 - 06:15,13550,13458.787
2026-03-15,06:15 - 06:30,13700,13453.099
2026-03-15,06:30 - 06:45,13850,13469.878
2026-03-15,06:45 - 07:00,14000,13438.551
2026-03-15,07:00 - 07:15,14100,13624.957
2026-03-15,07:15 - 07:30,14200,13834.823
2026-03-15,07:30 - 07:45,14350,13869.175
2026-03-15,07:45 - 08:00,14550,14236.617
2026-03-15,08:00 - 08:15,14750,14451.385
2026-03-15,08:15 - 08:30,14950,14599.122
2026-03-15,08:30 - 08:45,15150,14360.605
2026-03-15,08:45 - 09:00,15250,14764.911
2026-03-15,09:00 - 09:15,15350,15063.97
2026-03-15,09:15 - 09:30,15450,14764.993
2026-03-15,09:30 - 09:45,15500,14842.952
2026-03-15,09:45 - 10:00,15550,14744.346
2026-03-15,10:00 - 10:15,15650,14724.464
2026-03-15,10:15 - 10:30,15750,14941.684
2026-03-15,10:30 - 10:45,15850,15056.741
2026-03-15,10:45 - 11:00,15950,15009.587
2026-03-15,11:00 - 11:15,16000,14600.603
2026-03-15,11:15 - 11:30,16050,14862.875
2026-03-15,11:30 - 11:45,16100,14851.424
2026-03-15,11:45 - 12:00,16100,14824.719
2026-03-15,12:00 - 12:15,16100,15040.854
2026-03-15,12:15 - 12:30,16150,15127.899
2026-03-15,12:30 - 12:45,16200,15194.275
2026-03-15,12:45 - 13:00,16250,14939.596
2026-03-15,13:00 - 13:15,16250,15638.467
2026-03-15,13:15 - 13:30,16250,15516.91
2026-03-15,13:30 - 13:45,16250,15710.846
2026-03-15,13:45 - 14:00,16250,15503.339
2026-03-15,14:00 - 14:15,16250,15448.339
2026-03-15,14:15 - 14:30,16250,15498.75
2026-03-15,14:30 - 14:45,16250,15518.456
2026-03-15,14:45 - 15:00,16300,15609.372
2026-03-15,15:00 - 15:15,16350,15439.914
2026-03-15,15:15 - 15:30,16400,15545.788
2026-03-15,15:30 - 15:45,16450,15675.907
2026-03-15,15:45 - 16:00,16500,15813.83
2026-03-15,16:00 - 16:15,16550,15995.426
2026-03-15,16:15 - 16:30,16600,16218.554
2026-03-15,16:30 - 16:45,16800,16212.132
2026-03-15,16:45 - 17:00,17000,16524.143
2026-03-15,17:00 - 17:15,17150,16761.215
2026-03-15,17:15 - 17:30,17350,16810.143
2026-03-15,17:30 - 17:45,17500,16936.236
2026-03-15,17:45 - 18:00,17700,17486.805
2026-03-15,18:00 - 18:15,18000,17686.223
2026-03-15,18:15 - 18:30,18100,18064.195
2026-03-15,18:30 - 18:45,18100,18037.273
2026-03-15,18:45 - 19:00,18100,18170.504
2026-03-15,19:00 - 19:15,18100,18100.506
2026-03-15,19:15 - 19:30,18100,18216.186
2026-03-15,19:30 - 19:45,18100,18252.88
2026-03-15,19:45 - 20:00,18100,18107.525
2026-03-15,20:00 - 20:15,18050,17990.86
2026-03-15,20:15 - 20:30,17900,17772.336
2026-03-15,20:30 - 20:45,17700,17531.332
2026-03-15,20:45 - 21:00,17500,17304.477
2026-03-15,21:00 - 21:15,17300,17224.34
2026-03-15,21:15 - 21:30,17050,16907.533
2026-03-15,21:30 - 21:45,16800,16534.467
2026-03-15,21:45 - 22:00,16650,16288.379
2026-03-15,22:00 - 22:15,16500,16205.121
2026-03-15,22:15 - 22:30,16300,15991.104
2026-03-15,22:30 - 22:45,16050,15821.155
2026-03-15,22:45 - 23:00,15800,15540.545
2026-03-15,23:00 - 23:15,15500,15413.037
2026-03-15,23:15 - 23:30,15250,14950.329
2026-03-15,23:30 - 23:45,14950,14770.236
2026-03-15,23:45 - 24:00,14750,14698.497
2026-03-16,00:00 - 00:15,14550,14492.837
2026-03-16,00:15 - 00:30,14450,14361.026
2026-03-16,00:30 - 00:45,14350,14450.441
2026-03-16,00:45 - 01:00,14250,14317.079
2026-03-16,01:00 - 01:15,14150,14262.794
2026-03-16,01:15 - 01:30,14100,14036.686
2026-03-16,01:30 - 01:45,14050,14131.506
2026-03-16,01:45 - 02:00,14000,13989.258
2026-03-16,02:00 - 02:15,13950,13765.081
2026-03-16,02:15 - 02:30,13950,14031.275
2026-03-16,02:30 - 02:45,14000,13894.908
2026-03-16,02:45 - 03:00,14000,13919.452
2026-03-16,03:00 - 03:15,14000,13980.197
2026-03-16,03:15 - 03:30,14100,13890.384
2026-03-16,03:30 - 03:45,14200,14134.926
2026-03-16,03:45 - 04:00,14300,14009.826
2026-03-16,04:00 - 04:15,14500,14377.378
2026-03-16,04:15 - 04:30,14700,14457.451
2026-03-16,04:30 - 04:45,14950,14634.738
2026-03-16,04:45 - 05:00,15200,14600.676
2026-03-16,05:00 - 05:15,15550,15273.742
2026-03-16,05:15 - 05:30,15950,15530.596
2026-03-16,05:30 - 05:45,16500,15908.844
2026-03-16,05:45 - 06:00,17300,16641.504
2026-03-16,06:00 - 06:15,18400,17985.566
2026-03-16,06:15 - 06:30,19000,18579.613
2026-03-16,06:30 - 06:45,19550,18964.523
2026-03-16,06:45 - 07:00,20100,19628.492
2026-03-16,07:00 - 07:15,20600,20124.248
2026-03-16,07:15 - 07:30,20850,20196.006
2026-03-16,07:30 - 07:45,21000,20435.494
2026-03-16,07:45 - 08:00,21200,20616.498
2026-03-16,08:00 - 08:15,21300,20869.875
2026-03-16,08:15 - 08:30,21300,20895.617
2026-03-16,08:30 - 08:45,21300,20798.69
2026-03-16,08:45 - 09:00,21300,20870.852
2026-03-16,09:00 - 09:15,21200,20856.441
2026-03-16,09:15 - 09:30,21100,20870.164
2026-03-16,09:30 - 09:45,20900,20611.35
2026-03-16,09:45 - 10:00,20700,20563.652
2026-03-16,10:00 - 10:15,20600,20328.414
2026-03-16,10:15 - 10:30,20650,20325.559
2026-03-16,10:30 - 10:45,20750,20206.775
2026-03-16,10:45 - 11:00,20850,20525.715
2026-03-16,11:00 - 11:15,20900,20449.86
2026-03-16,11:15 - 11:30,20950,20520.824
2026-03-16,11:30 - 11:45,21000,20445.354
2026-03-16,11:45 - 12:00,21000,20697.2
2026-03-16,12:00 - 12:15,21000,20731.227
2026-03-16,12:15 - 12:30,21050,20474.64
2026-03-16,12:30 - 12:45,21150,20582.434
2026-03-16,12:45 - 13:00,21250,21046.352
2026-03-16,13:00 - 13:15,21350,21129.57
2026-03-16,13:15 - 13:30,21350,21184.736
2026-03-16,13:30 - 13:45,21150,20477.463
2026-03-16,13:45 - 14:00,20800,20099.139
2026-03-16,14:00 - 14:15,21000,20246.445
2026-03-16,14:15 - 14:30,21200,20700.1
2026-03-16,14:30 - 14:45,21250,20972.398
2026-03-16,14:45 - 15:00,21100,20680.5
2026-03-16,15:00 - 15:15,21150,20741.398
2026-03-16,15:15 - 15:30,21150,21023.523
2026-03-16,15:30 - 15:45,21300,21150.828
2026-03-16,15:45 - 16:00,21300,20977.703
2026-03-16,16:00 - 16:15,21350,21235.033
2026-03-16,16:15 - 16:30,21550,21134.756
2026-03-16,16:30 - 16:45,21600,21352.861
2026-03-16,16:45 - 17:00,21700,21266.66
2026-03-16,17:00 - 17:15,21800,21497.379
2026-03-16,17:15 - 17:30,22000,21380.484
2026-03-16,17:30 - 17:45,22200,21783.326
2026-03-16,17:45 - 18:00,22350,21592.402
2026-03-16,18:00 - 18:15,22450,22148.418
2026-03-16,18:15 - 18:30,22550,22091.936
2026-03-16,18:30 - 18:45,22750,22093.422
2026-03-16,18:45 - 19:00,22700,22247.623
2026-03-16,19:00 - 19:15,22650,22219.43
2026-03-16,19:15 - 19:30,22600,22134.355
2026-03-16,19:30 - 19:45,22650,22075.86
2026-03-16,19:45 - 20:00,22500,21818.096
2026-03-16,20:00 - 20:15,22350,21833.145
2026-03-16,20:15 - 20:30,22200,21716.21
2026-03-16,20:30 - 20:45,21950,21329.406
2026-03-16,20:45 - 21:00,21450,21055.727
2026-03-16,21:00 - 21:15,21000,20552.574
2026-03-16,21:15 - 21:30,20550,20248.053
2026-03-16,21:30 - 21:45,20000,19682.723
2026-03-16,21:45 - 22:00,19350,19072.496
2026-03-16,22:00 - 22:15,19200,18937.787
2026-03-16,22:15 - 22:30,18950,18659.53
2026-03-16,22:30 - 22:45,18600,18387.428
2026-03-16,22:45 - 23:00,18300,17916.533
2026-03-16,23:00 - 23:15,18000,17550.09
2026-03-16,23:15 - 23:30,17650,17138.23
2026-03-16,23:30 - 23:45,17350,16738.277
2026-03-16,23:45 - 24:00,17000,16477.246
2026-03-17,00:00 - 00:15,16500,16343.724
2026-03-17,00:15 - 00:30,16300,16238.872
2026-03-17,00:30 - 00:45,16150,16062.953
2026-03-17,00:45 - 01:00,16000,16085.477
2026-03-17,01:00 - 01:15,15900,15980.532
2026-03-17,01:15 - 01:30,15850,15812.145
2026-03-17,01:30 - 01:45,15800,15757.712
2026-03-17,01:45 - 02:00,15650,15699.677
2026-03-17,02:00 - 02:15,15650,15507.334
2026-03-17,02:15 - 02:30,15650,15597.292
2026-03-17,02:30 - 02:45,15650,15606.656
2026-03-17,02:45 - 03:00,15650,15468.576
2026-03-17,03:00 - 03:15,15650,15607.055
2026-03-17,03:15 - 03:30,15700,15621.542
2026-03-17,03:30 - 03:45,15750,15656.572
2026-03-17,03:45 - 04:00,15850,15641.107
2026-03-17,04:00 - 04:15,16000,15984.687
2026-03-17,04:15 - 04:30,16150,16045.944
2026-03-17,04:30 - 04:45,16300,16339.332
2026-03-17,04:45 - 05:00,16450,16459.244
2026-03-17,05:00 - 05:15,16700,16747.36
2026-03-17,05:15 - 05:30,17000,16895.533
2026-03-17,05:30 - 05:45,17400,17399.297
2026-03-17,05:45 - 06:00,17950,17523.219
2026-03-17,06:00 - 06:15,19100,18933.197
2026-03-17,06:15 - 06:30,19600,19300.256
2026-03-17,06:30 - 06:45,19950,19957.664
2026-03-17,06:45 - 07:00,20400,20362.068
2026-03-17,07:00 - 07:15,20800,20825.727
2026-03-17,07:15 - 07:30,20900,20997.193
2026-03-17,07:30 - 07:45,20900,20867.635
2026-03-17,07:45 - 08:00,21000,21170.371
2026-03-17,08:00 - 08:15,21050,21416.357
2026-03-17,08:15 - 08:30,20900,21398.922
2026-03-17,08:30 - 08:45,20800,21413.178
2026-03-17,08:45 - 09:00,20800,21379.707
2026-03-17,09:00 - 09:15,20750,21442.121
2026-03-17,09:15 - 09:30,20600,21129.941
2026-03-17,09:30 - 09:45,20400,21236.898
2026-03-17,09:45 - 10:00,20150,20649.953
2026-03-17,10:00 - 10:15,19950,20422.994
2026-03-17,10:15 - 10:30,20000,20568.26
2026-03-17,10:30 - 10:45,20000,21175.48
2026-03-17,10:45 - 11:00,20050,21218.682
2026-03-17,11:00 - 11:15,20100,21444.988
2026-03-17,11:15 - 11:30,20200,21237.254
2026-03-17,11:30 - 11:45,20250,21470.3
2026-03-17,11:45 - 12:00,20250,21168.977
2026-03-17,12:00 - 12:15,20350,21307.324
2026-03-17,12:15 - 12:30,20400,21185.21
2026-03-17,12:30 - 12:45,20450,21362.041
2026-03-17,12:45 - 13:00,20500,21409.492
2026-03-17,13:00 - 13:15,20600,21824.871
2026-03-17,13:15 - 13:30,20600,21301.494
2026-03-17,13:30 - 13:45,20350,21595.506
2026-03-17,13:45 - 14:00,19900,21445.205
2026-03-17,14:00 - 14:15,20050,21864.783
2026-03-17,14:15 - 14:30,20250,21944.035
2026-03-17,14:30 - 14:45,20400,21607.645
2026-03-17,14:45 - 15:00,20450,21277.1
2026-03-17,15:00 - 15:15,20450,21151.688
2026-03-17,15:15 - 15:30,20650,21645.582
2026-03-17,15:30 - 15:45,20850,21628.781
2026-03-17,15:45 - 16:00,20950,21524.281
2026-03-17,16:00 - 16:15,21100,21581.875
2026-03-17,16:15 - 16:30,21250,21632.44
2026-03-17,16:30 - 16:45,21350,21642.318
2026-03-17,16:45 - 17:00,21350,21898.79
2026-03-17,17:00 - 17:15,21450,21852.697
2026-03-17,17:15 - 17:30,21500,21711.293
2026-03-17,17:30 - 17:45,21800,22025.236
2026-03-17,17:45 - 18:00,21900,22003.05
2026-03-17,18:00 - 18:15,22000,22123.078
2026-03-17,18:15 - 18:30,22250,22555.682
2026-03-17,18:30 - 18:45,22500,22738.646
2026-03-17,18:45 - 19:00,22500,22669.361
2026-03-17,19:00 - 19:15,22450,22645.842
2026-03-17,19:15 - 19:30,22500,22850.17
2026-03-17,19:30 - 19:45,22400,22648.7
2026-03-17,19:45 - 20:00,22250,22689.445
2026-03-17,20:00 - 20:15,22100,22498.807
2026-03-17,20:15 - 20:30,21850,22237.658
2026-03-17,20:30 - 20:45,21600,22099.955
2026-03-17,20:45 - 21:00,21200,21608.8
2026-03-17,21:00 - 21:15,20850,21242.973
2026-03-17,21:15 - 21:30,20400,20683.86
2026-03-17,21:30 - 21:45,19800,20166.584
2026-03-17,21:45 - 22:00,19150,19556.697
2026-03-17,22:00 - 22:15,19000,19251.912
2026-03-17,22:15 - 22:30,18800,19024.377
2026-03-17,22:30 - 22:45,18400,18660.645
2026-03-17,22:45 - 23:00,18050,18248.035
2026-03-17,23:00 - 23:15,17700,17998.785
2026-03-17,23:15 - 23:30,17400,17612.418
2026-03-17,23:30 - 23:45,17000,17267.418
2026-03-17,23:45 - 24:00,16750,17064.18
2026-03-18,00:00 - 00:15,16500,16741.994
2026-03-18,00:15 - 00:30,16300,16823.959
2026-03-18,00:30 - 00:45,16150,16381.976
2026-03-18,00:45 - 01:00,16000,16488.871
2026-03-18,01:00 - 01:15,15900,16180.033
2026-03-18,01:15 - 01:30,15850,16247.15
2026-03-18,01:30 - 01:45,15800,16099.829
2026-03-18,01:45 - 02:00,15700,16077.757
2026-03-18,02:00 - 02:15,15650,15912.734
2026-03-18,02:15 - 02:30,15650,16009.934
2026-03-18,02:30 - 02:45,15650,16011.238
2026-03-18,02:45 - 03:00,15650,16049.307
2026-03-18,03:00 - 03:15,15650,15913.775
2026-03-18,03:15 - 03:30,15700,16156.006
2026-03-18,03:30 - 03:45,15750,16127.864
2026-03-18,03:45 - 04:00,15850,16121.305
2026-03-18,04:00 - 04:15,16000,16607.34
2026-03-18,04:15 - 04:30,16150,16471.188
2026-03-18,04:30 - 04:45,16350,16709.395
2026-03-18,04:45 - 05:00,16550,16737.564
2026-03-18,05:00 - 05:15,16750,17160.893
2026-03-18,05:15 - 05:30,17050,17307.816
2026-03-18,05:30 - 05:45,17400,17567.912
2026-03-18,05:45 - 06:00,17950,18026.572
2026-03-18,06:00 - 06:15,19100,19316.271
2026-03-18,06:15 - 06:30,19600,19910.73
2026-03-18,06:30 - 06:45,19950,20133.209
2026-03-18,06:45 - 07:00,20400,20476.771
2026-03-18,07:00 - 07:15,20850,20863.568
2026-03-18,07:15 - 07:30,20900,20877.305
2026-03-18,07:30 - 07:45,20850,20824.922
2026-03-18,07:45 - 08:00,20850,20753.455
2026-03-18,08:00 - 08:15,20850,20751.482
2026-03-18,08:15 - 08:30,20850,20559.969
2026-03-18,08:30 - 08:45,20800,20522.86
2026-03-18,08:45 - 09:00,20800,20313.64
2026-03-18,09:00 - 09:15,20750,20017.596
2026-03-18,09:15 - 09:30,20650,20018.637
2026-03-18,09:30 - 09:45,20400,19764.652
2026-03-18,09:45 - 10:00,20150,19529.066
2026-03-18,10:00 - 10:15,20000,19297.898
2026-03-18,10:15 - 10:30,20000,19317.521
2026-03-18,10:30 - 10:45,20000,19299.326
2026-03-18,10:45 - 11:00,20100,19768.531
2026-03-18,11:00 - 11:15,20100,19679.158
2026-03-18,11:15 - 11:30,20100,19703.658
2026-03-18,11:30 - 11:45,20100,19930.807
2026-03-18,11:45 - 12:00,20100,19612.914
2026-03-18,12:00 - 12:15,20100,19974.225
2026-03-18,12:15 - 12:30,20100,20067.455
2026-03-18,12:30 - 12:45,20100,20197.793
2026-03-18,12:45 - 13:00,20150,20202.887
2026-03-18,13:00 - 13:15,20250,20349.217
2026-03-18,13:15 - 13:30,20250,20065.922
2026-03-18,13:30 - 13:45,20100,20247.03
2026-03-18,13:45 - 14:00,19600,19769.05
2026-03-18,14:00 - 14:15,19750,19772.201
2026-03-18,14:15 - 14:30,19950,20105.467
2026-03-18,14:30 - 14:45,20300,20092.238
2026-03-18,14:45 - 15:00,20250,20307.064
2026-03-18,15:00 - 15:15,20400,20462.682
2026-03-18,15:15 - 15:30,20550,20229.365
2026-03-18,15:30 - 15:45,20750,20702.164
2026-03-18,15:45 - 16:00,20900,20522.283
2026-03-18,16:00 - 16:15,21050,20953.352
2026-03-18,16:15 - 16:30,21300,21043.922
2026-03-18,16:30 - 16:45,21500,21163.516
2026-03-18,16:45 - 17:00,21500,21188.355
2026-03-18,17:00 - 17:15,21600,21483.357
2026-03-18,17:15 - 17:30,21650,21416.156
2026-03-18,17:30 - 17:45,21950,21672.074
2026-03-18,17:45 - 18:00,22050,21479.482
2026-03-18,18:00 - 18:15,22200,21867.076
2026-03-18,18:15 - 18:30,22250,22321.49
2026-03-18,18:30 - 18:45,22300,22515.768
2026-03-18,18:45 - 19:00,22300,22509.184
2026-03-18,19:00 - 19:15,22300,22586.389
2026-03-18,19:15 - 19:30,22300,22476.252
2026-03-18,19:30 - 19:45,22250,22539.982
2026-03-18,19:45 - 20:00,22200,22286.154
2026-03-18,20:00 - 20:15,22050,22242.533
2026-03-18,20:15 - 20:30,21850,22028.68
2026-03-18,20:30 - 20:45,21600,21849.32
2026-03-18,20:45 - 21:00,21200,21385.121
2026-03-18,21:00 - 21:15,20850,21088.41
2026-03-18,21:15 - 21:30,20400,20450.996
2026-03-18,21:30 - 21:45,19800,19873.398
2026-03-18,21:45 - 22:00,19250,19199.967
2026-03-18,22:00 - 22:15,19100,19373.71
2026-03-18,22:15 - 22:30,18900,18973.3
2026-03-18,22:30 - 22:45,18500,18697.643
2026-03-18,22:45 - 23:00,18150,18215.488
2026-03-18,23:00 - 23:15,17800,17769.594
2026-03-18,23:15 - 23:30,17500,17599.21
2026-03-18,23:30 - 23:45,17100,17341.469
2026-03-18,23:45 - 24:00,16850,17201.93
2026-03-19,00:00 - 00:15,16600,16810.422
2026-03-19,00:15 - 00:30,16400,16797.021
2026-03-19,00:30 - 00:45,16250,16610.803
2026-03-19,00:45 - 01:00,16200,16318.678
2026-03-19,01:00 - 01:15,16100,16249.674
2026-03-19,01:15 - 01:30,16000,16456.594
2026-03-19,01:30 - 01:45,15900,16082.709
2026-03-19,01:45 - 02:00,15800,16155.566
2026-03-19,02:00 - 02:15,15700,16059.944
2026-03-19,02:15 - 02:30,15750,16177.42
2026-03-19,02:30 - 02:45,15750,16220.977
2026-03-19,02:45 - 03:00,15700,16131.55
2026-03-19,03:00 - 03:15,15750,16156.831
2026-03-19,03:15 - 03:30,15800,16057.349
2026-03-19,03:30 - 03:45,15850,16323.442
2026-03-19,03:45 - 04:00,15900,16379.044
2026-03-19,04:00 - 04:15,16100,16507.73
2026-03-19,04:15 - 04:30,16250,16584.455
2026-03-19,04:30 - 04:45,16450,16761.055
2026-03-19,04:45 - 05:00,16650,16951.748
2026-03-19,05:00 - 05:15,16850,17253.576
2026-03-19,05:15 - 05:30,17150,17504.672
2026-03-19,05:30 - 05:45,17500,17829.502
2026-03-19,05:45 - 06:00,17850,18230.445
2026-03-19,06:00 - 06:15,19050,19298.72
2026-03-19,06:15 - 06:30,19650,19914.05
2026-03-19,06:30 - 06:45,20200,20222.336
2026-03-19,06:45 - 07:00,20650,20593.36
2026-03-19,07:00 - 07:15,21100,20990.145
2026-03-19,07:15 - 07:30,21300,21122.176
2026-03-19,07:30 - 07:45,21150,20968.86
2026-03-19,07:45 - 08:00,21150,20876.072
2026-03-19,08:00 - 08:15,21350,20841.729
2026-03-19,08:15 - 08:30,21350,20702.27
2026-03-19,08:30 - 08:45,21300,20787.643
2026-03-19,08:45 - 09:00,21250,20989.92
2026-03-19,09:00 - 09:15,21250,20577.035
2026-03-19,09:15 - 09:30,21100,20555.96
2026-03-19,09:30 - 09:45,20900,20032.945
2026-03-19,09:45 - 10:00,20600,19847.54
2026-03-19,10:00 - 10:15,20400,19934.494
2026-03-19,10:15 - 10:30,20500,20302.08
2026-03-19,10:30 - 10:45,20650,19918.217
2026-03-19,10:45 - 11:00,20850,19863.275
2026-03-19,11:00 - 11:15,20900,19682.922
2026-03-19,11:15 - 11:30,20950,20053.121
2026-03-19,11:30 - 11:45,20900,20036.107
2026-03-19,11:45 - 12:00,20800,19994.82
2026-03-19,12:00 - 12:15,20850,20680.348
2026-03-19,12:15 - 12:30,20850,20990.98
2026-03-19,12:30 - 12:45,20850,20868.062
2026-03-19,12:45 - 13:00,21000,20271.467
2026-03-19,13:00 - 13:15,21250,20058.26
2026-03-19,13:15 - 13:30,21150,21066.12
2026-03-19,13:30 - 13:45,20800,20972.924
2026-03-19,13:45 - 14:00,20550,20255.674
2026-03-19,14:00 - 14:15,20800,20515.39
2026-03-19,14:15 - 14:30,21000,20560.305
2026-03-19,14:30 - 14:45,21100,20748.434
2026-03-19,14:45 - 15:00,20950,21003.201
2026-03-19,15:00 - 15:15,20900,21165.582
2026-03-19,15:15 - 15:30,21050,21142.744
2026-03-19,15:30 - 15:45,21300,20855.922
2026-03-19,15:45 - 16:00,21200,20793.941
2026-03-19,16:00 - 16:15,21350,21269.344
2026-03-19,16:15 - 16:30,21550,20958.955
2026-03-19,16:30 - 16:45,21700,21193.98
2026-03-19,16:45 - 17:00,21550,21207.291
2026-03-19,17:00 - 17:15,21600,21295.363
2026-03-19,17:15 - 17:30,21650,21552.389
2026-03-19,17:30 - 17:45,22000,21572.055
2026-03-19,17:45 - 18:00,22050,21401.332
2026-03-19,18:00 - 18:15,22200,21825.695
2026-03-19,18:15 - 18:30,22400,22205.432
2026-03-19,18:30 - 18:45,22550,22555.535
2026-03-19,18:45 - 19:00,22600,22557.346
2026-03-19,19:00 - 19:15,22600,22534.088
2026-03-19,19:15 - 19:30,22600,22610.578
2026-03-19,19:30 - 19:45,22550,22610.902
2026-03-19,19:45 - 20:00,22350,22601.738
2026-03-19,20:00 - 20:15,22200,22381.7
2026-03-19,20:15 - 20:30,22000,22098.973
2026-03-19,20:30 - 20:45,21750,21977.73
2026-03-19,20:45 - 21:00,21400,21632.197
2026-03-19,21:00 - 21:15,20950,21362.87
2026-03-19,21:15 - 21:30,20550,20742.62
2026-03-19,21:30 - 21:45,19950,20150.238
2026-03-19,21:45 - 22:00,19400,19523.514
2026-03-19,22:00 - 22:15,19250,19410.623
2026-03-19,22:15 - 22:30,19000,19039.465
2026-03-19,22:30 - 22:45,18600,18888.986
2026-03-19,22:45 - 23:00,18250,18589.652
2026-03-19,23:00 - 23:15,17900,18112.89
2026-03-19,23:15 - 23:30,17600,17862.082
2026-03-19,23:30 - 23:45,17250,17501.828
2026-03-19,23:45 - 24:00,17050,17133.9
2026-03-20,00:00 - 00:15,16700,17104.549
2026-03-20,00:15 - 00:30,16500,16941.59
2026-03-20,00:30 - 00:45,16350,16850.025
2026-03-20,00:45 - 01:00,16250,16602.371
2026-03-20,01:00 - 01:15,16150,16531.576
2026-03-20,01:15 - 01:30,16050,16565.217
2026-03-20,01:30 - 01:45,15950,16473.855
2026-03-20,01:45 - 02:00,15850,16232.972
2026-03-20,02:00 - 02:15,15750,16172.797
2026-03-20,02:15 - 02:30,15800,16242.869
2026-03-20,02:30 - 02:45,15800,16170.925
2026-03-20,02:45 - 03:00,15750,16161.01
2026-03-20,03:00 - 03:15,15800,16421.18
2026-03-20,03:15 - 03:30,15850,16144.657
2026-03-20,03:30 - 03:45,15900,16271.373
2026-03-20,03:45 - 04:00,15950,16188.684
2026-03-20,04:00 - 04:15,16200,16371.216
2026-03-20,04:15 - 04:30,16300,16447.299
2026-03-20,04:30 - 04:45,16500,16526.32
2026-03-20,04:45 - 05:00,16650,16782.0
2026-03-20,05:00 - 05:15,16950,17010.39
2026-03-20,05:15 - 05:30,17150,17260.361
2026-03-20,05:30 - 05:45,17500,17435.684
2026-03-20,05:45 - 06:00,17850,17883.36
2026-03-20,06:00 - 06:15,19050,19074.324
2026-03-20,06:15 - 06:30,19750,19582.883
2026-03-20,06:30 - 06:45,20150,19830.45
2026-03-20,06:45 - 07:00,20600,20390.064
2026-03-20,07:00 - 07:15,21050,20849.477
2026-03-20,07:15 - 07:30,21200,20990.855
2026-03-20,07:30 - 07:45,21100,20830.242
2026-03-20,07:45 - 08:00,21050,21149.021
2026-03-20,08:00 - 08:15,21250,21105.502
2026-03-20,08:15 - 08:30,21250,21140.744
2026-03-20,08:30 - 08:45,21200,21043.531
2026-03-20,08:45 - 09:00,21150,21043.043
2026-03-20,09:00 - 09:15,21050,21115.36
2026-03-20,09:15 - 09:30,20900,21074.814
2026-03-20,09:30 - 09:45,20750,20743.094
2026-03-20,09:45 - 10:00,20400,20510.705
2026-03-20,10:00 - 10:15,20200,20423.998
2026-03-20,10:15 - 10:30,20300,20762.637
2026-03-20,10:30 - 10:45,20600,21118.857
2026-03-20,10:45 - 11:00,20800,20974.395
2026-03-20,11:00 - 11:15,20850,21020.926
2026-03-20,11:15 - 11:30,20900,20962.361
2026-03-20,11:30 - 11:45,20850,21164.19
2026-03-20,11:45 - 12:00,20750,20740.906
2026-03-20,12:00 - 12:15,20800,20891.203
2026-03-20,12:15 - 12:30,20750,21005.785
2026-03-20,12:30 - 12:45,20800,21304.406
2026-03-20,12:45 - 13:00,20950,21440.293
2026-03-20,13:00 - 13:15,21200,21483.822
2026-03-20,13:15 - 13:30,21100,21723.797
2026-03-20,13:30 - 13:45,20850,21183.156
2026-03-20,13:45 - 14:00,20450,20654.754
2026-03-20,14:00 - 14:15,20700,21103.871
2026-03-20,14:15 - 14:30,20850,21165.842
2026-03-20,14:30 - 14:45,20850,21173.361
2026-03-20,14:45 - 15:00,20750,21141.176
2026-03-20,15:00 - 15:15,20800,20757.002
2026-03-20,15:15 - 15:30,21000,21044.443
2026-03-20,15:30 - 15:45,21150,21177.951
2026-03-20,15:45 - 16:00,21100,21341.201
2026-03-20,16:00 - 16:15,21200,20965.145
2026-03-20,16:15 - 16:30,21400,21304.781
2026-03-20,16:30 - 16:45,21500,21585.285
2026-03-20,16:45 - 17:00,21450,21348.006
2026-03-20,17:00 - 17:15,21500,21547.54
2026-03-20,17:15 - 17:30,21550,21460.18
2026-03-20,17:30 - 17:45,21850,21340.385
2026-03-20,17:45 - 18:00,21850,21431.783
2026-03-20,18:00 - 18:15,22050,21801.674
2026-03-20,18:15 - 18:30,22250,21969.582
2026-03-20,18:30 - 18:45,22450,22259.42
2026-03-20,18:45 - 19:00,22550,22330.18
2026-03-20,19:00 - 19:15,22500,22106.969
2026-03-20,19:15 - 19:30,22500,22089.604
2026-03-20,19:30 - 19:45,22450,22055.94
2026-03-20,19:45 - 20:00,22250,21800.701
2026-03-20,20:00 - 20:15,22150,21708.72
2026-03-20,20:15 - 20:30,21900,21509.162
2026-03-20,20:30 - 20:45,21650,21207.861
2026-03-20,20:45 - 21:00,21300,20733.346
2026-03-20,21:00 - 21:15,20850,20411.1
2026-03-20,21:15 - 21:30,20450,20190.36
2026-03-20,21:30 - 21:45,19850,19637.99
2026-03-20,21:45 - 22:00,19300,18780.664
2026-03-20,22:00 - 22:15,19150,18890.486
2026-03-20,22:15 - 22:30,18900,18603.65
2026-03-20,22:30 - 22:45,18500,18318.256
2026-03-20,22:45 - 23:00,18150,17930.984
2026-03-20,23:00 - 23:15,17800,17666.396
2026-03-20,23:15 - 23:30,17500,17269.512
2026-03-20,23:30 - 23:45,17150,16956.705
2026-03-20,23:45 - 24:00,16900,16678.492
2026-03-21,00:00 - 00:15,16700,16745.078
2026-03-21,00:15 - 00:30,16550,16610.467
2026-03-21,00:30 - 00:45,16400,16352.008
2026-03-21,00:45 - 01:00,16150,16154.512
2026-03-21,01:00 - 01:15,16050,16150.668
2026-03-21,01:15 - 01:30,15950,16118.649
2026-03-21,01:30 - 01:45,15800,15933.277
2026-03-21,01:45 - 02:00,15700,15807.2
2026-03-21,02:00 - 02:15,15600,15872.582
2026-03-21,02:15 - 02:30,15600,15811.522
2026-03-21,02:30 - 02:45,15600,15825.511
2026-03-21,02:45 - 03:00,15600,15852.254
2026-03-21,03:00 - 03:15,15500,15748.245
2026-03-21,03:15 - 03:30,15500,15852.834
2026-03-21,03:30 - 03:45,15550,15723.863
2026-03-21,03:45 - 04:00,15500,15667.294
2026-03-21,04:00 - 04:15,15600,15816.915
2026-03-21,04:15 - 04:30,15650,16011.446
2026-03-21,04:30 - 04:45,15700,15971.028
2026-03-21,04:45 - 05:00,15750,15862.426
2026-03-21,05:00 - 05:15,15800,15969.605
2026-03-21,05:15 - 05:30,15750,15867.905
2026-03-21,05:30 - 05:45,15600,15741.763
2026-03-21,05:45 - 06:00,15800,15776.341
2026-03-21,06:00 - 06:15,16150,16120.007
2026-03-21,06:15 - 06:30,16450,16260.048
2026-03-21,06:30 - 06:45,16650,16490.379
2026-03-21,06:45 - 07:00,16850,16786.643
2026-03-21,07:00 - 07:15,17200,17008.76
2026-03-21,07:15 - 07:30,17450,17096.357
2026-03-21,07:30 - 07:45,17550,17231.889
2026-03-21,07:45 - 08:00,17900,17382.793
2026-03-21,08:00 - 08:15,18150,17526.58
2026-03-21,08:15 - 08:30,18350,17876.97
2026-03-21,08:30 - 08:45,18400,17350.84
2026-03-21,08:45 - 09:00,18450,17182.822
2026-03-21,09:00 - 09:15,18600,17426.533
2026-03-21,09:15 - 09:30,18600,17590.033
2026-03-21,09:30 - 09:45,18450,17574.627
2026-03-21,09:45 - 10:00,18350,17658.107
2026-03-21,10:00 - 10:15,18200,17583.947
2026-03-21,10:15 - 10:30,18250,17606.598
2026-03-21,10:30 - 10:45,18250,17432.541
2026-03-21,10:45 - 11:00,18200,17856.006
2026-03-21,11:00 - 11:15,18100,17697.736
2026-03-21,11:15 - 11:30,18000,18312.77
2026-03-21,11:30 - 11:45,18000,17867.96
2026-03-21,11:45 - 12:00,17950,17905.068
2026-03-21,12:00 - 12:15,17950,17681.26
2026-03-21,12:15 - 12:30,17950,17567.22
2026-03-21,12:30 - 12:45,17950,17418.525
2026-03-21,12:45 - 13:00,18000,17051.168
2026-03-21,13:00 - 13:15,18100,16888.918
2026-03-21,13:15 - 13:30,18250,17207.395
2026-03-21,13:30 - 13:45,18300,16620.654
2026-03-21,13:45 - 14:00,17950,16757.303
2026-03-21,14:00 - 14:15,17900,16900.803
2026-03-21,14:15 - 14:30,17950,17066.586
2026-03-21,14:30 - 14:45,18000,16827.355
2026-03-21,14:45 - 15:00,17950,16908.12
2026-03-21,15:00 - 15:15,17950,16904.707
2026-03-21,15:15 - 15:30,18000,17275.893
2026-03-21,15:30 - 15:45,18200,17529.064
2026-03-21,15:45 - 16:00,18050,17634.908
2026-03-21,16:00 - 16:15,18200,17892.613
2026-03-21,16:15 - 16:30,18250,17865.004
2026-03-21,16:30 - 16:45,18350,18378.922
2026-03-21,16:45 - 17:00,18400,18347.344
2026-03-21,17:00 - 17:15,18500,18637.008
2026-03-21,17:15 - 17:30,18550,18667.574
2026-03-21,17:30 - 17:45,18750,18628.074
2026-03-21,17:45 - 18:00,19000,18661.152
2026-03-21,18:00 - 18:15,19300,19069.408
2026-03-21,18:15 - 18:30,19600,19380.496
2026-03-21,18:30 - 18:45,19650,19611.678
2026-03-21,18:45 - 19:00,19600,19560.346
2026-03-21,19:00 - 19:15,19550,19436.574
2026-03-21,19:15 - 19:30,19600,19510.672
2026-03-21,19:30 - 19:45,19450,19447.162
2026-03-21,19:45 - 20:00,19350,19277.744
2026-03-21,20:00 - 20:15,19250,18937.186
2026-03-21,20:15 - 20:30,19050,18812.88
2026-03-21,20:30 - 20:45,18800,18791.08
2026-03-21,20:45 - 21:00,18500,18435.422
2026-03-21,21:00 - 21:15,18200,18042.02
2026-03-21,21:15 - 21:30,17950,17802.879
2026-03-21,21:30 - 21:45,17650,17663.514
2026-03-21,21:45 - 22:00,17350,17329.998
2026-03-21,22:00 - 22:15,17150,16933.139
2026-03-21,22:15 - 22:30,16900,16796.72
2026-03-21,22:30 - 22:45,16650,16516.812
2026-03-21,22:45 - 23:00,16350,16060.266
2026-03-21,23:00 - 23:15,16050,15873.943
2026-03-21,23:15 - 23:30,15750,15536.21
2026-03-21,23:30 - 23:45,15500,15240.842
2026-03-21,23:45 - 24:00,15200,14926.586
2026-03-22,00:00 - 00:15,15050,14785.442
2026-03-22,00:15 - 00:30,14850,14630.398
2026-03-22,00:30 - 00:45,14650,14510.881
2026-03-22,00:45 - 01:00,14550,14638.011
2026-03-22,01:00 - 01:15,14500,14491.254
2026-03-22,01:15 - 01:30,14400,14273.273
2026-03-22,01:30 - 01:45,14300,13978.636
2026-03-22,01:45 - 02:00,14200,13918.52
2026-03-22,02:00 - 02:15,14150,13980.657
2026-03-22,02:15 - 02:30,14050,13754.518
2026-03-22,02:30 - 02:45,14050,13884.515
2026-03-22,02:45 - 03:00,14000,13648.339
2026-03-22,03:00 - 03:15,14000,13796.038
2026-03-22,03:15 - 03:30,13950,13852.673
2026-03-22,03:30 - 03:45,14000,13845.434
2026-03-22,03:45 - 04:00,14000,13895.901
2026-03-22,04:00 - 04:15,14050,13898.039
2026-03-22,04:15 - 04:30,14050,13908.556
2026-03-22,04:30 - 04:45,14150,14240.761
2026-03-22,04:45 - 05:00,14150,13981.34
2026-03-22,05:00 - 05:15,14200,14059.562
2026-03-22,05:15 - 05:30,14200,13811.724
2026-03-22,05:30 - 05:45,14150,13877.212
2026-03-22,05:45 - 06:00,14100,13794.824
2026-03-22,06:00 - 06:15,14250,14074.181
2026-03-22,06:15 - 06:30,14300,13966.602
2026-03-22,06:30 - 06:45,14400,14263.131
2026-03-22,06:45 - 07:00,14550,14285.226
2026-03-22,07:00 - 07:15,14750,14539.877
2026-03-22,07:15 - 07:30,14900,14660.777
2026-03-22,07:30 - 07:45,15050,14691.263
2026-03-22,07:45 - 08:00,15250,15068.687
2026-03-22,08:00 - 08:15,15450,15121.593
2026-03-22,08:15 - 08:30,15600,15074.501
2026-03-22,08:30 - 08:45,15750,15374.001
2026-03-22,08:45 - 09:00,15900,15540.065
2026-03-22,09:00 - 09:15,16050,16048.762
2026-03-22,09:15 - 09:30,16100,16132.303
2026-03-22,09:30 - 09:45,16100,15899.982
2026-03-22,09:45 - 10:00,16050,15905.111
2026-03-22,10:00 - 10:15,16100,15446.282
2026-03-22,10:15 - 10:30,16100,15836.76
2026-03-22,10:30 - 10:45,16100,15701.722
2026-03-22,10:45 - 11:00,16000,15870.891
2026-03-22,11:00 - 11:15,15900,15783.602
2026-03-22,11:15 - 11:30,15850,15673.923
2026-03-22,11:30 - 11:45,15850,15803.419
2026-03-22,11:45 - 12:00,15850,15914.898
2026-03-22,12:00 - 12:15,15900,16012.308
2026-03-22,12:15 - 12:30,15900,15509.666
2026-03-22,12:30 - 12:45,15950,15794.535
2026-03-22,12:45 - 13:00,16050,15608.625
2026-03-22,13:00 - 13:15,16200,15975.627
2026-03-22,13:15 - 13:30,16200,15819.026
2026-03-22,13:30 - 13:45,16250,15747.565
2026-03-22,13:45 - 14:00,16050,15855.235
2026-03-22,14:00 - 14:15,16000,16127.502
2026-03-22,14:15 - 14:30,16000,16376.93
2026-03-22,14:30 - 14:45,16150,16654.02
2026-03-22,14:45 - 15:00,16100,16524.027
2026-03-22,15:00 - 15:15,16150,16260.471
2026-03-22,15:15 - 15:30,16050,16352.199
2026-03-22,15:30 - 15:45,16250,16510.275
2026-03-22,15:45 - 16:00,16300,16580.275
2026-03-22,16:00 - 16:15,16450,16503.078
2026-03-22,16:15 - 16:30,16550,16643.104
2026-03-22,16:30 - 16:45,16750,16612.766
2026-03-22,16:45 - 17:00,16900,16687.54
2026-03-22,17:00 - 17:15,17000,16731.559
2026-03-22,17:15 - 17:30,17150,16804.236
2026-03-22,17:30 - 17:45,17300,16856.71
2026-03-22,17:45 - 18:00,17600,17035.852
2026-03-22,18:00 - 18:15,18000,17488.19
2026-03-22,18:15 - 18:30,18450,17719.766
2026-03-22,18:30 - 18:45,18700,18088.46
2026-03-22,18:45 - 19:00,18800,18159.406
2026-03-22,19:00 - 19:15,18850,18130.723
2026-03-22,19:15 - 19:30,18900,18160.977
2026-03-22,19:30 - 19:45,18850,18149.354
2026-03-22,19:45 - 20:00,18800,18027.2
2026-03-22,20:00 - 20:15,18600,17975.812
2026-03-22,20:15 - 20:30,18450,17708.258
2026-03-22,20:30 - 20:45,18250,17412.855
2026-03-22,20:45 - 21:00,18000,17271.26
2026-03-22,21:00 - 21:15,17850,17005.55
2026-03-22,21:15 - 21:30,17550,16758.023
2026-03-22,21:30 - 21:45,17200,16520.988
2026-03-22,21:45 - 22:00,16950,16257.77
2026-03-22,22:00 - 22:15,16700,15975.301
2026-03-22,22:15 - 22:30,16550,15943.572
2026-03-22,22:30 - 22:45,16350,15912.398
2026-03-22,22:45 - 23:00,15950,15347.26
2026-03-22,23:00 - 23:15,15750,15225.1
2026-03-22,23:15 - 23:30,15450,15085.229
2026-03-22,23:30 - 23:45,15200,14815.97
2026-03-22,23:45 - 24:00,15000,14643.885
2026-03-23,00:00 - 00:15,14700,14572.755
2026-03-23,00:15 - 00:30,14550,14419.586
2026-03-23,00:30 - 00:45,14400,14407.754
2026-03-23,00:45 - 01:00,14300,14291.328
2026-03-23,01:00 - 01:15,14200,14238.161
2026-03-23,01:15 - 01:30,14150,14154.269
2026-03-23,01:30 - 01:45,14100,13947.877
2026-03-23,01:45 - 02:00,14050,14058.039
2026-03-23,02:00 - 02:15,14050,13920.321
2026-03-23,02:15 - 02:30,14050,13898.336
2026-03-23,02:30 - 02:45,14050,13928.762
2026-03-23,02:45 - 03:00,14050,13921.666
2026-03-23,03:00 - 03:15,14050,14042.276
2026-03-23,03:15 - 03:30,14100,14028.252
2026-03-23,03:30 - 03:45,14200,14169.377
2026-03-23,03:45 - 04:00,14250,14236.399
2026-03-23,04:00 - 04:15,14500,14608.167
2026-03-23,04:15 - 04:30,14700,14656.512
2026-03-23,04:30 - 04:45,14850,14813.143
2026-03-23,04:45 - 05:00,14850,15146.572
2026-03-23,05:00 - 05:15,15350,15104.368
2026-03-23,05:15 - 05:30,15650,15419.039
2026-03-23,05:30 - 05:45,15950,15762.048
2026-03-23,05:45 - 06:00,16750,16426.957
2026-03-23,06:00 - 06:15,17850,17342.857
2026-03-23,06:15 - 06:30,18450,17892.293
2026-03-23,06:30 - 06:45,19050,18786.918
2026-03-23,06:45 - 07:00,19600,19395.682
2026-03-23,07:00 - 07:15,20050,19610.4
2026-03-23,07:15 - 07:30,20250,19877.79
2026-03-23,07:30 - 07:45,20350,19874.455
2026-03-23,07:45 - 08:00,20600,19855.8
2026-03-23,08:00 - 08:15,20700,20110.451
2026-03-23,08:15 - 08:30,20700,20191.197
2026-03-23,08:30 - 08:45,20700,19816.662
2026-03-23,08:45 - 09:00,20650,20156.645
2026-03-23,09:00 - 09:15,20600,20031.484
2026-03-23,09:15 - 09:30,20450,19785.148
2026-03-23,09:30 - 09:45,20200,19449.828
2026-03-23,09:45 - 10:00,19950,19178.139
2026-03-23,10:00 - 10:15,19800,19148.805
2026-03-23,10:15 - 10:30,19850,19264.604
2026-03-23,10:30 - 10:45,20050,19438.57
2026-03-23,10:45 - 11:00,20150,18928.049
2026-03-23,11:00 - 11:15,20200,19250.332
2026-03-23,11:15 - 11:30,20250,19342.748
2026-03-23,11:30 - 11:45,20250,19493.865
2026-03-23,11:45 - 12:00,20250,20110.568
2026-03-23,12:00 - 12:15,20300,20179.48
2026-03-23,12:15 - 12:30,20350,20473.367
2026-03-23,12:30 - 12:45,20400,20709.861
2026-03-23,12:45 - 13:00,20500,20248.258
2026-03-23,13:00 - 13:15,20650,20554.355
2026-03-23,13:15 - 13:30,20650,20869.979
2026-03-23,13:30 - 13:45,20500,20663.186
2026-03-23,13:45 - 14:00,20200,20067.434
2026-03-23,14:00 - 14:15,20300,20372.426
2026-03-23,14:15 - 14:30,20500,20482.93
2026-03-23,14:30 - 14:45,20600,20399.453
2026-03-23,14:45 - 15:00,20600,20709.406
2026-03-23,15:00 - 15:15,20700,20713.188
2026-03-23,15:15 - 15:30,20750,20429.016
2026-03-23,15:30 - 15:45,20850,20312.275
2026-03-23,15:45 - 16:00,20850,20428.361
2026-03-23,16:00 - 16:15,21000,20646.95
2026-03-23,16:15 - 16:30,21100,20749.686
2026-03-23,16:30 - 16:45,21200,21199.473
2026-03-23,16:45 - 17:00,21250,21257.234
2026-03-23,17:00 - 17:15,21400,21298.725
2026-03-23,17:15 - 17:30,21450,21286.93
2026-03-23,17:30 - 17:45,21650,21379.602
2026-03-23,17:45 - 18:00,21550,21110.08
2026-03-23,18:00 - 18:15,21850,21521.623
2026-03-23,18:15 - 18:30,22250,22074.84
2026-03-23,18:30 - 18:45,22450,22331.902
2026-03-23,18:45 - 19:00,22450,22460.34
2026-03-23,19:00 - 19:15,22450,22365.502
2026-03-23,19:15 - 19:30,22450,22166.87
2026-03-23,19:30 - 19:45,22450,22375.648
2026-03-23,19:45 - 20:00,22400,22020.49
2026-03-23,20:00 - 20:15,22300,21830.014
2026-03-23,20:15 - 20:30,22100,21761.791
2026-03-23,20:30 - 20:45,21850,21367.785
2026-03-23,20:45 - 21:00,21550,21148.523
2026-03-23,21:00 - 21:15,21200,20672.252
2026-03-23,21:15 - 21:30,20650,20414.037
2026-03-23,21:30 - 21:45,20100,19729.703
2026-03-23,21:45 - 22:00,19450,19153.855
2026-03-23,22:00 - 22:15,19300,18908.42
2026-03-23,22:15 - 22:30,19000,18879.627
2026-03-23,22:30 - 22:45,18650,18247.959
2026-03-23,22:45 - 23:00,18350,18064.617
2026-03-23,23:00 - 23:15,18050,17694.793
2026-03-23,23:15 - 23:30,17750,17425.6
2026-03-23,23:30 - 23:45,17400,17087.512
2026-03-23,23:45 - 24:00,17050,16890.799
2026-03-24,00:00 - 00:15,16950,16768.814
2026-03-24,00:15 - 00:30,16800,16658.59
2026-03-24,00:30 - 00:45,16650,16482.236
2026-03-24,00:45 - 01:00,16500,16371.153
2026-03-24,01:00 - 01:15,16400,16264.164
2026-03-24,01:15 - 01:30,16350,16279.84
2026-03-24,01:30 - 01:45,16300,16220.814
2026-03-24,01:45 - 02:00,16200,15808.668
2026-03-24,02:00 - 02:15,16200,15857.93
2026-03-24,02:15 - 02:30,16200,15973.336
2026-03-24,02:30 - 02:45,16200,15841.326
2026-03-24,02:45 - 03:00,16200,15989.854
2026-03-24,03:00 - 03:15,16200,15883.04
2026-03-24,03:15 - 03:30,16200,16063.834
2026-03-24,03:30 - 03:45,16250,16176.137
2026-03-24,03:45 - 04:00,16350,16033.8
2026-03-24,04:00 - 04:15,16450,16235.947
2026-03-24,04:15 - 04:30,16500,16342.515
2026-03-24,04:30 - 04:45,16650,16478.213
2026-03-24,04:45 - 05:00,16850,16492.127
2026-03-24,05:00 - 05:15,17200,16854.648
2026-03-24,05:15 - 05:30,17400,16694.965
2026-03-24,05:30 - 05:45,17750,16789.39
2026-03-24,05:45 - 06:00,18150,17131.98
2026-03-24,06:00 - 06:15,19200,17852.105
2026-03-24,06:15 - 06:30,19800,18717.463
2026-03-24,06:30 - 06:45,20250,19420.236
2026-03-24,06:45 - 07:00,20600,19905.268
2026-03-24,07:00 - 07:15,20950,20232.045
2026-03-24,07:15 - 07:30,21100,20363.535
2026-03-24,07:30 - 07:45,21150,20253.535
2026-03-24,07:45 - 08:00,21200,20224.037
2026-03-24,08:00 - 08:15,21200,20097.95
2026-03-24,08:15 - 08:30,21200,20067.324
2026-03-24,08:30 - 08:45,21200,20167.088
2026-03-24,08:45 - 09:00,21200,20332.27
2026-03-24,09:00 - 09:15,21150,20352.469
2026-03-24,09:15 - 09:30,21050,20251.822
2026-03-24,09:30 - 09:45,20800,20110.172
2026-03-24,09:45 - 10:00,20600,19855.94
2026-03-24,10:00 - 10:15,20450,19826.197
2026-03-24,10:15 - 10:30,20500,19654.346
2026-03-24,10:30 - 10:45,20600,19772.785
2026-03-24,10:45 - 11:00,20700,19954.396
2026-03-24,11:00 - 11:15,20750,19849.879
2026-03-24,11:15 - 11:30,20800,20294.035
2026-03-24,11:30 - 11:45,20800,20435.445
2026-03-24,11:45 - 12:00,20800,19794.916
2026-03-24,12:00 - 12:15,20800,20072.379
2026-03-24,12:15 - 12:30,20800,19887.658
2026-03-24,12:30 - 12:45,20800,20210.646
2026-03-24,12:45 - 13:00,20900,20009.371
2026-03-24,13:00 - 13:15,21150,20936.072
2026-03-24,13:15 - 13:30,21150,20784.914
2026-03-24,13:30 - 13:45,21050,19684.41
2026-03-24,13:45 - 14:00,20550,19562.912
2026-03-24,14:00 - 14:15,20750,19693.633
2026-03-24,14:15 - 14:30,20850,19985.195
2026-03-24,14:30 - 14:45,20900,20257.691
2026-03-24,14:45 - 15:00,20950,20155.455
2026-03-24,15:00 - 15:15,21000,20251.023
2026-03-24,15:15 - 15:30,21050,20341.262
2026-03-24,15:30 - 15:45,21100,20411.42
2026-03-24,15:45 - 16:00,21150,20663.148
2026-03-24,16:00 - 16:15,21200,20443.424
2026-03-24,16:15 - 16:30,21300,20490.355
2026-03-24,16:30 - 16:45,21350,20623.732
2026-03-24,16:45 - 17:00,21350,20662.594
2026-03-24,17:00 - 17:15,21400,20885.482
2026-03-24,17:15 - 17:30,21450,20827.844
2026-03-24,17:30 - 17:45,21700,20881.928
2026-03-24,17:45 - 18:00,21750,21064.855
2026-03-24,18:00 - 18:15,21900,21221.22
2026-03-24,18:15 - 18:30,22250,22016.033
2026-03-24,18:30 - 18:45,22550,22055.312
2026-03-24,18:45 - 19:00,22600,22155.604
2026-03-24,19:00 - 19:15,22600,22217.582
2026-03-24,19:15 - 19:30,22600,21875.555
2026-03-24,19:30 - 19:45,22600,21872.012
2026-03-24,19:45 - 20:00,22450,21500.74
2026-03-24,20:00 - 20:15,22300,21580.814
2026-03-24,20:15 - 20:30,22050,21295.414
2026-03-24,20:30 - 20:45,21800,21202.498
2026-03-24,20:45 - 21:00,21450,20622.3
2026-03-24,21:00 - 21:15,21050,20206.61
2026-03-24,21:15 - 21:30,20500,19717.408
2026-03-24,21:30 - 21:45,19900,19180.688
2026-03-24,21:45 - 22:00,19350,18500.918
2026-03-24,22:00 - 22:15,19200,18185.373
2026-03-24,22:15 - 22:30,18950,17859.268
2026-03-24,22:30 - 22:45,18600,17755.734
2026-03-24,22:45 - 23:00,18250,17092.236
2026-03-24,23:00 - 23:15,17900,16849.143
2026-03-24,23:15 - 23:30,17550,16853.648
2026-03-24,23:30 - 23:45,17200,16447.373
2026-03-24,23:45 - 24:00,16900,16071.849
2026-03-25,00:00 - 00:15,16400,16267.647
2026-03-25,00:15 - 00:30,16250,16070.331
2026-03-25,00:30 - 00:45,16100,15882.119
2026-03-25,00:45 - 01:00,15950,15593.608
2026-03-25,01:00 - 01:15,15850,15767.032
2026-03-25,01:15 - 01:30,15800,15393.666
2026-03-25,01:30 - 01:45,15750,15595.157
2026-03-25,01:45 - 02:00,15650,15382.479
2026-03-25,02:00 - 02:15,15650,15229.842
2026-03-25,02:15 - 02:30,15650,15131.789
2026-03-25,02:30 - 02:45,15650,15314.843
2026-03-25,02:45 - 03:00,15650,15367.116
2026-03-25,03:00 - 03:15,15650,15321.963
2026-03-25,03:15 - 03:30,15650,15497.296
2026-03-25,03:30 - 03:45,15700,15288.039
2026-03-25,03:45 - 04:00,15800,15459.014
2026-03-25,04:00 - 04:15,15900,15647.459
2026-03-25,04:15 - 04:30,15950,15558.429
2026-03-25,04:30 - 04:45,16100,15963.522
2026-03-25,04:45 - 05:00,16300,15920.794
2026-03-25,05:00 - 05:15,16500,16094.041
2026-03-25,05:15 - 05:30,16650,16357.129
2026-03-25,05:30 - 05:45,16750,16528.152
2026-03-25,05:45 - 06:00,17250,16722.146
2026-03-25,06:00 - 06:15,17950,17652.668
2026-03-25,06:15 - 06:30,18800,18200.965
2026-03-25,06:30 - 06:45,19400,19058.98
2026-03-25,06:45 - 07:00,19900,19607.662
2026-03-25,07:00 - 07:15,20250,19769.748
2026-03-25,07:15 - 07:30,20400,20060.707
2026-03-25,07:30 - 07:45,20450,19915.361
2026-03-25,07:45 - 08:00,20500,20114.873
2026-03-25,08:00 - 08:15,20500,20279.918
2026-03-25,08:15 - 08:30,20500,20400.238
2026-03-25,08:30 - 08:45,20500,20223.305
2026-03-25,08:45 - 09:00,20500,20513.684
2026-03-25,09:00 - 09:15,20450,20360.518
2026-03-25,09:15 - 09:30,20350,20074.426
2026-03-25,09:30 - 09:45,20100,20177.914
2026-03-25,09:45 - 10:00,19950,19712.574
2026-03-25,10:00 - 10:15,20000,19168.277
2026-03-25,10:15 - 10:30,20050,19450.504
2026-03-25,10:30 - 10:45,20050,19807.705
2026-03-25,10:45 - 11:00,20050,19661.762
2026-03-25,11:00 - 11:15,20100,19598.504
2026-03-25,11:15 - 11:30,20150,19883.95
2026-03-25,11:30 - 11:45,20250,19982.857
2026-03-25,11:45 - 12:00,20350,19690.506
2026-03-25,12:00 - 12:15,20450,19622.326
2026-03-25,12:15 - 12:30,20500,19842.195
2026-03-25,12:30 - 12:45,20550,20223.135
2026-03-25,12:45 - 13:00,20600,19854.96
2026-03-25,13:00 - 13:15,20700,20187.275
2026-03-25,13:15 - 13:30,20700,20148.553
2026-03-25,13:30 - 13:45,20600,20009.883
2026-03-25,13:45 - 14:00,20100,19696.021
2026-03-25,14:00 - 14:15,20300,19934.19
2026-03-25,14:15 - 14:30,20400,20650.207
2026-03-25,14:30 - 14:45,20550,20712.516
2026-03-25,14:45 - 15:00,20650,20402.193
2026-03-25,15:00 - 15:15,20750,20157.37
2026-03-25,15:15 - 15:30,20800,20346.996
2026-03-25,15:30 - 15:45,20850,20432.838
2026-03-25,15:45 - 16:00,20900,20547.057
2026-03-25,16:00 - 16:15,20950,20455.426
2026-03-25,16:15 - 16:30,21050,20427.354
2026-03-25,16:30 - 16:45,21100,20281.982
2026-03-25,16:45 - 17:00,21100,20408.123
2026-03-25,17:00 - 17:15,21150,20545.402
2026-03-25,17:15 - 17:30,21200,20530.176
2026-03-25,17:30 - 17:45,21250,20767.348
2026-03-25,17:45 - 18:00,21200,20728.045
2026-03-25,18:00 - 18:15,21350,20754.447
2026-03-25,18:15 - 18:30,21550,21446.445
2026-03-25,18:30 - 18:45,21700,21925.912
2026-03-25,18:45 - 19:00,21650,22079.217
2026-03-25,19:00 - 19:15,21650,21924.104
2026-03-25,19:15 - 19:30,21650,21801.992
2026-03-25,19:30 - 19:45,21650,21748.127
2026-03-25,19:45 - 20:00,21500,21542.885
2026-03-25,20:00 - 20:15,21350,21471.527
2026-03-25,20:15 - 20:30,21100,21389.168
2026-03-25,20:30 - 20:45,20850,21067.674
2026-03-25,20:45 - 21:00,20500,20937.87
2026-03-25,21:00 - 21:15,20100,20416.621
2026-03-25,21:15 - 21:30,19550,20105.916
2026-03-25,21:30 - 21:45,18950,19301.928
2026-03-25,21:45 - 22:00,18400,18644.885
2026-03-25,22:00 - 22:15,18250,18453.768
2026-03-25,22:15 - 22:30,18000,18307.176
2026-03-25,22:30 - 22:45,17650,17923.887
2026-03-25,22:45 - 23:00,17300,17502.77
2026-03-25,23:00 - 23:15,16950,17123.023
2026-03-25,23:15 - 23:30,16600,16879.357
2026-03-25,23:30 - 23:45,16250,16475.271
2026-03-25,23:45 - 24:00,15950,16225.724
2026-03-26,00:00 - 00:15,16600,16137.082
2026-03-26,00:15 - 00:30,16450,15999.622
2026-03-26,00:30 - 00:45,16300,15986.8
2026-03-26,00:45 - 01:00,16150,15734.086
2026-03-26,01:00 - 01:15,16050,15700.883
2026-03-26,01:15 - 01:30,15950,15558.524
2026-03-26,01:30 - 01:45,15850,15620.934
2026-03-26,01:45 - 02:00,15750,15599.118
2026-03-26,02:00 - 02:15,15700,15408.259
2026-03-26,02:15 - 02:30,15650,15403.071
2026-03-26,02:30 - 02:45,15750,15468.074
2026-03-26,02:45 - 03:00,15800,15342.466
2026-03-26,03:00 - 03:15,15800,15372.636
2026-03-26,03:15 - 03:30,15850,15567.728
2026-03-26,03:30 - 03:45,15900,15494.442
2026-03-26,03:45 - 04:00,16000,15609.75
2026-03-26,04:00 - 04:15,16150,15751.19
2026-03-26,04:15 - 04:30,16250,15863.137
2026-03-26,04:30 - 04:45,16500,16151.064
2026-03-26,04:45 - 05:00,16600,16167.098
2026-03-26,05:00 - 05:15,16750,16461.152
2026-03-26,05:15 - 05:30,16950,16479.547
2026-03-26,05:30 - 05:45,17150,16683.215
2026-03-26,05:45 - 06:00,17600,17113.475
2026-03-26,06:00 - 06:15,18650,18006.213
2026-03-26,06:15 - 06:30,19400,18631.582
2026-03-26,06:30 - 06:45,19950,19444.53
2026-03-26,06:45 - 07:00,20450,20141.777
2026-03-26,07:00 - 07:15,20900,20577.62
2026-03-26,07:15 - 07:30,21200,20834.54
2026-03-26,07:30 - 07:45,21250,20986.238
2026-03-26,07:45 - 08:00,21350,21292.566
2026-03-26,08:00 - 08:15,21450,21428.566
2026-03-26,08:15 - 08:30,21550,21660.092
2026-03-26,08:30 - 08:45,21450,21661.205
2026-03-26,08:45 - 09:00,21500,21567.053
2026-03-26,09:00 - 09:15,21450,21653.137
2026-03-26,09:15 - 09:30,21350,21649.227
2026-03-26,09:30 - 09:45,21200,21497.725
2026-03-26,09:45 - 10:00,20800,21138.975
2026-03-26,10:00 - 10:15,20750,21056.545
2026-03-26,10:15 - 10:30,20800,20648.098
2026-03-26,10:30 - 10:45,21000,21306.764
2026-03-26,10:45 - 11:00,21200,21528.64
2026-03-26,11:00 - 11:15,21300,21672.395
2026-03-26,11:15 - 11:30,21300,21340.992
2026-03-26,11:30 - 11:45,21350,21289.39
2026-03-26,11:45 - 12:00,21300,21504.027
2026-03-26,12:00 - 12:15,21300,21329.432
2026-03-26,12:15 - 12:30,21300,21357.965
2026-03-26,12:30 - 12:45,21300,21388.602
2026-03-26,12:45 - 13:00,21400,21499.406
2026-03-26,13:00 - 13:15,21600,21974.93
2026-03-26,13:15 - 13:30,21550,21843.885
2026-03-26,13:30 - 13:45,21250,21650.549
2026-03-26,13:45 - 14:00,20800,21054.764
2026-03-26,14:00 - 14:15,21100,21572.207
2026-03-26,14:15 - 14:30,21250,21872.975
2026-03-26,14:30 - 14:45,21200,21799.45
2026-03-26,14:45 - 15:00,21150,21484.648
2026-03-26,15:00 - 15:15,21150,21546.832
2026-03-26,15:15 - 15:30,21300,21725.139
2026-03-26,15:30 - 15:45,21350,21773.516
2026-03-26,15:45 - 16:00,21400,21622.633
2026-03-26,16:00 - 16:15,21400,21541.152
2026-03-26,16:15 - 16:30,21450,21555.691
2026-03-26,16:30 - 16:45,21550,21740.445
2026-03-26,16:45 - 17:00,21600,21710.615
2026-03-26,17:00 - 17:15,21700,21624.61
2026-03-26,17:15 - 17:30,21700,21801.549
2026-03-26,17:30 - 17:45,21850,21904.793
2026-03-26,17:45 - 18:00,21750,21862.82
2026-03-26,18:00 - 18:15,22000,22179.756
2026-03-26,18:15 - 18:30,22500,22513.156
2026-03-26,18:30 - 18:45,22700,22950.205
2026-03-26,18:45 - 19:00,22750,23039.139
2026-03-26,19:00 - 19:15,22750,23148.994
2026-03-26,19:15 - 19:30,22750,22952.838
2026-03-26,19:30 - 19:45,22650,22854.654
2026-03-26,19:45 - 20:00,22550,22613.266
2026-03-26,20:00 - 20:15,22350,22487.18
2026-03-26,20:15 - 20:30,22100,22426.398
2026-03-26,20:30 - 20:45,21900,22100.006
2026-03-26,20:45 - 21:00,21500,21591.967
2026-03-26,21:00 - 21:15,21100,21163.295
2026-03-26,21:15 - 21:30,20550,20715.922
2026-03-26,21:30 - 21:45,19950,20177.557
2026-03-26,21:45 - 22:00,19400,19554.342
2026-03-26,22:00 - 22:15,19250,19517.225
2026-03-26,22:15 - 22:30,19000,19227.543
2026-03-26,22:30 - 22:45,18800,18795.617
2026-03-26,22:45 - 23:00,18450,18640.979
2026-03-26,23:00 - 23:15,18100,18076.459
2026-03-26,23:15 - 23:30,17750,17751.06
2026-03-26,23:30 - 23:45,17400,17647.846
2026-03-26,23:45 - 24:00,17100,17085.357
2026-03-27,00:00 - 00:15,16800,16934.771
2026-03-27,00:15 - 00:30,16650,16969.049
2026-03-27,00:30 - 00:45,16500,16677.725
2026-03-27,00:45 - 01:00,16350,16480.6
2026-03-27,01:00 - 01:15,16250,16440.668
2026-03-27,01:15 - 01:30,16150,16443.643
2026-03-27,01:30 - 01:45,16050,16304.086
2026-03-27,01:45 - 02:00,15900,16065.582
2026-03-27,02:00 - 02:15,15850,16073.215
2026-03-27,02:15 - 02:30,15800,15985.998
2026-03-27,02:30 - 02:45,15850,15867.158
2026-03-27,02:45 - 03:00,15850,16022.269
2026-03-27,03:00 - 03:15,15850,15995.909
2026-03-27,03:15 - 03:30,15850,15821.468
2026-03-27,03:30 - 03:45,15900,15944.96
2026-03-27,03:45 - 04:00,16000,15854.672
2026-03-27,04:00 - 04:15,16150,16268.98
2026-03-27,04:15 - 04:30,16250,16269.194
2026-03-27,04:30 - 04:45,16450,16430.762
2026-03-27,04:45 - 05:00,16550,16430.873
2026-03-27,05:00 - 05:15,16750,16868.203
2026-03-27,05:15 - 05:30,16950,16909.426
2026-03-27,05:30 - 05:45,17150,17003.023
2026-03-27,05:45 - 06:00,17600,17362.082
2026-03-27,06:00 - 06:15,18650,18423.312
2026-03-27,06:15 - 06:30,19400,19023.715
2026-03-27,06:30 - 06:45,19950,20077.852
2026-03-27,06:45 - 07:00,20450,20526.682
2026-03-27,07:00 - 07:15,20900,20855.443
2026-03-27,07:15 - 07:30,21200,21097.18
2026-03-27,07:30 - 07:45,21250,21229.074
2026-03-27,07:45 - 08:00,21400,21209.684
2026-03-27,08:00 - 08:15,21450,21489.275
2026-03-27,08:15 - 08:30,21500,21691.1
2026-03-27,08:30 - 08:45,21450,21508.91
2026-03-27,08:45 - 09:00,21500,21693.842
2026-03-27,09:00 - 09:15,21450,21558.176
2026-03-27,09:15 - 09:30,21300,21573.652
2026-03-27,09:30 - 09:45,21100,21378.69
2026-03-27,09:45 - 10:00,20700,21582.094
2026-03-27,10:00 - 10:15,20500,21839.111
2026-03-27,10:15 - 10:30,20750,21857.385
2026-03-27,10:30 - 10:45,21000,21852.127
2026-03-27,10:45 - 11:00,21000,21893.738
2026-03-27,11:00 - 11:15,21000,21942.62
2026-03-27,11:15 - 11:30,21050,21752.643
2026-03-27,11:30 - 11:45,21100,21972.615
2026-03-27,11:45 - 12:00,21050,22020.277
2026-03-27,12:00 - 12:15,21050,22061.65
2026-03-27,12:15 - 12:30,20950,21432.623
2026-03-27,12:30 - 12:45,20950,20735.104
2026-03-27,12:45 - 13:00,21050,21837.348
2026-03-27,13:00 - 13:15,21250,21938.295
2026-03-27,13:15 - 13:30,21200,21880.887
2026-03-27,13:30 - 13:45,20900,21944.736
2026-03-27,13:45 - 14:00,20450,21530.559
2026-03-27,14:00 - 14:15,20750,21889.705
2026-03-27,14:15 - 14:30,20900,21905.695
2026-03-27,14:30 - 14:45,20850,22027.555
2026-03-27,14:45 - 15:00,20800,21848.156
2026-03-27,15:00 - 15:15,20800,21948.37
2026-03-27,15:15 - 15:30,20950,21759.127
2026-03-27,15:30 - 15:45,21000,21858.557
2026-03-27,15:45 - 16:00,21050,21739.154
2026-03-27,16:00 - 16:15,21150,21776.184
2026-03-27,16:15 - 16:30,21200,21555.838
2026-03-27,16:30 - 16:45,21300,21735.38
2026-03-27,16:45 - 17:00,21350,21644.902
2026-03-27,17:00 - 17:15,21450,21888.451
2026-03-27,17:15 - 17:30,21500,21723.645
2026-03-27,17:30 - 17:45,21550,21944.094
2026-03-27,17:45 - 18:00,21500,21865.637
2026-03-27,18:00 - 18:15,21750,21940.66
2026-03-27,18:15 - 18:30,22200,22385.146
2026-03-27,18:30 - 18:45,22500,22918.385
2026-03-27,18:45 - 19:00,22600,22742.629
2026-03-27,19:00 - 19:15,22600,22652.352
2026-03-27,19:15 - 19:30,22600,22648.547
2026-03-27,19:30 - 19:45,22500,22498.695
2026-03-27,19:45 - 20:00,22450,22290.63
2026-03-27,20:00 - 20:15,22250,22009.414
2026-03-27,20:15 - 20:30,22000,21926.225
2026-03-27,20:30 - 20:45,21800,21597.098
2026-03-27,20:45 - 21:00,21400,21443.498
2026-03-27,21:00 - 21:15,21000,20995.19
2026-03-27,21:15 - 21:30,20450,20406.197
2026-03-27,21:30 - 21:45,19850,19917.637
2026-03-27,21:45 - 22:00,19300,19248.852
2026-03-27,22:00 - 22:15,19150,19042.14
2026-03-27,22:15 - 22:30,18900,19057.016
2026-03-27,22:30 - 22:45,18700,18651.213
2026-03-27,22:45 - 23:00,18350,18260.617
2026-03-27,23:00 - 23:15,18000,18148.484
2026-03-27,23:15 - 23:30,17650,17706.13
2026-03-27,23:30 - 23:45,17300,17370.871
2026-03-27,23:45 - 24:00,17000,17081.94
2026-03-28,00:00 - 00:15,16800,17009.8
2026-03-28,00:15 - 00:30,16650,16786.725
2026-03-28,00:30 - 00:45,16500,16346.36
2026-03-28,00:45 - 01:00,16350,16225.185
2026-03-28,01:00 - 01:15,16200,16464.174
2026-03-28,01:15 - 01:30,16100,16180.054
2026-03-28,01:30 - 01:45,16000,16180.55
2026-03-28,01:45 - 02:00,15950,15887.544
2026-03-28,02:00 - 02:15,15900,15720.103
2026-03-28,02:15 - 02:30,15900,15932.762
2026-03-28,02:30 - 02:45,15900,15860.173
2026-03-28,02:45 - 03:00,15900,15755.732
2026-03-28,03:00 - 03:15,15900,15749.221
2026-03-28,03:15 - 03:30,15850,15658.352
2026-03-28,03:30 - 03:45,15850,15747.195
2026-03-28,03:45 - 04:00,15850,15786.973
2026-03-28,04:00 - 04:15,15850,15855.91
2026-03-28,04:15 - 04:30,15850,15874.533
2026-03-28,04:30 - 04:45,15850,15577.876
2026-03-28,04:45 - 05:00,15850,15727.708
2026-03-28,05:00 - 05:15,15850,15831.359
2026-03-28,05:15 - 05:30,15800,15484.488
2026-03-28,05:30 - 05:45,15700,15411.256
2026-03-28,05:45 - 06:00,15750,15358.874
2026-03-28,06:00 - 06:15,16000,15614.429
2026-03-28,06:15 - 06:30,16200,16080.541
2026-03-28,06:30 - 06:45,16450,16615.113
2026-03-28,06:45 - 07:00,16750,17096.744
2026-03-28,07:00 - 07:15,17050,17321.068
2026-03-28,07:15 - 07:30,17300,17641.314
2026-03-28,07:30 - 07:45,17550,17772.914
2026-03-28,07:45 - 08:00,17750,18053.293
2026-03-28,08:00 - 08:15,17800,18308.002
2026-03-28,08:15 - 08:30,17800,18354.895
2026-03-28,08:30 - 08:45,17800,18628.072
2026-03-28,08:45 - 09:00,17800,19053.332
2026-03-28,09:00 - 09:15,17800,18707.074
2026-03-28,09:15 - 09:30,17800,18922.219
2026-03-28,09:30 - 09:45,17800,18963.746
2026-03-28,09:45 - 10:00,17800,18917.752
2026-03-28,10:00 - 10:15,17800,19001.404
2026-03-28,10:15 - 10:30,17800,19213.613
2026-03-28,10:30 - 10:45,17800,19249.826
2026-03-28,10:45 - 11:00,17800,19578.92
2026-03-28,11:00 - 11:15,17800,19489.781
2026-03-28,11:15 - 11:30,17800,19663.164
2026-03-28,11:30 - 11:45,17800,19086.873
2026-03-28,11:45 - 12:00,17750,18983.375
2026-03-28,12:00 - 12:15,17700,19013.55
2026-03-28,12:15 - 12:30,17600,18989.04
2026-03-28,12:30 - 12:45,17500,19200.469
2026-03-28,12:45 - 13:00,17400,19407.398
2026-03-28,13:00 - 13:15,17300,19252.818
2026-03-28,13:15 - 13:30,17200,19573.902
2026-03-28,13:30 - 13:45,17200,19089.994
2026-03-28,13:45 - 14:00,17200,18727.205
2026-03-28,14:00 - 14:15,17200,18755.201
2026-03-28,14:15 - 14:30,17200,18589.549
2026-03-28,14:30 - 14:45,17200,19021.357
2026-03-28,14:45 - 15:00,17200,18823.963
2026-03-28,15:00 - 15:15,17200,18663.715
2026-03-28,15:15 - 15:30,17300,18889.502
2026-03-28,15:30 - 15:45,17500,19052.41
2026-03-28,15:45 - 16:00,17600,18931.582
2026-03-28,16:00 - 16:15,17800,19092.441
2026-03-28,16:15 - 16:30,17900,19031.672
2026-03-28,16:30 - 16:45,18100,18885.158
2026-03-28,16:45 - 17:00,18150,18843.354
2026-03-28,17:00 - 17:15,18200,19199.06
2026-03-28,17:15 - 17:30,18250,18776.936
2026-03-28,17:30 - 17:45,18300,19081.004
2026-03-28,17:45 - 18:00,18450,19118.047
2026-03-28,18:00 - 18:15,18850,19368.502
2026-03-28,18:15 - 18:30,19200,19488.076
2026-03-28,18:30 - 18:45,19400,20059.1
2026-03-28,18:45 - 19:00,19400,20125.748
2026-03-28,19:00 - 19:15,19400,20009.178
2026-03-28,19:15 - 19:30,19400,19859.023
2026-03-28,19:30 - 19:45,19350,19709.469
2026-03-28,19:45 - 20:00,19200,19558.875
2026-03-28,20:00 - 20:15,19050,19249.34
2026-03-28,20:15 - 20:30,18850,19159.293
2026-03-28,20:30 - 20:45,18650,18913.662
2026-03-28,20:45 - 21:00,18350,18576.8
2026-03-28,21:00 - 21:15,18050,18387.441
2026-03-28,21:15 - 21:30,17750,17958.604
2026-03-28,21:30 - 21:45,17500,17600.773
2026-03-28,21:45 - 22:00,17200,17254.455
2026-03-28,22:00 - 22:15,16950,17146.646
2026-03-28,22:15 - 22:30,16650,16789.807
2026-03-28,22:30 - 22:45,16350,16393.607
2026-03-28,22:45 - 23:00,16050,16223.199
2026-03-28,23:00 - 23:15,15800,15963.869
2026-03-28,23:15 - 23:30,15550,15533.432
2026-03-28,23:30 - 23:45,15250,15379.088
2026-03-28,23:45 - 24:00,14950,15012.697
2026-03-29,00:00 - 00:15,14800,14873.406
2026-03-29,00:15 - 00:30,14650,14637.595
2026-03-29,00:30 - 00:45,14500,14354.812
2026-03-29,00:45 - 01:00,14400,14329.929
2026-03-29,01:00 - 01:15,14300,14297.632
2026-03-29,01:15 - 01:30,14150,14284.778
2026-03-29,01:30 - 01:45,14050,13905.271
2026-03-29,01:45 - 02:00,14000,13832.485
2026-03-29,02:00 - 03:15,13950,13564.94
2026-03-29,03:15 - 03:30,13950,13462.032
2026-03-29,03:30 - 03:45,13950,13658.299
2026-03-29,03:45 - 04:00,13950,13653.153
2026-03-29,04:00 - 04:15,13950,13672.716
2026-03-29,04:15 - 04:30,13950,13711.61
2026-03-29,04:30 - 04:45,13950,13747.564
2026-03-29,04:45 - 05:00,13950,13824.855
2026-03-29,05:00 - 05:15,13950,13892.29
2026-03-29,05:15 - 05:30,13950,13974.424
2026-03-29,05:30 - 05:45,13950,13972.914
2026-03-29,05:45 - 06:00,14000,13950.036
2026-03-29,06:00 - 06:15,14250,13914.409
2026-03-29,06:15 - 06:30,14350,14130.482
2026-03-29,06:30 - 06:45,14500,14300.345
2026-03-29,06:45 - 07:00,14700,14385.789
2026-03-29,07:00 - 07:15,14950,14520.325
2026-03-29,07:15 - 07:30,15050,14583.222
2026-03-29,07:30 - 07:45,15250,14752.342
2026-03-29,07:45 - 08:00,15550,14992.338
2026-03-29,08:00 - 08:15,15750,15250.367
2026-03-29,08:15 - 08:30,16000,15394.567
2026-03-29,08:30 - 08:45,16300,15702.488
2026-03-29,08:45 - 09:00,16500,15947.052
2026-03-29,09:00 - 09:15,16600,16085.869
2026-03-29,09:15 - 09:30,16700,16215.761
2026-03-29,09:30 - 09:45,16800,16304.837
2026-03-29,09:45 - 10:00,16950,16590.715
2026-03-29,10:00 - 10:15,17050,16458.037
2026-03-29,10:15 - 10:30,17100,16849.76
2026-03-29,10:30 - 10:45,17150,16612.893
2026-03-29,10:45 - 11:00,17200,16684.932
2026-03-29,11:00 - 11:15,17250,16758.436
2026-03-29,11:15 - 11:30,17300,16920.717
2026-03-29,11:30 - 11:45,17300,16911.496
2026-03-29,11:45 - 12:00,17300,17032.605
2026-03-29,12:00 - 12:15,17300,17184.064
2026-03-29,12:15 - 12:30,17300,17027.37
2026-03-29,12:30 - 12:45,17300,17015.615
2026-03-29,12:45 - 13:00,17300,16881.467
2026-03-29,13:00 - 13:15,17300,17099.01
2026-03-29,13:15 - 13:30,17250,16891.244
2026-03-29,13:30 - 13:45,17200,17286.28
2026-03-29,13:45 - 14:00,17150,17437.932
2026-03-29,14:00 - 14:15,17100,17437.922
2026-03-29,14:15 - 14:30,17050,17197.48
2026-03-29,14:30 - 14:45,17000,17414.322
2026-03-29,14:45 - 15:00,16900,17003.355
2026-03-29,15:00 - 15:15,16850,17283.322
2026-03-29,15:15 - 15:30,16800,17141.488
2026-03-29,15:30 - 15:45,16800,17136.078
2026-03-29,15:45 - 16:00,16800,16859.762
2026-03-29,16:00 - 16:15,16800,17137.502
2026-03-29,16:15 - 16:30,16800,17089.174
2026-03-29,16:30 - 16:45,16800,17140.31
2026-03-29,16:45 - 17:00,16850,17064.205
2026-03-29,17:00 - 17:15,16900,17257.412
2026-03-29,17:15 - 17:30,17000,17224.104
2026-03-29,17:30 - 17:45,17050,17378.123
2026-03-29,17:45 - 18:00,17200,17524.182
2026-03-29,18:00 - 18:15,17300,17508.623
2026-03-29,18:15 - 18:30,17450,17605.402
2026-03-29,18:30 - 18:45,17600,17853.2
2026-03-29,18:45 - 19:00,17700,17994.264
2026-03-29,19:00 - 19:15,17900,18086.3
2026-03-29,19:15 - 19:30,18250,18561.068
2026-03-29,19:30 - 19:45,18450,18948.227
2026-03-29,19:45 - 20:00,18450,18978.902
2026-03-29,20:00 - 20:15,18450,18824.646
2026-03-29,20:15 - 20:30,18350,18848.262
2026-03-29,20:30 - 20:45,18200,18591.393
2026-03-29,20:45 - 21:00,18050,18495.123
2026-03-29,21:00 - 21:15,17800,18233.238
2026-03-29,21:15 - 21:30,17600,18040.387
2026-03-29,21:30 - 21:45,17350,17732.602
2026-03-29,21:45 - 22:00,17150,17335.21
2026-03-29,22:00 - 22:15,16900,17137.283
2026-03-29,22:15 - 22:30,16650,16990.979
2026-03-29,22:30 - 22:45,16400,16661.87
2026-03-29,22:45 - 23:00,16150,16555.168
2026-03-29,23:00 - 23:15,15800,16148.093
2026-03-29,23:15 - 23:30,15550,15876.991
2026-03-29,23:30 - 23:45,15250,15525.405
2026-03-29,23:45 - 24:00,15000,15251.648
2026-03-30,00:00 - 00:15,14700,15268.639
2026-03-30,00:15 - 00:30,14600,15067.84
2026-03-30,00:30 - 00:45,14500,14796.665
2026-03-30,00:45 - 01:00,14400,14620.472
2026-03-30,01:00 - 01:15,14300,14638.809
2026-03-30,01:15 - 01:30,14250,14582.847
2026-03-30,01:30 - 01:45,14200,14492.581
2026-03-30,01:45 - 02:00,14150,14318.611
2026-03-30,02:00 - 02:15,14150,14244.8
2026-03-30,02:15 - 02:30,14150,14351.039
2026-03-30,02:30 - 02:45,14150,14270.386
2026-03-30,02:45 - 03:00,14150,14303.746
2026-03-30,03:00 - 03:15,14150,14397.113
2026-03-30,03:15 - 03:30,14150,14365.834
2026-03-30,03:30 - 03:45,14150,14440.296
2026-03-30,03:45 - 04:00,14300,14434.282
2026-03-30,04:00 - 04:15,14450,14695.986
2026-03-30,04:15 - 04:30,14650,14762.583
2026-03-30,04:30 - 04:45,14900,14844.005
2026-03-30,04:45 - 05:00,15150,15012.033
2026-03-30,05:00 - 05:15,15450,15569.213
2026-03-30,05:15 - 05:30,15850,15626.006
2026-03-30,05:30 - 05:45,16400,16181.529
2026-03-30,05:45 - 06:00,17000,16939.31
2026-03-30,06:00 - 06:15,18250,17851.123
2026-03-30,06:15 - 06:30,18850,18626.928
2026-03-30,06:30 - 06:45,19400,19315.494
2026-03-30,06:45 - 07:00,20100,19672.596
2026-03-30,07:00 - 07:15,20650,20422.293
2026-03-30,07:15 - 07:30,20850,20761.27
2026-03-30,07:30 - 07:45,21050,20941.527
2026-03-30,07:45 - 08:00,21350,21363.666
2026-03-30,08:00 - 08:15,21550,21535.549
2026-03-30,08:15 - 08:30,21550,21917.68
2026-03-30,08:30 - 08:45,21550,21840.146
2026-03-30,08:45 - 09:00,21550,22227.875
2026-03-30,09:00 - 09:15,21550,21832.525
2026-03-30,09:15 - 09:30,21500,22004.29
2026-03-30,09:30 - 09:45,21500,22045.973
2026-03-30,09:45 - 10:00,21350,21544.318
2026-03-30,10:00 - 10:15,21400,21358.28
2026-03-30,10:15 - 10:30,21400,20938.564
2026-03-30,10:30 - 10:45,21500,21499.783
2026-03-30,10:45 - 11:00,21600,21281.701
2026-03-30,11:00 - 11:15,21700,21329.582
2026-03-30,11:15 - 11:30,21800,21599.95
2026-03-30,11:30 - 11:45,21950,21299.564
2026-03-30,11:45 - 12:00,21950,21451.398
2026-03-30,12:00 - 12:15,21950,21347.27
2026-03-30,12:15 - 12:30,21950,21544.533
2026-03-30,12:30 - 12:45,21950,21704.354
2026-03-30,12:45 - 13:00,21950,20957.697
2026-03-30,13:00 - 13:15,21950,21246.752
2026-03-30,13:15 - 13:30,21950,21255.93
2026-03-30,13:30 - 13:45,21750,20960.734
2026-03-30,13:45 - 14:00,21300,20644.432
2026-03-30,14:00 - 14:15,21650,20769.969
2026-03-30,14:15 - 14:30,21800,20984.523
2026-03-30,14:30 - 14:45,21900,20411.494
2026-03-30,14:45 - 15:00,21800,21077.695
2026-03-30,15:00 - 15:15,21800,20843.76
2026-03-30,15:15 - 15:30,21800,20993.438
2026-03-30,15:30 - 15:45,21800,21271.754
2026-03-30,15:45 - 16:00,21750,20963.871
2026-03-30,16:00 - 16:15,21700,21110.715
2026-03-30,16:15 - 16:30,21700,21166.426
2026-03-30,16:30 - 16:45,21700,21259.098
2026-03-30,16:45 - 17:00,21650,21458.836
2026-03-30,17:00 - 17:15,21650,21603.934
2026-03-30,17:15 - 17:30,21700,21519.154
2026-03-30,17:30 - 17:45,21700,21380.574
2026-03-30,17:45 - 18:00,21700,21458.744
2026-03-30,18:00 - 18:15,21700,21365.732
2026-03-30,18:15 - 18:30,21750,21649.006
2026-03-30,18:30 - 18:45,21800,21998.451
2026-03-30,18:45 - 19:00,21750,21903.068
2026-03-30,19:00 - 19:15,21950,22159.273
2026-03-30,19:15 - 19:30,22250,22511.723
2026-03-30,19:30 - 19:45,22450,22602.727
2026-03-30,19:45 - 20:00,22450,22707.846
2026-03-30,20:00 - 20:15,22400,22463.838
2026-03-30,20:15 - 20:30,22200,22378.18
2026-03-30,20:30 - 20:45,21900,22239.95
2026-03-30,20:45 - 21:00,21550,21851.303
2026-03-30,21:00 - 21:15,21200,21498.1
2026-03-30,21:15 - 21:30,20700,21019.951
2026-03-30,21:30 - 21:45,20150,20347.516
2026-03-30,21:45 - 22:00,19550,19834.15
2026-03-30,22:00 - 22:15,19400,19589.299
2026-03-30,22:15 - 22:30,19150,19235.678
2026-03-30,22:30 - 22:45,18850,18851.863
2026-03-30,22:45 - 23:00,18500,18568.564
2026-03-30,23:00 - 23:15,18200,18112.44
2026-03-30,23:15 - 23:30,17850,17740.75
2026-03-30,23:30 - 23:45,17500,17460.14
2026-03-30,23:45 - 24:00,17200,17312.229
2026-03-31,00:00 - 00:15,16750,16934.045
2026-03-31,00:15 - 00:30,16600,16657.984
2026-03-31,00:30 - 00:45,16450,16517.23
2026-03-31,00:45 - 01:00,16300,16154.272
2026-03-31,01:00 - 01:15,16200,16053.611
2026-03-31,01:15 - 01:30,16150,16048.956
2026-03-31,01:30 - 01:45,16100,15675.43
2026-03-31,01:45 - 02:00,16000,15710.897
2026-03-31,02:00 - 02:15,16000,15652.994
2026-03-31,02:15 - 02:30,16000,15564.737
2026-03-31,02:30 - 02:45,16000,15748.348
2026-03-31,02:45 - 03:00,16000,15572.095
2026-03-31,03:00 - 03:15,16000,15553.974
2026-03-31,03:15 - 03:30,16000,15663.759
2026-03-31,03:30 - 03:45,16000,15715.193
2026-03-31,03:45 - 04:00,16050,15850.815
2026-03-31,04:00 - 04:15,16100,15966.812
2026-03-31,04:15 - 04:30,16150,15995.596
2026-03-31,04:30 - 04:45,16300,16300.235
2026-03-31,04:45 - 05:00,16500,16256.702
2026-03-31,05:00 - 05:15,16750,16807.926
2026-03-31,05:15 - 05:30,16950,17082.098
2026-03-31,05:30 - 05:45,17300,17537.234
2026-03-31,05:45 - 06:00,17750,17905.768
2026-03-31,06:00 - 06:15,18950,19097.15
2026-03-31,06:15 - 06:30,19550,19698.395
2026-03-31,06:30 - 06:45,20100,20253.656
2026-03-31,06:45 - 07:00,20550,20638.84
2026-03-31,07:00 - 07:15,21000,21105.191
2026-03-31,07:15 - 07:30,21200,21488.232
2026-03-31,07:30 - 07:45,21350,21737.62
2026-03-31,07:45 - 08:00,21600,21787.52
2026-03-31,08:00 - 08:15,21850,22071.516
2026-03-31,08:15 - 08:30,22000,22234.363
2026-03-31,08:30 - 08:45,22000,22081.162
2026-03-31,08:45 - 09:00,22000,22152.695
2026-03-31,09:00 - 09:15,22000,22148.525
2026-03-31,09:15 - 09:30,22000,22148.617
2026-03-31,09:30 - 09:45,21900,21903.195
2026-03-31,09:45 - 10:00,21750,21472.645
2026-03-31,10:00 - 10:15,21700,21457.406
2026-03-31,10:15 - 10:30,21750,21356.568
2026-03-31,10:30 - 10:45,21900,21826.105
2026-03-31,10:45 - 11:00,22000,21645.275
2026-03-31,11:00 - 11:15,22000,21589.361
2026-03-31,11:15 - 11:30,22000,21651.076
2026-03-31,11:30 - 11:45,22000,21655.295
2026-03-31,11:45 - 12:00,22000,21955.777
2026-03-31,12:00 - 12:15,22000,21685.113
2026-03-31,12:15 - 12:30,22000,21806.34
2026-03-31,12:30 - 12:45,22000,21886.912
2026-03-31,12:45 - 13:00,22050,21824.77
2026-03-31,13:00 - 13:15,22150,21616.98
2026-03-31,13:15 - 13:30,22150,22253.088
2026-03-31,13:30 - 13:45,21950,21781.068
2026-03-31,13:45 - 14:00,21400,21463.062
2026-03-31,14:00 - 14:15,21550,21270.3
2026-03-31,14:15 - 14:30,21650,21723.621
2026-03-31,14:30 - 14:45,21650,21891.463
2026-03-31,14:45 - 15:00,21600,21463.316
2026-03-31,15:00 - 15:15,21600,21818.152
2026-03-31,15:15 - 15:30,21600,21553.086
2026-03-31,15:30 - 15:45,21600,21730.883
2026-03-31,15:45 - 16:00,21600,21227.504
2026-03-31,16:00 - 16:15,21600,21407.65
2026-03-31,16:15 - 16:30,21600,21375.684
2026-03-31,16:30 - 16:45,21600,21490.512
2026-03-31,16:45 - 17:00,21600,21597.008
2026-03-31,17:00 - 17:15,21600,21790.74
2026-03-31,17:15 - 17:30,21600,21689.725
2026-03-31,17:30 - 17:45,21600,21641.701
2026-03-31,17:45 - 18:00,21600,21448.73
2026-03-31,18:00 - 18:15,21600,21546.998
2026-03-31,18:15 - 18:30,21600,21627.264
2026-03-31,18:30 - 18:45,21650,21879.648
2026-03-31,18:45 - 19:00,21750,21814.52
2026-03-31,19:00 - 19:15,21950,22146.129
2026-03-31,19:15 - 19:30,22250,22609.107
2026-03-31,19:30 - 19:45,22550,22964.174
2026-03-31,19:45 - 20:00,22650,22940.912
2026-03-31,20:00 - 20:15,22500,22919.033
2026-03-31,20:15 - 20:30,22250,22869.24
2026-03-31,20:30 - 20:45,22000,22696.738
2026-03-31,20:45 - 21:00,21650,22114.29
2026-03-31,21:00 - 21:15,21250,21784.678
2026-03-31,21:15 - 21:30,20700,21400.268
2026-03-31,21:30 - 21:45,20100,21053.537
2026-03-31,21:45 - 22:00,19550,20253.84
2026-03-31,22:00 - 22:15,19400,20119.979
2026-03-31,22:15 - 22:30,19150,19962.445
2026-03-31,22:30 - 22:45,18800,19467.854
2026-03-31,22:45 - 23:00,18450,19109.79
2026-03-31,23:00 - 23:15,18100,18628.242
2026-03-31,23:15 - 23:30,17750,18363.82
2026-03-31,23:30 - 23:45,17400,17926.783
2026-03-31,23:45 - 24:00,17100,17523.973
2026-04-01,00:00 - 00:15,17050,17360.654
2026-04-01,00:15 - 00:30,16900,17142.521
2026-04-01,00:30 - 00:45,16750,17004.68
2026-04-01,00:45 - 01:00,16600,16678.883
2026-04-01,01:00 - 01:15,16450,16557.996
2026-04-01,01:15 - 01:30,16350,16525.379
2026-04-01,01:30 - 01:45,16250,16569.43
2026-04-01,01:45 - 02:00,16200,16409.66
2026-04-01,02:00 - 02:15,16200,16287.489
2026-04-01,02:15 - 02:30,16200,16244.155
2026-04-01,02:30 - 02:45,16200,16153.49
2026-04-01,02:45 - 03:00,16200,16336.351
2026-04-01,03:00 - 03:15,16200,16321.729
2026-04-01,03:15 - 03:30,16200,16203.311
2026-04-01,03:30 - 03:45,16200,16481.928
2026-04-01,03:45 - 04:00,16250,16344.34
2026-04-01,04:00 - 04:15,16350,16607.473
2026-04-01,04:15 - 04:30,16450,16823.76
2026-04-01,04:30 - 04:45,16600,16981.414
2026-04-01,04:45 - 05:00,16800,17005.16
2026-04-01,05:00 - 05:15,17000,17405.627
2026-04-01,05:15 - 05:30,17200,17656.38
2026-04-01,05:30 - 05:45,17400,18072.213
2026-04-01,05:45 - 06:00,17850,18452.646
2026-04-01,06:00 - 06:15,18650,19718.68
2026-04-01,06:15 - 06:30,19300,20078.518
2026-04-01,06:30 - 06:45,19800,20469.709
2026-04-01,06:45 - 07:00,20400,20943.387
2026-04-01,07:00 - 07:15,20850,21424.744
2026-04-01,07:15 - 07:30,21150,21732.586
2026-04-01,07:30 - 07:45,21400,21750.707
2026-04-01,07:45 - 08:00,21600,21922.918
2026-04-01,08:00 - 08:15,21750,22078.262
2026-04-01,08:15 - 08:30,21800,22240.701
2026-04-01,08:30 - 08:45,21800,22307.277
2026-04-01,08:45 - 09:00,21800,22127.184
2026-04-01,09:00 - 09:15,21800,22228.59
2026-04-01,09:15 - 09:30,21800,22110.982
2026-04-01,09:30 - 09:45,21650,21859.26
2026-04-01,09:45 - 10:00,21400,21920.824
2026-04-01,10:00 - 10:15,21250,21214.21
2026-04-01,10:15 - 10:30,21100,21677.023
2026-04-01,10:30 - 10:45,21100,21418.812
2026-04-01,10:45 - 11:00,21100,21649.576
2026-04-01,11:00 - 11:15,21100,21615.617
2026-04-01,11:15 - 11:30,21100,21587.895
2026-04-01,11:30 - 11:45,21100,21417.605
2026-04-01,11:45 - 12:00,21100,21126.533
2026-04-01,12:00 - 12:15,21100,21475.092
2026-04-01,12:15 - 12:30,21100,21499.453
2026-04-01,12:30 - 12:45,21100,21409.117
2026-04-01,12:45 - 13:00,21150,21169.979
2026-04-01,13:00 - 13:15,21300,21060.08
2026-04-01,13:15 - 13:30,21250,21088.41
2026-04-01,13:30 - 13:45,20900,20767.896
2026-04-01,13:45 - 14:00,20500,20369.078
2026-04-01,14:00 - 14:15,20750,20567.854
2026-04-01,14:15 - 14:30,20850,20631.98
2026-04-01,14:30 - 14:45,20850,20288.941
2026-04-01,14:45 - 15:00,20800,20689.035
2026-04-01,15:00 - 15:15,20800,20398.148
2026-04-01,15:15 - 15:30,20850,20424.982
2026-04-01,15:30 - 15:45,20850,20552.71
2026-04-01,15:45 - 16:00,20850,20828.842
2026-04-01,16:00 - 16:15,20950,20822.934
2026-04-01,16:15 - 16:30,21050,20738.736
2026-04-01,16:30 - 16:45,21100,20879.014
2026-04-01,16:45 - 17:00,21100,20939.521
2026-04-01,17:00 - 17:15,21150,21287.275
2026-04-01,17:15 - 17:30,21150,20957.555
2026-04-01,17:30 - 17:45,21150,21492.072
2026-04-01,17:45 - 18:00,21100,21066.123
2026-04-01,18:00 - 18:15,21150,21178.63
2026-04-01,18:15 - 18:30,21250,21620.92
2026-04-01,18:30 - 18:45,21550,21757.998
2026-04-01,18:45 - 19:00,21650,21801.84
2026-04-01,19:00 - 19:15,21850,21932.574
2026-04-01,19:15 - 19:30,22050,22162.053
2026-04-01,19:30 - 19:45,22250,22509.568
2026-04-01,19:45 - 20:00,22300,22659.035
2026-04-01,20:00 - 20:15,22250,22588.91
2026-04-01,20:15 - 20:30,22100,22574.105
2026-04-01,20:30 - 20:45,21850,22391.818
2026-04-01,20:45 - 21:00,21450,22078.021
2026-04-01,21:00 - 21:15,21100,21548.453
2026-04-01,21:15 - 21:30,20550,21228.387
2026-04-01,21:30 - 21:45,19950,20477.385
2026-04-01,21:45 - 22:00,19450,19838.94
2026-04-01,22:00 - 22:15,19200,19713.898
2026-04-01,22:15 - 22:30,19000,19528.682
2026-04-01,22:30 - 22:45,18700,19220.994
2026-04-01,22:45 - 23:00,18350,18630.56
2026-04-01,23:00 - 23:15,18000,18451.768
2026-04-01,23:15 - 23:30,17650,18155.893
2026-04-01,23:30 - 23:45,17300,17909.754
2026-04-01,23:45 - 24:00,16950,17530.115
2026-04-02,00:00 - 00:15,16550,17315.896
2026-04-02,00:15 - 00:30,16400,17110.121
2026-04-02,00:30 - 00:45,16250,16813.191
2026-04-02,00:45 - 01:00,16100,16616.793
2026-04-02,01:00 - 01:15,15950,16541.156
2026-04-02,01:15 - 01:30,15850,16480.297
2026-04-02,01:30 - 01:45,15750,16350.969
2026-04-02,01:45 - 02:00,15700,16042.907
2026-04-02,02:00 - 02:15,15700,16130.911
2026-04-02,02:15 - 02:30,15700,15948.583
2026-04-02,02:30 - 02:45,15700,16067.347
2026-04-02,02:45 - 03:00,15700,16044.556
2026-04-02,03:00 - 03:15,15700,15953.27
2026-04-02,03:15 - 03:30,15700,16134.874
2026-04-02,03:30 - 03:45,15700,16217.307
2026-04-02,03:45 - 04:00,15800,16137.361
2026-04-02,04:00 - 04:15,15900,16497.52
2026-04-02,04:15 - 04:30,16000,16577.549
2026-04-02,04:30 - 04:45,16150,16701.443
2026-04-02,04:45 - 05:00,16300,16619.11
2026-04-02,05:00 - 05:15,16550,17063.057
2026-04-02,05:15 - 05:30,16900,17349.816
2026-04-02,05:30 - 05:45,17250,17605.543
2026-04-02,05:45 - 06:00,17850,18107.867
2026-04-02,06:00 - 06:15,18650,19094.008
2026-04-02,06:15 - 06:30,19100,19706.307
2026-04-02,06:30 - 06:45,19600,19961.008
2026-04-02,06:45 - 07:00,20050,20307.96
2026-04-02,07:00 - 07:15,20550,21028.428
2026-04-02,07:15 - 07:30,20800,21344.57
2026-04-02,07:30 - 07:45,21050,21496.408
2026-04-02,07:45 - 08:00,21350,21774.174
2026-04-02,08:00 - 08:15,21600,21943.918
2026-04-02,08:15 - 08:30,21700,21849.594
2026-04-02,08:30 - 08:45,21800,21699.275
2026-04-02,08:45 - 09:00,21800,21647.059
2026-04-02,09:00 - 09:15,21800,21558.012
2026-04-02,09:15 - 09:30,21750,21558.64
2026-04-02,09:30 - 09:45,21650,21214.744
2026-04-02,09:45 - 10:00,21300,20563.88
2026-04-02,10:00 - 10:15,21150,20549.393
2026-04-02,10:15 - 10:30,21200,20583.918
2026-04-02,10:30 - 10:45,21200,20740.307
2026-04-02,10:45 - 11:00,21200,21102.803
2026-04-02,11:00 - 11:15,21250,20892.846
2026-04-02,11:15 - 11:30,21300,21162.914
2026-04-02,11:30 - 11:45,21300,20746.148
2026-04-02,11:45 - 12:00,21300,20932.918
2026-04-02,12:00 - 12:15,21300,20659.482
2026-04-02,12:15 - 12:30,21300,20499.66
2026-04-02,12:30 - 12:45,21300,20636.855
2026-04-02,12:45 - 13:00,21350,20584.395
2026-04-02,13:00 - 13:15,21450,20659.828
2026-04-02,13:15 - 13:30,21400,20433.27
2026-04-02,13:30 - 13:45,21100,20397.105
2026-04-02,13:45 - 14:00,20650,19997.287
2026-04-02,14:00 - 14:15,20900,19920.271
2026-04-02,14:15 - 14:30,21050,20127.873
2026-04-02,14:30 - 14:45,21050,19476.973
2026-04-02,14:45 - 15:00,20950,20172.299
2026-04-02,15:00 - 15:15,21000,20321.08
2026-04-02,15:15 - 15:30,21000,20499.133
2026-04-02,15:30 - 15:45,21050,20552.133
2026-04-02,15:45 - 16:00,21100,20423.27
2026-04-02,16:00 - 16:15,21150,20279.955
2026-04-02,16:15 - 16:30,21200,20511.65
2026-04-02,16:30 - 16:45,21200,20566.45
2026-04-02,16:45 - 17:00,21200,20701.72
2026-04-02,17:00 - 17:15,21200,20774.332
2026-04-02,17:15 - 17:30,21200,20939.713
2026-04-02,17:30 - 17:45,21300,20647.729
2026-04-02,17:45 - 18:00,21400,20733.994
2026-04-02,18:00 - 18:15,21450,20767.492
2026-04-02,18:15 - 18:30,21550,20974.7
2026-04-02,18:30 - 18:45,21700,21113.82
2026-04-02,18:45 - 19:00,21850,21049.479
2026-04-02,19:00 - 19:15,22000,21310.836
2026-04-02,19:15 - 19:30,22250,21628.703
2026-04-02,19:30 - 19:45,22500,21897.346
2026-04-02,19:45 - 20:00,22500,22231.314
2026-04-02,20:00 - 20:15,22450,22304.53
2026-04-02,20:15 - 20:30,22400,21958.027
2026-04-02,20:30 - 20:45,22100,21806.879
2026-04-02,20:45 - 21:00,21750,21622.445
2026-04-02,21:00 - 21:15,21350,21263.848
2026-04-02,21:15 - 21:30,20950,21051.125
2026-04-02,21:30 - 21:45,20350,20262.652
2026-04-02,21:45 - 22:00,19700,19727.887
2026-04-02,22:00 - 22:15,19500,19672.258
2026-04-02,22:15 - 22:30,19150,19498.693
2026-04-02,22:30 - 22:45,18800,19066.592
2026-04-02,22:45 - 23:00,18400,18745.799
2026-04-02,23:00 - 23:15,18100,18421.672
2026-04-02,23:15 - 23:30,17650,18012.275
2026-04-02,23:30 - 23:45,17300,17713.96
2026-04-02,23:45 - 24:00,17000,17228.53
2026-04-03,00:00 - 00:15,16900,16941.91
2026-04-03,00:15 - 00:30,16600,16614.924
2026-04-03,00:30 - 00:45,16400,16575.016
2026-04-03,00:45 - 01:00,16250,16265.627
2026-04-03,01:00 - 01:15,16100,15930.533
2026-04-03,01:15 - 01:30,15950,15792.705
2026-04-03,01:30 - 01:45,15850,15898.821
2026-04-03,01:45 - 02:00,15750,15606.678
2026-04-03,02:00 - 02:15,15700,15501.704
2026-04-03,02:15 - 02:30,15700,15571.664
2026-04-03,02:30 - 02:45,15650,15473.965
2026-04-03,02:45 - 03:00,15650,15349.622
2026-04-03,03:00 - 03:15,15650,15494.776
2026-04-03,03:15 - 03:30,15650,15268.011
2026-04-03,03:30 - 03:45,15650,15361.741
2026-04-03,03:45 - 04:00,15650,15494.239
2026-04-03,04:00 - 04:15,15750,15621.279
2026-04-03,04:15 - 04:30,15850,15748.715
2026-04-03,04:30 - 04:45,15950,15934.497
2026-04-03,04:45 - 05:00,16050,15996.433
2026-04-03,05:00 - 05:15,16200,16197.58
2026-04-03,05:15 - 05:30,16400,16494.84
2026-04-03,05:30 - 05:45,16650,16650.238
2026-04-03,05:45 - 06:00,17150,16809.31
2026-04-03,06:00 - 06:15,17800,17669.922
2026-04-03,06:15 - 06:30,18300,17967.717
2026-04-03,06:30 - 06:45,18800,18266.887
2026-04-03,06:45 - 07:00,19200,18633.088
2026-04-03,07:00 - 07:15,19600,19061.07
2026-04-03,07:15 - 07:30,19950,19450.422
2026-04-03,07:30 - 07:45,20300,19551.342
2026-04-03,07:45 - 08:00,20600,19625.957
2026-04-03,08:00 - 08:15,20900,19781.746
2026-04-03,08:15 - 08:30,21100,19755.236
2026-04-03,08:30 - 08:45,21150,19764.402
2026-04-03,08:45 - 09:00,21150,19789.383
2026-04-03,09:00 - 09:15,21150,19805.025
2026-04-03,09:15 - 09:30,21150,19577.268
2026-04-03,09:30 - 09:45,21150,19517.342
2026-04-03,09:45 - 10:00,21150,19758.947
2026-04-03,10:00 - 10:15,21150,19404.654
2026-04-03,10:15 - 10:30,21150,19547.844
2026-04-03,10:30 - 10:45,21150,19610.18
2026-04-03,10:45 - 11:00,21150,19344.021
2026-04-03,11:00 - 11:15,21150,19842.342
2026-04-03,11:15 - 11:30,21150,19907.678
2026-04-03,11:30 - 11:45,21150,19855.51
2026-04-03,11:45 - 12:00,21150,19671.717
2026-04-03,12:00 - 12:15,21150,20077.496
2026-04-03,12:15 - 12:30,21150,19465.99
2026-04-03,12:30 - 12:45,21200,19670.463
2026-04-03,12:45 - 13:00,21350,19007.02
2026-04-03,13:00 - 13:15,21350,19846.785
2026-04-03,13:15 - 13:30,21300,19609.188
2026-04-03,13:30 - 13:45,21100,19447.893
2026-04-03,13:45 - 14:00,20850,19541.068
2026-04-03,14:00 - 14:15,20900,19828.268
2026-04-03,14:15 - 14:30,21050,19670.805
2026-04-03,14:30 - 14:45,20950,19989.508
2026-04-03,14:45 - 15:00,21000,20254.602
2026-04-03,15:00 - 15:15,21050,19735.77
2026-04-03,15:15 - 15:30,21050,19463.666
2026-04-03,15:30 - 15:45,21050,19969.365
2026-04-03,15:45 - 16:00,21050,19592.848
2026-04-03,16:00 - 16:15,21050,20121.201
2026-04-03,16:15 - 16:30,21050,19667.139
2026-04-03,16:30 - 16:45,21050,19803.85
2026-04-03,16:45 - 17:00,21050,19800.795
2026-04-03,17:00 - 17:15,21050,19711.057
2026-04-03,17:15 - 17:30,21050,19822.191
2026-04-03,17:30 - 17:45,21050,19766.188
2026-04-03,17:45 - 18:00,21000,19711.32
2026-04-03,18:00 - 18:15,21050,19758.275
2026-04-03,18:15 - 18:30,21150,19766.424
2026-04-03,18:30 - 18:45,21150,19924.725
2026-04-03,18:45 - 19:00,21200,20147.424
2026-04-03,19:00 - 19:15,21250,20169.234
2026-04-03,19:15 - 19:30,21450,20510.43
2026-04-03,19:30 - 19:45,21600,20947.943
2026-04-03,19:45 - 20:00,21600,21026.328
2026-04-03,20:00 - 20:15,21600,21048.484
2026-04-03,20:15 - 20:30,21500,21128.639
2026-04-03,20:30 - 20:45,21400,21019.682
2026-04-03,20:45 - 21:00,21150,20560.508
2026-04-03,21:00 - 21:15,20700,20362.64
2026-04-03,21:15 - 21:30,20250,19979.2
2026-04-03,21:30 - 21:45,19600,19562.732
2026-04-03,21:45 - 22:00,19000,18798.982
2026-04-03,22:00 - 22:15,18800,18728.586
2026-04-03,22:15 - 22:30,18500,18676.26
2026-04-03,22:30 - 22:45,18100,18167.424
2026-04-03,22:45 - 23:00,17750,17749.764
2026-04-03,23:00 - 23:15,17250,17430.621
2026-04-03,23:15 - 23:30,16850,16896.857
2026-04-03,23:30 - 23:45,16450,16686.156
2026-04-03,23:45 - 24:00,16150,16014.195
2026-04-04,00:00 - 00:15,15150,15866.588
2026-04-04,00:15 - 00:30,14800,15597.724
2026-04-04,00:30 - 00:45,14600,15214.753
2026-04-04,00:45 - 01:00,14450,14920.682
2026-04-04,01:00 - 01:15,14300,14784.578
2026-04-04,01:15 - 01:30,14200,14479.189
2026-04-04,01:30 - 01:45,14100,14361.939
2026-04-04,01:45 - 02:00,14000,14232.973
2026-04-04,02:00 - 02:15,13900,14144.631
2026-04-04,02:15 - 02:30,13850,13944.581
2026-04-04,02:30 - 02:45,13800,14127.685
2026-04-04,02:45 - 03:00,13800,13885.799
2026-04-04,03:00 - 03:15,13800,13802.722
2026-04-04,03:15 - 03:30,13800,13946.223
2026-04-04,03:30 - 03:45,13750,14025.123
2026-04-04,03:45 - 04:00,13750,13963.26
2026-04-04,04:00 - 04:15,13750,14092.049
2026-04-04,04:15 - 04:30,13700,14051.165
2026-04-04,04:30 - 04:45,13700,13947.041
2026-04-04,04:45 - 05:00,13700,14056.097
2026-04-04,05:00 - 05:15,13650,14055.372
2026-04-04,05:15 - 05:30,13650,14125.185
2026-04-04,05:30 - 05:45,13600,14167.482
2026-04-04,05:45 - 06:00,13750,13975.366
2026-04-04,06:00 - 06:15,13950,14188.422
2026-04-04,06:15 - 06:30,14250,14461.689
2026-04-04,06:30 - 06:45,14550,14554.115
2026-04-04,06:45 - 07:00,14900,14695.391
2026-04-04,07:00 - 07:15,15200,14878.027
2026-04-04,07:15 - 07:30,15500,15245.974
2026-04-04,07:30 - 07:45,15800,15303.535
2026-04-04,07:45 - 08:00,16100,15875.755
2026-04-04,08:00 - 08:15,16450,16243.762
2026-04-04,08:15 - 08:30,16750,16257.639
2026-04-04,08:30 - 08:45,16950,16452.771
2026-04-04,08:45 - 09:00,17150,16760.22
2026-04-04,09:00 - 09:15,17350,16533.287
2026-04-04,09:15 - 09:30,17500,16806.766
2026-04-04,09:30 - 09:45,17550,16955.252
2026-04-04,09:45 - 10:00,17550,16990.719
2026-04-04,10:00 - 10:15,17550,17366.031
2026-04-04,10:15 - 10:30,17550,17626.543
2026-04-04,10:30 - 10:45,17550,17168.303
2026-04-04,10:45 - 11:00,17550,17362.088
2026-04-04,11:00 - 11:15,17550,17637.678
2026-04-04,11:15 - 11:30,17550,17431.37
2026-04-04,11:30 - 11:45,17550,17380.355
2026-04-04,11:45 - 12:00,17550,17768.842
2026-04-04,12:00 - 12:15,17550,17987.826
2026-04-04,12:15 - 12:30,17550,17819.201
2026-04-04,12:30 - 12:45,17550,17446.69
2026-04-04,12:45 - 13:00,17500,17171.625
2026-04-04,13:00 - 13:15,17450,16871.656
2026-04-04,13:15 - 13:30,17400,17443.002
2026-04-04,13:30 - 13:45,17350,18156.71
2026-04-04,13:45 - 14:00,17300,17811.592
2026-04-04,14:00 - 14:15,17250,17653.518
2026-04-04,14:15 - 14:30,17200,17573.826
2026-04-04,14:30 - 14:45,17150,17619.406
2026-04-04,14:45 - 15:00,17100,17162.652
2026-04-04,15:00 - 15:15,17050,17288.74
2026-04-04,15:15 - 15:30,17000,16806.676
2026-04-04,15:30 - 15:45,16950,17280.094
2026-04-04,15:45 - 16:00,16900,17100.941
2026-04-04,16:00 - 16:15,16850,16977.953
2026-04-04,16:15 - 16:30,16800,17011.117
2026-04-04,16:30 - 16:45,16750,17330.162
2026-04-04,16:45 - 17:00,16700,16630.615
2026-04-04,17:00 - 17:15,16650,16428.412
2026-04-04,17:15 - 17:30,16650,16628.97
2026-04-04,17:30 - 17:45,16650,16493.816
2026-04-04,17:45 - 18:00,16650,16433.129
2026-04-04,18:00 - 18:15,16650,16265.344
2026-04-04,18:15 - 18:30,16650,16145.632
2026-04-04,18:30 - 18:45,16700,16171.015
2026-04-04,18:45 - 19:00,16800,16326.123
2026-04-04,19:00 - 19:15,16900,16552.502
2026-04-04,19:15 - 19:30,17000,16508.852
2026-04-04,19:30 - 19:45,17100,16756.639
2026-04-04,19:45 - 20:00,17300,17000.56
2026-04-04,20:00 - 20:15,17350,16939.646
2026-04-04,20:15 - 20:30,17300,16978.62
2026-04-04,20:30 - 20:45,17200,16974.033
2026-04-04,20:45 - 21:00,17050,16706.71
2026-04-04,21:00 - 21:15,16850,16406.912
2026-04-04,21:15 - 21:30,16500,16348.143
2026-04-04,21:30 - 21:45,16250,15997.792
2026-04-04,21:45 - 22:00,15950,15832.635
2026-04-04,22:00 - 22:15,15700,15781.04
2026-04-04,22:15 - 22:30,15450,15411.023
2026-04-04,22:30 - 22:45,15150,15230.238
2026-04-04,22:45 - 23:00,14900,14795.918
2026-04-04,23:00 - 23:15,14550,14787.362
2026-04-04,23:15 - 23:30,14300,14365.747
2026-04-04,23:30 - 23:45,13950,14202.721
2026-04-04,23:45 - 24:00,13650,13916.32
2026-04-05,00:00 - 00:15,13000,13549.516
2026-04-05,00:15 - 00:30,12800,13471.825
2026-04-05,00:30 - 00:45,12600,13226.676
2026-04-05,00:45 - 01:00,12350,13000.07
2026-04-05,01:00 - 01:15,12150,12875.879
2026-04-05,01:15 - 01:30,12000,12604.163
2026-04-05,01:30 - 01:45,11850,12668.922
2026-04-05,01:45 - 02:00,11700,12649.99
2026-04-05,02:00 - 02:15,11600,12467.92
2026-04-05,02:15 - 02:30,11550,12283.871
2026-04-05,02:30 - 02:45,11450,12222.625
2026-04-05,02:45 - 03:00,11450,12026.604
2026-04-05,03:00 - 03:15,11450,12051.607
2026-04-05,03:15 - 03:30,11450,11919.236
2026-04-05,03:30 - 03:45,11450,12026.952
2026-04-05,03:45 - 04:00,11450,12018.061
2026-04-05,04:00 - 04:15,11450,12193.263
2026-04-05,04:15 - 04:30,11450,12158.406
2026-04-05,04:30 - 04:45,11450,12209.156
2026-04-05,04:45 - 05:00,11450,12296.354
2026-04-05,05:00 - 05:15,11450,12425.945
2026-04-05,05:15 - 05:30,11450,12480.695
2026-04-05,05:30 - 05:45,11350,12214.77
2026-04-05,05:45 - 06:00,11150,12175.016
2026-04-05,06:00 - 06:15,11150,12216.321
2026-04-05,06:15 - 06:30,11150,12135.224
2026-04-05,06:30 - 06:45,11250,12362.667
2026-04-05,06:45 - 07:00,11500,12366.273
2026-04-05,07:00 - 07:15,11750,12803.466
2026-04-05,07:15 - 07:30,12050,13056.072
2026-04-05,07:30 - 07:45,12400,13555.552
2026-04-05,07:45 - 08:00,12700,14142.694
2026-04-05,08:00 - 08:15,13000,13872.825
2026-04-05,08:15 - 08:30,13200,13921.091
2026-04-05,08:30 - 08:45,13300,13995.34
2026-04-05,08:45 - 09:00,13350,14173.894
2026-04-05,09:00 - 09:15,13350,14065.405
2026-04-05,09:15 - 09:30,13350,14096.325
2026-04-05,09:30 - 09:45,13300,13818.602
2026-04-05,09:45 - 10:00,13200,13746.286
2026-04-05,10:00 - 10:15,13050,13473.902
2026-04-05,10:15 - 10:30,12900,13397.865
2026-04-05,10:30 - 10:45,12700,13043.285
2026-04-05,10:45 - 11:00,12500,12777.34
2026-04-05,11:00 - 11:15,12350,12852.814
2026-04-05,11:15 - 11:30,12250,12903.826
2026-04-05,11:30 - 11:45,12250,12920.304
2026-04-05,11:45 - 12:00,12250,12878.201
2026-04-05,12:00 - 12:15,12250,12420.741
2026-04-05,12:15 - 12:30,12250,12258.32
2026-04-05,12:30 - 12:45,12250,12087.876
2026-04-05,12:45 - 13:00,12250,12473.124
2026-04-05,13:00 - 13:15,12250,12438.244
2026-04-05,13:15 - 13:30,12250,12315.187
2026-04-05,13:30 - 13:45,12250,12462.862
2026-04-05,13:45 - 14:00,12250,12133.92
2026-04-05,14:00 - 14:15,12250,11868.643
2026-04-05,14:15 - 14:30,12250,12093.485
2026-04-05,14:30 - 14:45,12250,11982.859
2026-04-05,14:45 - 15:00,12250,12146.774
2026-04-05,15:00 - 15:15,12250,12142.936
2026-04-05,15:15 - 15:30,12250,12379.215
2026-04-05,15:30 - 15:45,12350,12337.537
2026-04-05,15:45 - 16:00,12450,12302.308
2026-04-05,16:00 - 16:15,12550,12319.36
2026-04-05,16:15 - 16:30,12650,12127.748
2026-04-05,16:30 - 16:45,12750,12445.906
2026-04-05,16:45 - 17:00,12800,12783.551
2026-04-05,17:00 - 17:15,12950,13149.136
2026-04-05,17:15 - 17:30,13050,13150.296
2026-04-05,17:30 - 17:45,13200,13477.046
2026-04-05,17:45 - 18:00,13450,13123.62
2026-04-05,18:00 - 18:15,13550,13426.399
2026-04-05,18:15 - 18:30,13600,13610.638
2026-04-05,18:30 - 18:45,13650,13615.076
2026-04-05,18:45 - 19:00,13700,13606.45
2026-04-05,19:00 - 19:15,13750,14020.793
2026-04-05,19:15 - 19:30,13900,14088.814
2026-04-05,19:30 - 19:45,14100,14559.47
2026-04-05,19:45 - 20:00,14450,14929.037
2026-04-05,20:00 - 20:15,14550,14749.653
2026-04-05,20:15 - 20:30,14550,14989.048
2026-04-05,20:30 - 20:45,14550,14812.664
2026-04-05,20:45 - 21:00,14500,14848.021
2026-04-05,21:00 - 21:15,14400,14722.263
2026-04-05,21:15 - 21:30,14300,14545.749
2026-04-05,21:30 - 21:45,14150,14545.258
2026-04-05,21:45 - 22:00,14000,14256.9
2026-04-05,22:00 - 22:15,13850,13995.233
2026-04-05,22:15 - 22:30,13650,13957.289
2026-04-05,22:30 - 22:45,13400,13672.089
2026-04-05,22:45 - 23:00,13200,13523.512
2026-04-05,23:00 - 23:15,13000,13336.652
2026-04-05,23:15 - 23:30,12700,12911.564
2026-04-05,23:30 - 23:45,12500,12622.795
2026-04-05,23:45 - 24:00,12250,12581.677
2026-04-06,00:00 - 00:15,12900,12358.363
2026-04-06,00:15 - 00:30,12700,12237.065
2026-04-06,00:30 - 00:45,12600,11922.752
2026-04-06,00:45 - 01:00,12500,11827.023
2026-04-06,01:00 - 01:15,12350,11732.583
2026-04-06,01:15 - 01:30,12250,11780.612
2026-04-06,01:30 - 01:45,12150,11525.667
2026-04-06,01:45 - 02:00,12050,11524.619
2026-04-06,02:00 - 02:15,12000,11606.029
2026-04-06,02:15 - 02:30,11950,11691.934
2026-04-06,02:30 - 02:45,11950,11584.592
2026-04-06,02:45 - 03:00,11950,11579.152
2026-04-06,03:00 - 03:15,11950,11460.307
2026-04-06,03:15 - 03:30,11950,11322.021
2026-04-06,03:30 - 03:45,11950,11345.358
2026-04-06,03:45 - 04:00,11950,11455.335
2026-04-06,04:00 - 04:15,11950,11614.576
2026-04-06,04:15 - 04:30,11950,11532.115
2026-04-06,04:30 - 04:45,11950,11836.851
2026-04-06,04:45 - 05:00,11950,11928.85
2026-04-06,05:00 - 05:15,11950,11846.165
2026-04-06,05:15 - 05:30,11950,11980.332
2026-04-06,05:30 - 05:45,11950,11857.916
2026-04-06,05:45 - 06:00,11950,11745.143
2026-04-06,06:00 - 06:15,11950,11948.976
2026-04-06,06:15 - 06:30,12050,12028.673
2026-04-06,06:30 - 06:45,12150,12189.439
2026-04-06,06:45 - 07:00,12300,12135.679
2026-04-06,07:00 - 07:15,12450,11755.965
2026-04-06,07:15 - 07:30,12700,11847.686
2026-04-06,07:30 - 07:45,12950,12270.108
2026-04-06,07:45 - 08:00,13150,12298.777
2026-04-06,08:00 - 08:15,13350,12774.574
2026-04-06,08:15 - 08:30,13500,13234.408
2026-04-06,08:30 - 08:45,13700,13462.12
2026-04-06,08:45 - 09:00,13850,13542.207
2026-04-06,09:00 - 09:15,13900,13260.878
2026-04-06,09:15 - 09:30,13950,13500.904
2026-04-06,09:30 - 09:45,14000,13711.236
2026-04-06,09:45 - 10:00,14050,12922.867
2026-04-06,10:00 - 10:15,14100,13063.864
2026-04-06,10:15 - 10:30,14150,13406.981
2026-04-06,10:30 - 10:45,14200,13014.213
2026-04-06,10:45 - 11:00,14200,13632.525
2026-04-06,11:00 - 11:15,14200,13880.455
2026-04-06,11:15 - 11:30,14200,14544.397
2026-04-06,11:30 - 11:45,14200,13855.864
2026-04-06,11:45 - 12:00,14200,14428.434
2026-04-06,12:00 - 12:15,14200,14452.992
2026-04-06,12:15 - 12:30,14200,14559.101
2026-04-06,12:30 - 12:45,14200,14641.057
2026-04-06,12:45 - 13:00,14200,14388.816
2026-04-06,13:00 - 13:15,14200,14747.43
2026-04-06,13:15 - 13:30,14200,13969.118
2026-04-06,13:30 - 13:45,14200,14088.739
2026-04-06,13:45 - 14:00,14200,14832.134
2026-04-06,14:00 - 14:15,14200,14551.185
2026-04-06,14:15 - 14:30,14200,13384.565
2026-04-06,14:30 - 14:45,14200,13896.44
2026-04-06,14:45 - 15:00,14200,13265.155
2026-04-06,15:00 - 15:15,14200,13937.576
2026-04-06,15:15 - 15:30,14200,13833.794
2026-04-06,15:30 - 15:45,14200,13520.373
2026-04-06,15:45 - 16:00,14200,13945.362
2026-04-06,16:00 - 16:15,14200,13382.713
2026-04-06,16:15 - 16:30,14200,13598.858
2026-04-06,16:30 - 16:45,14200,13450.591
2026-04-06,16:45 - 17:00,14250,13386.164
2026-04-06,17:00 - 17:15,14300,14110.343
2026-04-06,17:15 - 17:30,14450,14913.193
2026-04-06,17:30 - 17:45,14600,14779.147
2026-04-06,17:45 - 18:00,14700,14781.807
2026-04-06,18:00 - 18:15,14850,14567.947
2026-04-06,18:15 - 18:30,14950,14768.357
2026-04-06,18:30 - 18:45,15050,14653.207
2026-04-06,18:45 - 19:00,15200,14783.939
2026-04-06,19:00 - 19:15,15350,14991.879
2026-04-06,19:15 - 19:30,15550,15280.295
2026-04-06,19:30 - 19:45,15750,15761.281
2026-04-06,19:45 - 20:00,15950,16137.477
2026-04-06,20:00 - 20:15,16050,16018.17
2026-04-06,20:15 - 20:30,16050,16022.56
2026-04-06,20:30 - 20:45,16050,15964.385
2026-04-06,20:45 - 21:00,16050,15835.577
2026-04-06,21:00 - 21:15,15900,15613.092
2026-04-06,21:15 - 21:30,15700,15370.94
2026-04-06,21:30 - 21:45,15500,15127.805
2026-04-06,21:45 - 22:00,15300,14933.409
2026-04-06,22:00 - 22:15,15100,14866.582
2026-04-06,22:15 - 22:30,14950,14796.206
2026-04-06,22:30 - 22:45,14750,14230.847
2026-04-06,22:45 - 23:00,14550,14114.034
2026-04-06,23:00 - 23:15,14300,13944.701
2026-04-06,23:15 - 23:30,14050,13509.393
2026-04-06,23:30 - 23:45,13800,13303.581
2026-04-06,23:45 - 24:00,13500,13167.164
2026-04-07,00:00 - 00:15,13350,13114.209
2026-04-07,00:15 - 00:30,13200,12791.739
2026-04-07,00:30 - 00:45,13050,12669.911
2026-04-07,00:45 - 01:00,12950,12501.026
2026-04-07,01:00 - 01:15,12900,12332.133
2026-04-07,01:15 - 01:30,12900,12305.909
2026-04-07,01:30 - 01:45,12900,12207.047
2026-04-07,01:45 - 02:00,12900,12092.348
2026-04-07,02:00 - 02:15,12900,12134.404
2026-04-07,02:15 - 02:30,12900,12247.744
2026-04-07,02:30 - 02:45,12900,12097.115
2026-04-07,02:45 - 03:00,12900,12097.267
2026-04-07,03:00 - 03:15,12900,12224.474
2026-04-07,03:15 - 03:30,12900,12037.684
2026-04-07,03:30 - 03:45,12900,12395.242
2026-04-07,03:45 - 04:00,13050,12256.589
2026-04-07,04:00 - 04:15,13200,12739.446
2026-04-07,04:15 - 04:30,13450,12829.122
2026-04-07,04:30 - 04:45,13650,12993.771
2026-04-07,04:45 - 05:00,13900,12900.799
2026-04-07,05:00 - 05:15,14150,13580.693
2026-04-07,05:15 - 05:30,14450,13919.279
2026-04-07,05:30 - 05:45,14800,14100.896
2026-04-07,05:45 - 06:00,15200,15101.185
2026-04-07,06:00 - 06:15,16100,16113.6
2026-04-07,06:15 - 06:30,16800,16593.115
2026-04-07,06:30 - 06:45,17400,17166.033
2026-04-07,06:45 - 07:00,18000,17837.129
2026-04-07,07:00 - 07:15,18600,18336.623
2026-04-07,07:15 - 07:30,19050,18503.074
2026-04-07,07:30 - 07:45,19450,18783.406
2026-04-07,07:45 - 08:00,19850,19360.9
2026-04-07,08:00 - 08:15,20200,19218.467
2026-04-07,08:15 - 08:30,20550,19326.227
2026-04-07,08:30 - 08:45,20800,19407.049
2026-04-07,08:45 - 09:00,21050,19430.182
2026-04-07,09:00 - 09:15,21200,19446.377
2026-04-07,09:15 - 09:30,21200,19454.879
2026-04-07,09:30 - 09:45,21050,19441.812
2026-04-07,09:45 - 10:00,20750,19129.828
2026-04-07,10:00 - 10:15,20600,19103.797
2026-04-07,10:15 - 10:30,20600,19065.488
2026-04-07,10:30 - 10:45,20600,19491.281
2026-04-07,10:45 - 11:00,20600,19170.562
2026-04-07,11:00 - 11:15,20600,19672.84
2026-04-07,11:15 - 11:30,20600,19968.326
2026-04-07,11:30 - 11:45,20600,20178.066
2026-04-07,11:45 - 12:00,20600,20161.223
2026-04-07,12:00 - 12:15,20600,20218.38
2026-04-07,12:15 - 12:30,20600,19254.365
2026-04-07,12:30 - 12:45,20600,19463.736
2026-04-07,12:45 - 13:00,20600,19887.988
2026-04-07,13:00 - 13:15,20600,20248.5
2026-04-07,13:15 - 13:30,20500,20128.826
2026-04-07,13:30 - 13:45,20350,19783.947
2026-04-07,13:45 - 14:00,20050,19638.162
2026-04-07,14:00 - 14:15,19950,19378.77
2026-04-07,14:15 - 14:30,19900,19375.928
2026-04-07,14:30 - 14:45,19900,20106.0
2026-04-07,14:45 - 15:00,19900,19394.06
2026-04-07,15:00 - 15:15,20000,20283.79
2026-04-07,15:15 - 15:30,20100,20387.936
2026-04-07,15:30 - 15:45,20150,20288.973
2026-04-07,15:45 - 16:00,20150,19691.043
2026-04-07,16:00 - 16:15,20150,19812.139
2026-04-07,16:15 - 16:30,20150,19676.219
2026-04-07,16:30 - 16:45,20150,19912.1
2026-04-07,16:45 - 17:00,20150,19406.535
2026-04-07,17:00 - 17:15,20150,19922.861
2026-04-07,17:15 - 17:30,20150,20053.473
2026-04-07,17:30 - 17:45,20150,19893.287
2026-04-07,17:45 - 18:00,20150,20022.256
2026-04-07,18:00 - 18:15,20200,20010.47
2026-04-07,18:15 - 18:30,20300,20319.44
2026-04-07,18:30 - 18:45,20450,20458.076
2026-04-07,18:45 - 19:00,20500,20206.414
2026-04-07,19:00 - 19:15,20800,20341.486
2026-04-07,19:15 - 19:30,21050,20691.227
2026-04-07,19:30 - 19:45,21400,20940.861
2026-04-07,19:45 - 20:00,21500,21229.78
2026-04-07,20:00 - 20:15,21500,21115.793
2026-04-07,20:15 - 20:30,21500,21026.703
2026-04-07,20:30 - 20:45,21450,21099.535
2026-04-07,20:45 - 21:00,21300,20835.705
2026-04-07,21:00 - 21:15,20850,20487.031
2026-04-07,21:15 - 21:30,20350,20140.506
2026-04-07,21:30 - 21:45,19800,19416.73
2026-04-07,21:45 - 22:00,19350,19030.25
2026-04-07,22:00 - 22:15,19200,18718.39
2026-04-07,22:15 - 22:30,19000,18704.799
2026-04-07,22:30 - 22:45,18650,17969.695
2026-04-07,22:45 - 23:00,18250,17713.06
2026-04-07,23:00 - 23:15,17900,17463.564
2026-04-07,23:15 - 23:30,17550,17291.547
2026-04-07,23:30 - 23:45,17250,16780.564
2026-04-07,23:45 - 24:00,17000,16468.342
2026-04-08,00:00 - 00:15,16700,16427.852
2026-04-08,00:15 - 00:30,16500,16125.795
2026-04-08,00:30 - 00:45,16300,15800.557
2026-04-08,00:45 - 01:00,16150,15649.02
2026-04-08,01:00 - 01:15,16050,15575.282
2026-04-08,01:15 - 01:30,15950,15619.644
2026-04-08,01:30 - 01:45,15900,15603.791
2026-04-08,01:45 - 02:00,15850,15490.849
2026-04-08,02:00 - 02:15,15850,15207.036
2026-04-08,02:15 - 02:30,15850,15474.439
2026-04-08,02:30 - 02:45,15850,15234.452
2026-04-08,02:45 - 03:00,15850,15420.975
2026-04-08,03:00 - 03:15,15850,15360.721
2026-04-08,03:15 - 03:30,15850,15438.047
2026-04-08,03:30 - 03:45,15900,15511.257
2026-04-08,03:45 - 04:00,16000,15430.994
2026-04-08,04:00 - 04:15,16150,15463.208
2026-04-08,04:15 - 04:30,16300,15740.195
2026-04-08,04:30 - 04:45,16500,16027.651
2026-04-08,04:45 - 05:00,16750,16113.689
2026-04-08,05:00 - 05:15,17150,16451.55
2026-04-08,05:15 - 05:30,17400,16764.3
2026-04-08,05:30 - 05:45,17750,16901.115
2026-04-08,05:45 - 06:00,18200,17480.129
2026-04-08,06:00 - 06:15,19100,18497.246
2026-04-08,06:15 - 06:30,19800,18980.586
2026-04-08,06:30 - 06:45,20300,19643.531
2026-04-08,06:45 - 07:00,20750,20381.547
2026-04-08,07:00 - 07:15,21200,20724.107
2026-04-08,07:15 - 07:30,21600,21131.662
2026-04-08,07:30 - 07:45,21800,21206.084
2026-04-08,07:45 - 08:00,21950,21420.54
2026-04-08,08:00 - 08:15,22150,21557.021
2026-04-08,08:15 - 08:30,22250,21881.264
2026-04-08,08:30 - 08:45,22250,21708.904
2026-04-08,08:45 - 09:00,22250,22213.762
2026-04-08,09:00 - 09:15,22250,21383.479
2026-04-08,09:15 - 09:30,22200,21678.143
2026-04-08,09:30 - 09:45,22050,21578.863
2026-04-08,09:45 - 10:00,21750,21195.154
2026-04-08,10:00 - 10:15,21600,20928.46
2026-04-08,10:15 - 10:30,21650,21330.078
2026-04-08,10:30 - 10:45,21750,21561.25
2026-04-08,10:45 - 11:00,21800,21382.35
2026-04-08,11:00 - 11:15,21800,21469.404
2026-04-08,11:15 - 11:30,21800,21783.176
2026-04-08,11:30 - 11:45,21800,21421.37
2026-04-08,11:45 - 12:00,21800,21829.953
2026-04-08,12:00 - 12:15,21800,21224.826
2026-04-08,12:15 - 12:30,21800,21462.336
2026-04-08,12:30 - 12:45,21800,21608.773
2026-04-08,12:45 - 13:00,21800,21338.152
2026-04-08,13:00 - 13:15,21850,21726.484
2026-04-08,13:15 - 13:30,21850,21706.217
2026-04-08,13:30 - 13:45,21600,21242.803
2026-04-08,13:45 - 14:00,21150,21173.922
2026-04-08,14:00 - 14:15,21300,21358.93
2026-04-08,14:15 - 14:30,21400,21610.48
2026-04-08,14:30 - 14:45,21450,21394.715
2026-04-08,14:45 - 15:00,21450,21315.06
2026-04-08,15:00 - 15:15,21450,21463.3
2026-04-08,15:15 - 15:30,21450,21375.973
2026-04-08,15:30 - 15:45,21450,21310.438
2026-04-08,15:45 - 16:00,21450,21065.186
2026-04-08,16:00 - 16:15,21450,21319.85
2026-04-08,16:15 - 16:30,21450,21368.984
2026-04-08,16:30 - 16:45,21450,21166.32
2026-04-08,16:45 - 17:00,21450,21249.22
2026-04-08,17:00 - 17:15,21450,21108.934
2026-04-08,17:15 - 17:30,21450,20841.639
2026-04-08,17:30 - 17:45,21450,21042.424
2026-04-08,17:45 - 18:00,21450,20993.457
2026-04-08,18:00 - 18:15,21450,21060.924
2026-04-08,18:15 - 18:30,21500,21130.525
2026-04-08,18:30 - 18:45,21650,21319.94
2026-04-08,18:45 - 19:00,21700,21363.24
2026-04-08,19:00 - 19:15,21850,21454.201
2026-04-08,19:15 - 19:30,22150,21806.428
2026-04-08,19:30 - 19:45,22500,22248.72
2026-04-08,19:45 - 20:00,22700,22244.396
2026-04-08,20:00 - 20:15,22700,22283.277
2026-04-08,20:15 - 20:30,22700,22161.758
2026-04-08,20:30 - 20:45,22600,21821.977
2026-04-08,20:45 - 21:00,22250,21735.797
2026-04-08,21:00 - 21:15,21850,21151.4
2026-04-08,21:15 - 21:30,21450,20862.186
2026-04-08,21:30 - 21:45,20950,20117.734
2026-04-08,21:45 - 22:00,20250,19567.465
2026-04-08,22:00 - 22:15,20150,19452.682
2026-04-08,22:15 - 22:30,19900,19215.268
2026-04-08,22:30 - 22:45,19450,18779.225
2026-04-08,22:45 - 23:00,19100,18475.453
2026-04-08,23:00 - 23:15,18650,17998.734
2026-04-08,23:15 - 23:30,18300,17794.3
2026-04-08,23:30 - 23:45,17950,17629.326
2026-04-08,23:45 - 24:00,17600,17166.967
2026-04-09,00:00 - 00:15,16600,16963.537
2026-04-09,00:15 - 00:30,16400,16768.916
2026-04-09,00:30 - 00:45,16200,16500.938
2026-04-09,00:45 - 01:00,16050,16263.592
2026-04-09,01:00 - 01:15,15950,16304.771
2026-04-09,01:15 - 01:30,15850,16097.345
2026-04-09,01:30 - 01:45,15800,16052.846
2026-04-09,01:45 - 02:00,15750,15815.458
2026-04-09,02:00 - 02:15,15750,15778.858
2026-04-09,02:15 - 02:30,15750,15802.888
2026-04-09,02:30 - 02:45,15750,15826.998
2026-04-09,02:45 - 03:00,15750,15748.512
2026-04-09,03:00 - 03:15,15750,15807.556
2026-04-09,03:15 - 03:30,15750,16003.383
2026-04-09,03:30 - 03:45,15750,15931.148
2026-04-09,03:45 - 04:00,15800,15998.968
2026-04-09,04:00 - 04:15,15850,16202.546
2026-04-09,04:15 - 04:30,16000,16299.255
2026-04-09,04:30 - 04:45,16300,16470.006
2026-04-09,04:45 - 05:00,16400,16658.89
2026-04-09,05:00 - 05:15,16700,17080.03
2026-04-09,05:15 - 05:30,16850,17190.592
2026-04-09,05:30 - 05:45,17100,17509.18
2026-04-09,05:45 - 06:00,17550,17895.186
2026-04-09,06:00 - 06:15,18450,19107.502
2026-04-09,06:15 - 06:30,19150,19656.93
2026-04-09,06:30 - 06:45,19650,20276.463
2026-04-09,06:45 - 07:00,20100,20764.762
2026-04-09,07:00 - 07:15,20650,21343.572
2026-04-09,07:15 - 07:30,21050,21578.982
2026-04-09,07:30 - 07:45,21500,21732.248
2026-04-09,07:45 - 08:00,21850,22116.16
2026-04-09,08:00 - 08:15,22000,22322.35
2026-04-09,08:15 - 08:30,22100,22409.436
2026-04-09,08:30 - 08:45,22100,22428.219
2026-04-09,08:45 - 09:00,22100,22394.734
2026-04-09,09:00 - 09:15,22100,22289.225
2026-04-09,09:15 - 09:30,22050,22463.398
2026-04-09,09:30 - 09:45,21900,22400.006
2026-04-09,09:45 - 10:00,21600,22443.557
2026-04-09,10:00 - 10:15,21450,22260.607
2026-04-09,10:15 - 10:30,21500,22530.482
2026-04-09,10:30 - 10:45,21600,22195.172
2026-04-09,10:45 - 11:00,21650,21465.32
2026-04-09,11:00 - 11:15,21650,22035.121
2026-04-09,11:15 - 11:30,21650,22437.625
2026-04-09,11:30 - 11:45,21650,21609.715
2026-04-09,11:45 - 12:00,21550,22269.771
2026-04-09,12:00 - 12:15,21500,21973.082
2026-04-09,12:15 - 12:30,21450,22263.701
2026-04-09,12:30 - 12:45,21450,22203.207
2026-04-09,12:45 - 13:00,21450,22462.46
2026-04-09,13:00 - 13:15,21400,22426.105
2026-04-09,13:15 - 13:30,21300,22352.201
2026-04-09,13:30 - 13:45,21050,22100.11
2026-04-09,13:45 - 14:00,20750,21436.867
2026-04-09,14:00 - 14:15,20900,21606.148
2026-04-09,14:15 - 14:30,21000,21602.477
2026-04-09,14:30 - 14:45,21000,22020.496
2026-04-09,14:45 - 15:00,20950,21418.182
2026-04-09,15:00 - 15:15,20950,21443.934
2026-04-09,15:15 - 15:30,20950,21440.88
2026-04-09,15:30 - 15:45,20950,21197.826
2026-04-09,15:45 - 16:00,20950,21155.264
2026-04-09,16:00 - 16:15,20950,21196.723
2026-04-09,16:15 - 16:30,20950,21104.094
2026-04-09,16:30 - 16:45,21050,21154.527
2026-04-09,16:45 - 17:00,21050,21298.463
2026-04-09,17:00 - 17:15,21050,21214.877
2026-04-09,17:15 - 17:30,21050,21113.697
2026-04-09,17:30 - 17:45,21050,21220.725
2026-04-09,17:45 - 18:00,21050,20826.883
2026-04-09,18:00 - 18:15,21050,21174.861
2026-04-09,18:15 - 18:30,21100,21348.44
2026-04-09,18:30 - 18:45,21100,21392.312
2026-04-09,18:45 - 19:00,21150,21636.406
2026-04-09,19:00 - 19:15,21300,22005.305
2026-04-09,19:15 - 19:30,21600,21926.936
2026-04-09,19:30 - 19:45,21950,22527.775
2026-04-09,19:45 - 20:00,22150,22822.934
2026-04-09,20:00 - 20:15,22150,22703.129
2026-04-09,20:15 - 20:30,22150,22637.229
2026-04-09,20:30 - 20:45,22050,22571.31
2026-04-09,20:45 - 21:00,21950,22213.771
2026-04-09,21:00 - 21:15,21550,21912.906
2026-04-09,21:15 - 21:30,21150,21287.195
2026-04-09,21:30 - 21:45,20650,20760.111
2026-04-09,21:45 - 22:00,19950,20040.562
2026-04-09,22:00 - 22:15,19850,19990.594
2026-04-09,22:15 - 22:30,19600,19572.803
2026-04-09,22:30 - 22:45,19150,19287.41
2026-04-09,22:45 - 23:00,18800,19153.902
2026-04-09,23:00 - 23:15,18350,18592.523
2026-04-09,23:15 - 23:30,18000,18343.617
2026-04-09,23:30 - 23:45,17650,17933.785
2026-04-09,23:45 - 24:00,17300,17568.53
2026-04-10,00:00 - 00:15,17050,17408.146
2026-04-10,00:15 - 00:30,16850,17145.021
2026-04-10,00:30 - 00:45,16650,17032.854
2026-04-10,00:45 - 01:00,16500,16804.717
2026-04-10,01:00 - 01:15,16400,16701.865
2026-04-10,01:15 - 01:30,16300,16737.613
2026-04-10,01:30 - 01:45,16250,16434.902
2026-04-10,01:45 - 02:00,16200,16230.985
2026-04-10,02:00 - 02:15,16200,16280.078
2026-04-10,02:15 - 02:30,16200,16169.498
2026-04-10,02:30 - 02:45,16200,16283.467
2026-04-10,02:45 - 03:00,16200,16233.065
2026-04-10,03:00 - 03:15,16200,16342.827
2026-04-10,03:15 - 03:30,16200,16394.03
2026-04-10,03:30 - 03:45,16200,16393.604
2026-04-10,03:45 - 04:00,16250,16297.022
2026-04-10,04:00 - 04:15,16300,16609.326
2026-04-10,04:15 - 04:30,16450,16705.768
2026-04-10,04:30 - 04:45,16650,16830.281
2026-04-10,04:45 - 05:00,16750,16962.2
2026-04-10,05:00 - 05:15,17200,17402.643
2026-04-10,05:15 - 05:30,17450,17495.453
2026-04-10,05:30 - 05:45,17700,17947.18
2026-04-10,05:45 - 06:00,18150,18337.3
2026-04-10,06:00 - 06:15,19200,19278.527
2026-04-10,06:15 - 06:30,19800,19865.75
2026-04-10,06:30 - 06:45,20400,20249.348
2026-04-10,06:45 - 07:00,20950,20793.627
2026-04-10,07:00 - 07:15,21450,21087.758
2026-04-10,07:15 - 07:30,21850,21563.93
2026-04-10,07:30 - 07:45,21950,21465.78
2026-04-10,07:45 - 08:00,22050,21718.717
2026-04-10,08:00 - 08:15,22050,21886.203
2026-04-10,08:15 - 08:30,22050,21807.816
2026-04-10,08:30 - 08:45,22050,21236.479
2026-04-10,08:45 - 09:00,22050,21501.916
2026-04-10,09:00 - 09:15,22050,21384.207
2026-04-10,09:15 - 09:30,22000,21296.594
2026-04-10,09:30 - 09:45,21850,21108.146
2026-04-10,09:45 - 10:00,21400,20568.428
2026-04-10,10:00 - 10:15,21250,20460.406
2026-04-10,10:15 - 10:30,21300,20631.95
2026-04-10,10:30 - 10:45,21400,21178.564
2026-04-10,10:45 - 11:00,21400,21153.969
2026-04-10,11:00 - 11:15,21400,20971.44
2026-04-10,11:15 - 11:30,21400,21696.896
2026-04-10,11:30 - 11:45,21350,20907.83
2026-04-10,11:45 - 12:00,21250,21543.393
2026-04-10,12:00 - 12:15,21200,21516.473
2026-04-10,12:15 - 12:30,21150,21456.656
2026-04-10,12:30 - 12:45,21150,21159.625
2026-04-10,12:45 - 13:00,21150,20877.162
2026-04-10,13:00 - 13:15,21100,20877.467
2026-04-10,13:15 - 13:30,21000,21792.617
2026-04-10,13:30 - 13:45,20750,21200.053
2026-04-10,13:45 - 14:00,20450,21191.934
2026-04-10,14:00 - 14:15,20600,20544.69
2026-04-10,14:15 - 14:30,20700,19955.447
2026-04-10,14:30 - 14:45,20750,20160.621
2026-04-10,14:45 - 15:00,20750,20454.988
2026-04-10,15:00 - 15:15,20800,20618.387
2026-04-10,15:15 - 15:30,20850,20450.36
2026-04-10,15:30 - 15:45,20850,20366.07
2026-04-10,15:45 - 16:00,20850,20626.139
2026-04-10,16:00 - 16:15,20850,20638.766
2026-04-10,16:15 - 16:30,20850,20181.854
2026-04-10,16:30 - 16:45,20950,20583.188
2026-04-10,16:45 - 17:00,20950,20313.047
2026-04-10,17:00 - 17:15,20950,20296.982
2026-04-10,17:15 - 17:30,20950,20550.08
2026-04-10,17:30 - 17:45,21100,20868.877
2026-04-10,17:45 - 18:00,21100,20737.824
2026-04-10,18:00 - 18:15,21100,20817.549
2026-04-10,18:15 - 18:30,21150,21183.928
2026-04-10,18:30 - 18:45,21250,21437.95
2026-04-10,18:45 - 19:00,21300,21278.01
2026-04-10,19:00 - 19:15,21450,21321.14
2026-04-10,19:15 - 19:30,21750,21439.648
2026-04-10,19:30 - 19:45,22100,22017.95
2026-04-10,19:45 - 20:00,22300,22192.533
2026-04-10,20:00 - 20:15,22300,22353.156
2026-04-10,20:15 - 20:30,22200,22216.586
2026-04-10,20:30 - 20:45,21950,22064.098
2026-04-10,20:45 - 21:00,21700,21748.76
2026-04-10,21:00 - 21:15,21200,21524.355
2026-04-10,21:15 - 21:30,20800,21088.785
2026-04-10,21:30 - 21:45,20300,20436.715
2026-04-10,21:45 - 22:00,19600,19952.098
2026-04-10,22:00 - 22:15,19500,19897.543
2026-04-10,22:15 - 22:30,19250,19592.324
2026-04-10,22:30 - 22:45,18800,19349.393
2026-04-10,22:45 - 23:00,18450,19105.984
2026-04-10,23:00 - 23:15,18000,18771.916
2026-04-10,23:15 - 23:30,17650,18556.66
2026-04-10,23:30 - 23:45,17450,18062.598
2026-04-10,23:45 - 24:00,17100,17790.31
2026-04-11,00:00 - 00:15,16700,17537.861
2026-04-11,00:15 - 00:30,16450,17303.582
2026-04-11,00:30 - 00:45,16150,17202.613
2026-04-11,00:45 - 01:00,16000,16947.957
2026-04-11,01:00 - 01:15,15850,16837.184
2026-04-11,01:15 - 01:30,15700,16676.066
2026-04-11,01:30 - 01:45,15600,16597.602
2026-04-11,01:45 - 02:00,15500,16425.998
2026-04-11,02:00 - 02:15,15400,16136.406
2026-04-11,02:15 - 02:30,15350,16181.392
2026-04-11,02:30 - 02:45,15400,16184.552
2026-04-11,02:45 - 03:00,15400,16220.176
2026-04-11,03:00 - 03:15,15400,16125.974
2026-04-11,03:15 - 03:30,15400,16221.893
2026-04-11,03:30 - 03:45,15400,16297.813
2026-04-11,03:45 - 04:00,15400,16002.651
2026-04-11,04:00 - 04:15,15400,16224.998
2026-04-11,04:15 - 04:30,15400,16209.871
2026-04-11,04:30 - 04:45,15400,16307.309
2026-04-11,04:45 - 05:00,15400,16199.078
2026-04-11,05:00 - 05:15,15450,16331.225
2026-04-11,05:15 - 05:30,15450,16341.365
2026-04-11,05:30 - 05:45,15400,16174.31
2026-04-11,05:45 - 06:00,15400,16139.25
2026-04-11,06:00 - 06:15,15800,16500.986
2026-04-11,06:15 - 06:30,16050,16973.607
2026-04-11,06:30 - 06:45,16250,16986.65
2026-04-11,06:45 - 07:00,16500,17405.295
2026-04-11,07:00 - 07:15,16800,17650.242
2026-04-11,07:15 - 07:30,17050,17942.799
2026-04-11,07:30 - 07:45,17300,18373.088
2026-04-11,07:45 - 08:00,17500,18771.268
2026-04-11,08:00 - 08:15,17700,18873.223
2026-04-11,08:15 - 08:30,17900,19079.88
2026-04-11,08:30 - 08:45,18000,19083.545
2026-04-11,08:45 - 09:00,18150,19196.393
2026-04-11,09:00 - 09:15,18300,19271.432
2026-04-11,09:15 - 09:30,18400,19336.994
2026-04-11,09:30 - 09:45,18400,19028.42
2026-04-11,09:45 - 10:00,18450,19511.146
2026-04-11,10:00 - 10:15,18450,19816.258
2026-04-11,10:15 - 10:30,18400,19626.78
2026-04-11,10:30 - 10:45,18650,19460.803
2026-04-11,10:45 - 11:00,18550,19749.195
2026-04-11,11:00 - 11:15,18650,19709.984
2026-04-11,11:15 - 11:30,18600,19495.94
2026-04-11,11:30 - 11:45,18550,19769.027
2026-04-11,11:45 - 12:00,18450,19681.406
2026-04-11,12:00 - 12:15,18350,20039.898
2026-04-11,12:15 - 12:30,18200,20162.15
2026-04-11,12:30 - 12:45,18100,20249.969
2026-04-11,12:45 - 13:00,18050,19816.611
2026-04-11,13:00 - 13:15,18050,19446.354
2026-04-11,13:15 - 13:30,17900,19510.654
2026-04-11,13:30 - 13:45,17700,19088.338
2026-04-11,13:45 - 14:00,17500,18688.486
2026-04-11,14:00 - 14:15,17450,18741.781
2026-04-11,14:15 - 14:30,17450,19366.752
2026-04-11,14:30 - 14:45,17450,19101.53
2026-04-11,14:45 - 15:00,17450,19221.188
2026-04-11,15:00 - 15:15,17450,18763.424
2026-04-11,15:15 - 15:30,17450,19040.705
2026-04-11,15:30 - 15:45,17350,18811.553
2026-04-11,15:45 - 16:00,17400,18413.697
2026-04-11,16:00 - 16:15,17400,18004.102
2026-04-11,16:15 - 16:30,17350,17849.244
2026-04-11,16:30 - 16:45,17300,17818.328
2026-04-11,16:45 - 17:00,17400,18054.334
2026-04-11,17:00 - 17:15,17500,18098.574
2026-04-11,17:15 - 17:30,17600,18017.396
2026-04-11,17:30 - 17:45,17650,18025.44
2026-04-11,17:45 - 18:00,17700,18169.709
2026-04-11,18:00 - 18:15,17800,18334.729
2026-04-11,18:15 - 18:30,17850,18491.174
2026-04-11,18:30 - 18:45,17900,18459.094
2026-04-11,18:45 - 19:00,18000,18428.486
2026-04-11,19:00 - 19:15,18250,18440.059
2026-04-11,19:15 - 19:30,18550,18675.19
2026-04-11,19:30 - 19:45,18800,18954.447
2026-04-11,19:45 - 20:00,19000,19321.844
2026-04-11,20:00 - 20:15,19100,19615.762
2026-04-11,20:15 - 20:30,18950,19506.703
2026-04-11,20:30 - 20:45,18800,19364.637
2026-04-11,20:45 - 21:00,18500,19255.639
2026-04-11,21:00 - 21:15,18200,18775.521
2026-04-11,21:15 - 21:30,17900,18515.307
2026-04-11,21:30 - 21:45,17650,18282.035
2026-04-11,21:45 - 22:00,17300,17557.328
2026-04-11,22:00 - 22:15,17050,17618.074
2026-04-11,22:15 - 22:30,16750,17373.645
2026-04-11,22:30 - 22:45,16450,17078.648
2026-04-11,22:45 - 23:00,16100,16600.232
2026-04-11,23:00 - 23:15,15800,16440.71
2026-04-11,23:15 - 23:30,15500,16153.289
2026-04-11,23:30 - 23:45,15200,15733.893
2026-04-11,23:45 - 24:00,14950,15580.475
2026-04-12,00:00 - 00:15,14800,15395.908
2026-04-12,00:15 - 00:30,14650,15202.86
2026-04-12,00:30 - 00:45,14500,14985.747
2026-04-12,00:45 - 01:00,14350,14931.47
2026-04-12,01:00 - 01:15,14200,14665.089
2026-04-12,01:15 - 01:30,14050,14481.739
2026-04-12,01:30 - 01:45,13950,14443.771
2026-04-12,01:45 - 02:00,13800,14183.57
2026-04-12,02:00 - 02:15,13700,14312.828
2026-04-12,02:15 - 02:30,13650,14181.395
2026-04-12,02:30 - 02:45,13600,14107.629
2026-04-12,02:45 - 03:00,13600,14078.025
2026-04-12,03:00 - 03:15,13600,13937.785
2026-04-12,03:15 - 03:30,13600,13889.528
2026-04-12,03:30 - 03:45,13600,13934.758
2026-04-12,03:45 - 04:00,13600,14131.789
2026-04-12,04:00 - 04:15,13650,14018.27
2026-04-12,04:15 - 04:30,13700,14101.83
2026-04-12,04:30 - 04:45,13700,14101.096
2026-04-12,04:45 - 05:00,13750,14131.122
2026-04-12,05:00 - 05:15,13750,14304.601
2026-04-12,05:15 - 05:30,13700,14275.271
2026-04-12,05:30 - 05:45,13600,14028.836
2026-04-12,05:45 - 06:00,13450,13860.744
2026-04-12,06:00 - 06:15,13600,14205.798
2026-04-12,06:15 - 06:30,13800,14313.353
2026-04-12,06:30 - 06:45,13950,14179.803
2026-04-12,06:45 - 07:00,14050,14706.444
2026-04-12,07:00 - 07:15,14250,14766.3
2026-04-12,07:15 - 07:30,14400,14996.114
2026-04-12,07:30 - 07:45,14600,15125.907
2026-04-12,07:45 - 08:00,14800,15267.71
2026-04-12,08:00 - 08:15,15050,15326.891
2026-04-12,08:15 - 08:30,15200,15373.214
2026-04-12,08:30 - 08:45,15450,15418.228
2026-04-12,08:45 - 09:00,15650,15819.463
2026-04-12,09:00 - 09:15,15800,15929.932
2026-04-12,09:15 - 09:30,15950,16008.345
2026-04-12,09:30 - 09:45,15950,16046.298
2026-04-12,09:45 - 10:00,15900,16123.69
2026-04-12,10:00 - 10:15,15800,16326.591
2026-04-12,10:15 - 10:30,15900,16436.627
2026-04-12,10:30 - 10:45,15900,15910.627
2026-04-12,10:45 - 11:00,15900,16629.795
2026-04-12,11:00 - 11:15,15850,16291.681
2026-04-12,11:15 - 11:30,15800,15942.171
2026-04-12,11:30 - 11:45,15850,15760.348
2026-04-12,11:45 - 12:00,15900,15753.748
2026-04-12,12:00 - 12:15,15900,16200.126
2026-04-12,12:15 - 12:30,15850,15929.113
2026-04-12,12:30 - 12:45,15800,15870.898
2026-04-12,12:45 - 13:00,15750,16486.037
2026-04-12,13:00 - 13:15,15850,16603.096
2026-04-12,13:15 - 13:30,15900,16873.643
2026-04-12,13:30 - 13:45,15900,16158.402
2026-04-12,13:45 - 14:00,15800,16129.088
2026-04-12,14:00 - 14:15,15850,16170.522
2026-04-12,14:15 - 14:30,15900,15782.299
2026-04-12,14:30 - 14:45,15900,15879.305
2026-04-12,14:45 - 15:00,15800,15670.549
2026-04-12,15:00 - 15:15,15650,15480.84
2026-04-12,15:15 - 15:30,15550,15297.083
2026-04-12,15:30 - 15:45,15650,15634.814
2026-04-12,15:45 - 16:00,15750,15521.943
2026-04-12,16:00 - 16:15,15850,15154.982
2026-04-12,16:15 - 16:30,15900,15540.614
2026-04-12,16:30 - 16:45,15950,15685.413
2026-04-12,16:45 - 17:00,16000,15958.444
2026-04-12,17:00 - 17:15,16100,16299.281
2026-04-12,17:15 - 17:30,16150,16330.599
2026-04-12,17:30 - 17:45,16350,16310.446
2026-04-12,17:45 - 18:00,16350,16219.748
2026-04-12,18:00 - 18:15,16500,16340.089
2026-04-12,18:15 - 18:30,16650,16609.928
2026-04-12,18:30 - 18:45,16700,16731.814
2026-04-12,18:45 - 19:00,16900,16928.945
2026-04-12,19:00 - 19:15,17100,17013.787
2026-04-12,19:15 - 19:30,17350,17200.809
2026-04-12,19:30 - 19:45,17650,17455.752
2026-04-12,19:45 - 20:00,17900,17684.059
2026-04-12,20:00 - 20:15,18050,17867.297
2026-04-12,20:15 - 20:30,18000,18002.197
2026-04-12,20:30 - 20:45,17800,17489.533
2026-04-12,20:45 - 21:00,17600,17472.76
2026-04-12,21:00 - 21:15,17350,17217.744
2026-04-12,21:15 - 21:30,17100,16884.385
2026-04-12,21:30 - 21:45,16850,16715.564
2026-04-12,21:45 - 22:00,16600,16462.115
2026-04-12,22:00 - 22:15,16400,16247.536
2026-04-12,22:15 - 22:30,16200,16025.068
2026-04-12,22:30 - 22:45,16000,15883.127
2026-04-12,22:45 - 23:00,15700,15560.799
2026-04-12,23:00 - 23:15,15450,15181.08
2026-04-12,23:15 - 23:30,15150,14970.242
2026-04-12,23:30 - 23:45,14850,14836.016
2026-04-12,23:45 - 24:00,14650,14584.77
2026-04-13,00:00 - 00:15,14400,14331.023
2026-04-13,00:15 - 00:30,14200,14169.116
2026-04-13,00:30 - 00:45,14050,14074.63
2026-04-13,00:45 - 01:00,13950,13819.978
2026-04-13,01:00 - 01:15,13850,13757.097
2026-04-13,01:15 - 01:30,13800,13609.207
2026-04-13,01:30 - 01:45,13750,13713.49
2026-04-13,01:45 - 02:00,13700,13459.618
2026-04-13,02:00 - 02:15,13700,13456.819
2026-04-13,02:15 - 02:30,13700,13504.439
2026-04-13,02:30 - 02:45,13700,13546.029
2026-04-13,02:45 - 03:00,13700,13597.29
2026-04-13,03:00 - 03:15,13700,13352.653
2026-04-13,03:15 - 03:30,13700,13393.224
2026-04-13,03:30 - 03:45,13700,13591.427
2026-04-13,03:45 - 04:00,13800,13590.256
2026-04-13,04:00 - 04:15,14050,13813.374
2026-04-13,04:15 - 04:30,14150,14039.872
2026-04-13,04:30 - 04:45,14300,14271.153
2026-04-13,04:45 - 05:00,14550,14574.653
2026-04-13,05:00 - 05:15,14750,14930.576
2026-04-13,05:15 - 05:30,15150,15190.055
2026-04-13,05:30 - 05:45,15500,15673.059
2026-04-13,05:45 - 06:00,15950,16329.473
2026-04-13,06:00 - 06:15,17050,17461.775
2026-04-13,06:15 - 06:30,17700,17906.387
2026-04-13,06:30 - 06:45,18300,18836.732
2026-04-13,06:45 - 07:00,18850,19393.104
2026-04-13,07:00 - 07:15,19400,19905.148
2026-04-13,07:15 - 07:30,19850,20307.025
2026-04-13,07:30 - 07:45,20050,20386.113
2026-04-13,07:45 - 08:00,20350,20423.037
2026-04-13,08:00 - 08:15,20550,20725.215
2026-04-13,08:15 - 08:30,20650,20950.824
2026-04-13,08:30 - 08:45,20650,20936.293
2026-04-13,08:45 - 09:00,20650,21160.984
2026-04-13,09:00 - 09:15,20650,21304.512
2026-04-13,09:15 - 09:30,20500,21253.463
2026-04-13,09:30 - 09:45,20250,20826.877
2026-04-13,09:45 - 10:00,19850,20442.512
2026-04-13,10:00 - 10:15,19800,20567.541
2026-04-13,10:15 - 10:30,19750,20443.857
2026-04-13,10:30 - 10:45,19900,20216.244
2026-04-13,10:45 - 11:00,19800,20432.55
2026-04-13,11:00 - 11:15,19850,20260.033
2026-04-13,11:15 - 11:30,19850,20361.178
2026-04-13,11:30 - 11:45,19950,20538.402
2026-04-13,11:45 - 12:00,19950,20517.404
2026-04-13,12:00 - 12:15,19850,20018.88
2026-04-13,12:15 - 12:30,19850,20329.52
2026-04-13,12:30 - 12:45,19850,20365.398
2026-04-13,12:45 - 13:00,19850,20766.746
2026-04-13,13:00 - 13:15,19950,20886.092
2026-04-13,13:15 - 13:30,19900,20645.531
2026-04-13,13:30 - 13:45,19800,20212.76
2026-04-13,13:45 - 14:00,19500,20098.22
2026-04-13,14:00 - 14:15,19700,19565.992
2026-04-13,14:15 - 14:30,19850,19853.664
2026-04-13,14:30 - 14:45,19850,20195.955
2026-04-13,14:45 - 15:00,19650,19971.316
2026-04-13,15:00 - 15:15,19750,19989.094
2026-04-13,15:15 - 15:30,19850,20234.893
2026-04-13,15:30 - 15:45,19850,20386.787
2026-04-13,15:45 - 16:00,19850,20236.527
2026-04-13,16:00 - 16:15,20000,20230.383
2026-04-13,16:15 - 16:30,20050,20500.203
2026-04-13,16:30 - 16:45,20100,20763.63
2026-04-13,16:45 - 17:00,20100,20254.275
2026-04-13,17:00 - 17:15,20150,20361.139
2026-04-13,17:15 - 17:30,20150,20625.307
2026-04-13,17:30 - 17:45,20250,20599.191
2026-04-13,17:45 - 18:00,20250,20255.754
2026-04-13,18:00 - 18:15,20250,20391.379
2026-04-13,18:15 - 18:30,20450,20467.057
2026-04-13,18:30 - 18:45,20650,20959.707
2026-04-13,18:45 - 19:00,20650,20740.486
2026-04-13,19:00 - 19:15,20850,20857.346
2026-04-13,19:15 - 19:30,21200,20996.865
2026-04-13,19:30 - 19:45,21550,21512.41
2026-04-13,19:45 - 20:00,21800,21632.314
2026-04-13,20:00 - 20:15,21800,21510.408
2026-04-13,20:15 - 20:30,21700,21695.205
2026-04-13,20:30 - 20:45,21500,21244.115
2026-04-13,20:45 - 21:00,21200,21012.055
2026-04-13,21:00 - 21:15,20750,20681.027
2026-04-13,21:15 - 21:30,20350,19877.59
2026-04-13,21:30 - 21:45,19750,19589.2
2026-04-13,21:45 - 22:00,19000,18775.357
2026-04-13,22:00 - 22:15,18850,18798.69
2026-04-13,22:15 - 22:30,18650,18301.775
2026-04-13,22:30 - 22:45,18300,18050.014
2026-04-13,22:45 - 23:00,17900,17743.527
2026-04-13,23:00 - 23:15,17500,17292.451
2026-04-13,23:15 - 23:30,17150,16918.455
2026-04-13,23:30 - 23:45,16800,16814.37
2026-04-13,23:45 - 24:00,16450,16291.326
2026-04-14,00:00 - 00:15,16000,16196.269
2026-04-14,00:15 - 00:30,15850,16050.537
2026-04-14,00:30 - 00:45,15700,15927.718
2026-04-14,00:45 - 01:00,15550,15851.027
2026-04-14,01:00 - 01:15,15400,15635.279
2026-04-14,01:15 - 01:30,15300,15523.219
2026-04-14,01:30 - 01:45,15200,15263.81
2026-04-14,01:45 - 02:00,15150,15236.678
2026-04-14,02:00 - 02:15,15150,15215.575
2026-04-14,02:15 - 02:30,15150,15046.686
2026-04-14,02:30 - 02:45,15150,15170.417
2026-04-14,02:45 - 03:00,15150,15177.732
2026-04-14,03:00 - 03:15,15150,14965.826
2026-04-14,03:15 - 03:30,15150,15119.698
2026-04-14,03:30 - 03:45,15150,15087.141
2026-04-14,03:45 - 04:00,15150,15179.221
2026-04-14,04:00 - 04:15,15200,15425.232
2026-04-14,04:15 - 04:30,15300,15493.316
2026-04-14,04:30 - 04:45,15450,15680.269
2026-04-14,04:45 - 05:00,15550,15777.863
2026-04-14,05:00 - 05:15,15750,16080.281
2026-04-14,05:15 - 05:30,15850,16066.558
2026-04-14,05:30 - 05:45,16100,16448.783
2026-04-14,05:45 - 06:00,16550,17007.658
2026-04-14,06:00 - 06:15,17350,18051.37
2026-04-14,06:15 - 06:30,18000,18520.893
2026-04-14,06:30 - 06:45,18600,19031.703
2026-04-14,06:45 - 07:00,19050,19420.99
2026-04-14,07:00 - 07:15,19500,19925.13
2026-04-14,07:15 - 07:30,19800,20317.262
2026-04-14,07:30 - 07:45,20050,20757.914
2026-04-14,07:45 - 08:00,20250,20872.404
2026-04-14,08:00 - 08:15,20350,21149.64
2026-04-14,08:15 - 08:30,20400,21265.303
2026-04-14,08:30 - 08:45,20350,21257.193
2026-04-14,08:45 - 09:00,20350,21101.975
2026-04-14,09:00 - 09:15,20350,21084.596
2026-04-14,09:15 - 09:30,20250,21004.918
2026-04-14,09:30 - 09:45,20100,21015.299
2026-04-14,09:45 - 10:00,19850,20578.076
2026-04-14,10:00 - 10:15,19750,20500.951
2026-04-14,10:15 - 10:30,19750,20290.418
2026-04-14,10:30 - 10:45,19750,20740.9
2026-04-14,10:45 - 11:00,19750,20550.832
2026-04-14,11:00 - 11:15,19750,20577.6
2026-04-14,11:15 - 11:30,19750,20682.021
2026-04-14,11:30 - 11:45,19750,20692.977
2026-04-14,11:45 - 12:00,19750,20610.014
2026-04-14,12:00 - 12:15,19750,20857.98
2026-04-14,12:15 - 12:30,19750,21321.865
2026-04-14,12:30 - 12:45,19750,20522.514
2026-04-14,12:45 - 13:00,19800,20532.205
2026-04-14,13:00 - 13:15,19950,20971.244
2026-04-14,13:15 - 13:30,19900,20733.713
2026-04-14,13:30 - 13:45,19550,20547.283
2026-04-14,13:45 - 14:00,19250,20330.352
2026-04-14,14:00 - 14:15,19400,20394.178
2026-04-14,14:15 - 14:30,19500,20314.23
2026-04-14,14:30 - 14:45,19500,20399.201
2026-04-14,14:45 - 15:00,19450,20496.566
2026-04-14,15:00 - 15:15,19600,20567.602
2026-04-14,15:15 - 15:30,19650,20514.387
2026-04-14,15:30 - 15:45,19650,20328.07
2026-04-14,15:45 - 16:00,19650,20393.361
2026-04-14,16:00 - 16:15,19650,20611.12
2026-04-14,16:15 - 16:30,19700,20346.527
2026-04-14,16:30 - 16:45,19700,20613.34
2026-04-14,16:45 - 17:00,19700,20657.82
2026-04-14,17:00 - 17:15,19750,20975.656
2026-04-14,17:15 - 17:30,19850,20996.57
2026-04-14,17:30 - 17:45,19950,20793.816
2026-04-14,17:45 - 18:00,19900,20462.982
2026-04-14,18:00 - 18:15,19950,20525.463
2026-04-14,18:15 - 18:30,20050,20798.615
2026-04-14,18:30 - 18:45,20350,21043.855
2026-04-14,18:45 - 19:00,20350,21124.883
2026-04-14,19:00 - 19:15,20500,21113.637
2026-04-14,19:15 - 19:30,20700,21476.408
2026-04-14,19:30 - 19:45,21000,21925.098
2026-04-14,19:45 - 20:00,21200,22048.44
2026-04-14,20:00 - 20:15,21400,22061.936
2026-04-14,20:15 - 20:30,21300,21838.629
2026-04-14,20:30 - 20:45,21050,21828.79
2026-04-14,20:45 - 21:00,20650,21556.424
2026-04-14,21:00 - 21:15,20300,21093.291
2026-04-14,21:15 - 21:30,19800,20557.525
2026-04-14,21:30 - 21:45,19200,19869.725
2026-04-14,21:45 - 22:00,18500,19583.666
2026-04-14,22:00 - 22:15,18450,19247.217
2026-04-14,22:15 - 22:30,18250,18981.797
2026-04-14,22:30 - 22:45,17950,18777.668
2026-04-14,22:45 - 23:00,17600,18368.234
2026-04-14,23:00 - 23:15,17250,18054.285
2026-04-14,23:15 - 23:30,16900,17622.646
2026-04-14,23:30 - 23:45,16550,17389.822
2026-04-14,23:45 - 24:00,16200,16927.762
2026-04-15,00:00 - 00:15,16050,16710.043
2026-04-15,00:15 - 00:30,15900,16386.582
2026-04-15,00:30 - 00:45,15750,16374.456
2026-04-15,00:45 - 01:00,15600,16047.868
2026-04-15,01:00 - 01:15,15450,16117.802
2026-04-15,01:15 - 01:30,15350,16028.689
2026-04-15,01:30 - 01:45,15250,15715.361
2026-04-15,01:45 - 02:00,15200,15667.746
2026-04-15,02:00 - 02:15,15200,15558.09
2026-04-15,02:15 - 02:30,15200,15432.455
2026-04-15,02:30 - 02:45,15200,15701.594
2026-04-15,02:45 - 03:00,15200,15626.008
2026-04-15,03:00 - 03:15,15200,15661.702
2026-04-15,03:15 - 03:30,15200,15813.462
2026-04-15,03:30 - 03:45,15200,15744.872
2026-04-15,03:45 - 04:00,15200,15646.996
2026-04-15,04:00 - 04:15,15300,15970.617
2026-04-15,04:15 - 04:30,15450,16086.412
2026-04-15,04:30 - 04:45,15700,16255.976
2026-04-15,04:45 - 05:00,15800,16355.865
2026-04-15,05:00 - 05:15,16000,16613.273
2026-04-15,05:15 - 05:30,16250,16860.943
2026-04-15,05:30 - 05:45,16650,17087.943
2026-04-15,05:45 - 06:00,17350,17577.762
2026-04-15,06:00 - 06:15,18000,18440.865
2026-04-15,06:15 - 06:30,18650,19220.152
2026-04-15,06:30 - 06:45,19400,19640.307
2026-04-15,06:45 - 07:00,20050,20328.654
2026-04-15,07:00 - 07:15,20500,20856.277
2026-04-15,07:15 - 07:30,20650,21070.602
2026-04-15,07:30 - 07:45,20800,21027.65
2026-04-15,07:45 - 08:00,20900,21260.145
2026-04-15,08:00 - 08:15,20950,21598.334
2026-04-15,08:15 - 08:30,20950,21701.014
2026-04-15,08:30 - 08:45,20950,21673.377
2026-04-15,08:45 - 09:00,20950,21908.086
2026-04-15,09:00 - 09:15,20950,21591.854
2026-04-15,09:15 - 09:30,20950,21473.1
2026-04-15,09:30 - 09:45,20700,21306.807
2026-04-15,09:45 - 10:00,20350,20948.678
2026-04-15,10:00 - 10:15,20250,20828.36
2026-04-15,10:15 - 10:30,20250,20822.318
2026-04-15,10:30 - 10:45,20250,20881.844
2026-04-15,10:45 - 11:00,20300,20970.914
2026-04-15,11:00 - 11:15,20350,20982.736
2026-04-15,11:15 - 11:30,20450,20971.674
2026-04-15,11:30 - 11:45,20550,20684.264
2026-04-15,11:45 - 12:00,20600,21057.242
2026-04-15,12:00 - 12:15,20650,21071.469
2026-04-15,12:15 - 12:30,20700,20945.895
2026-04-15,12:30 - 12:45,20700,21003.08
2026-04-15,12:45 - 13:00,20750,21146.428
2026-04-15,13:00 - 13:15,20900,20975.686
2026-04-15,13:15 - 13:30,20900,20684.436
2026-04-15,13:30 - 13:45,20650,20606.158
2026-04-15,13:45 - 14:00,20350,20529.764
2026-04-15,14:00 - 14:15,20500,20058.312
2026-04-15,14:15 - 14:30,20600,20106.51
2026-04-15,14:30 - 14:45,20750,20204.656
2026-04-15,14:45 - 15:00,20750,20310.793
2026-04-15,15:00 - 15:15,20750,20417.877
2026-04-15,15:15 - 15:30,20750,20340.15
2026-04-15,15:30 - 15:45,20750,20454.502
2026-04-15,15:45 - 16:00,20750,19969.174
2026-04-15,16:00 - 16:15,20750,20177.312
2026-04-15,16:15 - 16:30,20850,20130.994
2026-04-15,16:30 - 16:45,20850,20363.701
2026-04-15,16:45 - 17:00,20850,20447.504
2026-04-15,17:00 - 17:15,20850,21064.945
2026-04-15,17:15 - 17:30,20850,20584.953
2026-04-15,17:30 - 17:45,20850,20960.639
2026-04-15,17:45 - 18:00,20900,20761.758
2026-04-15,18:00 - 18:15,21000,20789.371
2026-04-15,18:15 - 18:30,21100,21255.37
2026-04-15,18:30 - 18:45,21250,21441.68
2026-04-15,18:45 - 19:00,21250,21284.373
2026-04-15,19:00 - 19:15,21300,21479.97
2026-04-15,19:15 - 19:30,21450,21573.113
2026-04-15,19:30 - 19:45,21700,21962.299
2026-04-15,19:45 - 20:00,21750,22109.992
2026-04-15,20:00 - 20:15,21750,22169.473
2026-04-15,20:15 - 20:30,21750,22282.693
2026-04-15,20:30 - 20:45,21500,22012.643
2026-04-15,20:45 - 21:00,21250,21673.916
2026-04-15,21:00 - 21:15,20900,21374.342
2026-04-15,21:15 - 21:30,20400,20883.373
2026-04-15,21:30 - 21:45,19800,20256.373
2026-04-15,21:45 - 22:00,19200,19750.992
2026-04-15,22:00 - 22:15,18900,19329.97
2026-04-15,22:15 - 22:30,18700,19254.525
2026-04-15,22:30 - 22:45,18400,18852.76
2026-04-15,22:45 - 23:00,18050,18214.146
2026-04-15,23:00 - 23:15,17700,18046.844
2026-04-15,23:15 - 23:30,17350,17687.518
2026-04-15,23:30 - 23:45,17000,17478.732
2026-04-15,23:45 - 24:00,16650,17032.346
2026-04-16,00:00 - 00:15,16050,16914.33
2026-04-16,00:15 - 00:30,15900,16536.102
2026-04-16,00:30 - 00:45,15750,16476.938
2026-04-16,00:45 - 01:00,15600,16196.812
2026-04-16,01:00 - 01:15,15450,16176.229
2026-04-16,01:15 - 01:30,15350,16017.817
2026-04-16,01:30 - 01:45,15250,16104.801
2026-04-16,01:45 - 02:00,15150,15888.068
2026-04-16,02:00 - 02:15,15100,15708.9
2026-04-16,02:15 - 02:30,15100,15810.721
2026-04-16,02:30 - 02:45,15100,15711.697
2026-04-16,02:45 - 03:00,15100,15747.476
2026-04-16,03:00 - 03:15,15100,15719.847
2026-04-16,03:15 - 03:30,15100,15872.682
2026-04-16,03:30 - 03:45,15100,15703.426
2026-04-16,03:45 - 04:00,15150,15787.867
2026-04-16,04:00 - 04:15,15300,15976.635
2026-04-16,04:15 - 04:30,15450,16110.147
2026-04-16,04:30 - 04:45,15650,16169.011
2026-04-16,04:45 - 05:00,15800,16344.213
2026-04-16,05:00 - 05:15,16100,16593.377
2026-04-16,05:15 - 05:30,16200,16713.078
2026-04-16,05:30 - 05:45,16550,16821.473
2026-04-16,05:45 - 06:00,17250,17495.902
2026-04-16,06:00 - 06:15,18100,18523.453
2026-04-16,06:15 - 06:30,18750,19137.059
2026-04-16,06:30 - 06:45,19250,19477.572
2026-04-16,06:45 - 07:00,19800,20163.955
2026-04-16,07:00 - 07:15,20200,20622.592
2026-04-16,07:15 - 07:30,20550,20852.719
2026-04-16,07:30 - 07:45,20800,20811.145
2026-04-16,07:45 - 08:00,21000,20769.8
2026-04-16,08:00 - 08:15,21150,21127.271
2026-04-16,08:15 - 08:30,21250,21143.236
2026-04-16,08:30 - 08:45,21250,21169.895
2026-04-16,08:45 - 09:00,21250,20933.816
2026-04-16,09:00 - 09:15,21250,20833.871
2026-04-16,09:15 - 09:30,21250,20814.055
2026-04-16,09:30 - 09:45,21100,20487.156
2026-04-16,09:45 - 10:00,20750,20223.81
2026-04-16,10:00 - 10:15,20450,20037.477
2026-04-16,10:15 - 10:30,20400,20082.361
2026-04-16,10:30 - 10:45,20350,20444.998
2026-04-16,10:45 - 11:00,20350,19600.227
2026-04-16,11:00 - 11:15,20350,19232.8
2026-04-16,11:15 - 11:30,20350,19664.758
2026-04-16,11:30 - 11:45,20350,20162.148
2026-04-16,11:45 - 12:00,20350,20028.537
2026-04-16,12:00 - 12:15,20350,20149.463
2026-04-16,12:15 - 12:30,20350,21148.244
2026-04-16,12:30 - 12:45,20350,20331.836
2026-04-16,12:45 - 13:00,20350,19938.414
2026-04-16,13:00 - 13:15,20450,21115.955
2026-04-16,13:15 - 13:30,20400,19797.553
2026-04-16,13:30 - 13:45,20100,19689.256
2026-04-16,13:45 - 14:00,19700,20017.117
2026-04-16,14:00 - 14:15,19700,19992.986
2026-04-16,14:15 - 14:30,19700,19991.83
2026-04-16,14:30 - 14:45,19850,20710.984
2026-04-16,14:45 - 15:00,19900,20217.672
2026-04-16,15:00 - 15:15,19950,20486.102
2026-04-16,15:15 - 15:30,20000,20198.947
2026-04-16,15:30 - 15:45,20100,20698.102
2026-04-16,15:45 - 16:00,20100,20378.45
2026-04-16,16:00 - 16:15,20100,20459.244
2026-04-16,16:15 - 16:30,20350,20687.238
2026-04-16,16:30 - 16:45,20350,20206.484
2026-04-16,16:45 - 17:00,20350,20304.05
2026-04-16,17:00 - 17:15,20400,20339.62
2026-04-16,17:15 - 17:30,20500,20350.22
2026-04-16,17:30 - 17:45,20500,20270.236
2026-04-16,17:45 - 18:00,20500,20336.152
2026-04-16,18:00 - 18:15,20500,20312.496
2026-04-16,18:15 - 18:30,20500,20642.768
2026-04-16,18:30 - 18:45,20800,20936.664
2026-04-16,18:45 - 19:00,20750,21019.547
2026-04-16,19:00 - 19:15,20850,21052.352
2026-04-16,19:15 - 19:30,21100,21177.088
2026-04-16,19:30 - 19:45,21400,21564.143
2026-04-16,19:45 - 20:00,21450,21705.24
2026-04-16,20:00 - 20:15,21450,21958.303
2026-04-16,20:15 - 20:30,21450,22022.006
2026-04-16,20:30 - 20:45,21200,21825.889
2026-04-16,20:45 - 21:00,20950,21454.027
2026-04-16,21:00 - 21:15,20600,21131.309
2026-04-16,21:15 - 21:30,20100,20474.887
2026-04-16,21:30 - 21:45,19500,20178.996
2026-04-16,21:45 - 22:00,18900,19427.297
2026-04-16,22:00 - 22:15,18600,19056.572
2026-04-16,22:15 - 22:30,18400,18992.51
2026-04-16,22:30 - 22:45,18100,18549.861
2026-04-16,22:45 - 23:00,17750,18154.02
2026-04-16,23:00 - 23:15,17400,17805.473
2026-04-16,23:15 - 23:30,17050,17561.322
2026-04-16,23:30 - 23:45,16700,17256.152
2026-04-16,23:45 - 24:00,16350,16857.32
2026-04-17,00:00 - 00:15,16400,16626.842
2026-04-17,00:15 - 00:30,16250,16378.746
2026-04-17,00:30 - 00:45,16100,16238.752
2026-04-17,00:45 - 01:00,15950,16110.192
2026-04-17,01:00 - 01:15,15800,15971.888
2026-04-17,01:15 - 01:30,15700,15841.008
2026-04-17,01:30 - 01:45,15600,15964.123
2026-04-17,01:45 - 02:00,15500,15648.447
2026-04-17,02:00 - 02:15,15450,15579.669
2026-04-17,02:15 - 02:30,15450,15617.164
2026-04-17,02:30 - 02:45,15450,15570.492
2026-04-17,02:45 - 03:00,15450,15591.913
2026-04-17,03:00 - 03:15,15450,15572.867
2026-04-17,03:15 - 03:30,15450,15607.333
2026-04-17,03:30 - 03:45,15450,15704.729
2026-04-17,03:45 - 04:00,15500,15601.477
2026-04-17,04:00 - 04:15,15650,15859.358
2026-04-17,04:15 - 04:30,15800,15965.481
2026-04-17,04:30 - 04:45,16000,16204.999
2026-04-17,04:45 - 05:00,16150,16299.844
2026-04-17,05:00 - 05:15,16450,16525.11
2026-04-17,05:15 - 05:30,16450,16485.35
2026-04-17,05:30 - 05:45,16800,16751.08
2026-04-17,05:45 - 06:00,17500,17337.344
2026-04-17,06:00 - 06:15,18350,18232.979
2026-04-17,06:15 - 06:30,18850,19079.137
2026-04-17,06:30 - 06:45,19350,19473.969
2026-04-17,06:45 - 07:00,19900,19952.889
2026-04-17,07:00 - 07:15,20300,20450.658
2026-04-17,07:15 - 07:30,20650,20707.436
2026-04-17,07:30 - 07:45,20900,20749.14
2026-04-17,07:45 - 08:00,21100,20725.496
2026-04-17,08:00 - 08:15,21250,21018.318
2026-04-17,08:15 - 08:30,21350,20859.207
2026-04-17,08:30 - 08:45,21350,20790.264
2026-04-17,08:45 - 09:00,21350,20757.191
2026-04-17,09:00 - 09:15,21350,20502.271
2026-04-17,09:15 - 09:30,21350,20381.412
2026-04-17,09:30 - 09:45,21200,20421.223
2026-04-17,09:45 - 10:00,20850,19835.246
2026-04-17,10:00 - 10:15,20550,19839.375
2026-04-17,10:15 - 10:30,20500,19735.246
2026-04-17,10:30 - 10:45,20450,19772.305
2026-04-17,10:45 - 11:00,20500,19971.63
2026-04-17,11:00 - 11:15,20550,20572.23
2026-04-17,11:15 - 11:30,20600,20360.994
2026-04-17,11:30 - 11:45,20650,20508.207
2026-04-17,11:45 - 12:00,20700,20807.99
2026-04-17,12:00 - 12:15,20700,20886.582
2026-04-17,12:15 - 12:30,20700,20744.557
2026-04-17,12:30 - 12:45,20700,20447.908
2026-04-17,12:45 - 13:00,20700,20050.744
2026-04-17,13:00 - 13:15,20800,20626.377
2026-04-17,13:15 - 13:30,20750,20680.107
2026-04-17,13:30 - 13:45,20450,20428.746
2026-04-17,13:45 - 14:00,20050,19164.852
2026-04-17,14:00 - 14:15,20050,19076.553
2026-04-17,14:15 - 14:30,20050,19524.158
2026-04-17,14:30 - 14:45,20200,18877.03
2026-04-17,14:45 - 15:00,20250,19887.303
2026-04-17,15:00 - 15:15,20300,19589.627
2026-04-17,15:15 - 15:30,20350,19082.508
2026-04-17,15:30 - 15:45,20450,18896.293
2026-04-17,15:45 - 16:00,20450,19556.332
2026-04-17,16:00 - 16:15,20450,19482.29
2026-04-17,16:15 - 16:30,20700,19886.762
2026-04-17,16:30 - 16:45,20700,19872.07
2026-04-17,16:45 - 17:00,20700,19311.953
2026-04-17,17:00 - 17:15,20750,19320.54
2026-04-17,17:15 - 17:30,20850,19797.535
2026-04-17,17:30 - 17:45,20850,20134.248
2026-04-17,17:45 - 18:00,20850,19990.215
2026-04-17,18:00 - 18:15,20850,20272.396
2026-04-17,18:15 - 18:30,20850,20298.777
2026-04-17,18:30 - 18:45,21150,20477.027
2026-04-17,18:45 - 19:00,21100,20330.406
2026-04-17,19:00 - 19:15,21200,20508.236
2026-04-17,19:15 - 19:30,21450,20733.805
2026-04-17,19:30 - 19:45,21750,20765.04
2026-04-17,19:45 - 20:00,21800,21217.107
2026-04-17,20:00 - 20:15,21800,21273.305
2026-04-17,20:15 - 20:30,21800,21206.535
2026-04-17,20:30 - 20:45,21550,21243.537
2026-04-17,20:45 - 21:00,21300,20915.826
2026-04-17,21:00 - 21:15,20950,20578.482
2026-04-17,21:15 - 21:30,20450,20273.535
2026-04-17,21:30 - 21:45,19850,19554.994
2026-04-17,21:45 - 22:00,19250,19014.736
2026-04-17,22:00 - 22:15,18950,18684.396
2026-04-17,22:15 - 22:30,18750,18490.71
2026-04-17,22:30 - 22:45,18450,18185.896
2026-04-17,22:45 - 23:00,18100,17825.812
2026-04-17,23:00 - 23:15,17750,17399.059
2026-04-17,23:15 - 23:30,17400,17095.836
2026-04-17,23:30 - 23:45,17050,16858.617
2026-04-17,23:45 - 24:00,16700,16555.816
2026-04-18,00:00 - 00:15,16150,16352.158
2026-04-18,00:15 - 00:30,15950,16186.043
2026-04-18,00:30 - 00:45,15800,15960.103
2026-04-18,00:45 - 01:00,15600,15780.64
2026-04-18,01:00 - 01:15,15450,15625.799
2026-04-18,01:15 - 01:30,15350,15417.304
2026-04-18,01:30 - 01:45,15250,15371.716
2026-04-18,01:45 - 02:00,15150,15375.893
2026-04-18,02:00 - 02:15,15050,15346.182
2026-04-18,02:15 - 02:30,15000,15271.004
2026-04-18,02:30 - 02:45,14950,15185.626
2026-04-18,02:45 - 03:00,14900,15390.08
2026-04-18,03:00 - 03:15,14900,15299.915
2026-04-18,03:15 - 03:30,14900,15207.353
2026-04-18,03:30 - 03:45,14900,15202.924
2026-04-18,03:45 - 04:00,14900,15171.236
2026-04-18,04:00 - 04:15,14900,15269.037
2026-04-18,04:15 - 04:30,14900,15334.073
2026-04-18,04:30 - 04:45,14900,15566.354
2026-04-18,04:45 - 05:00,14900,15497.048
2026-04-18,05:00 - 05:15,14900,15377.118
2026-04-18,05:15 - 05:30,14800,15407.286
2026-04-18,05:30 - 05:45,14750,15215.444
2026-04-18,05:45 - 06:00,14900,15290.342
2026-04-18,06:00 - 06:15,15200,15660.038
2026-04-18,06:15 - 06:30,15400,16010.527
2026-04-18,06:30 - 06:45,15650,16246.352
2026-04-18,06:45 - 07:00,15900,16611.898
2026-04-18,07:00 - 07:15,16150,16798.078
2026-04-18,07:15 - 07:30,16350,17040.193
2026-04-18,07:30 - 07:45,16600,17197.393
2026-04-18,07:45 - 08:00,16850,17276.29
2026-04-18,08:00 - 08:15,17050,17438.027
2026-04-18,08:15 - 08:30,17200,17810.664
2026-04-18,08:30 - 08:45,17200,17611.87
2026-04-18,08:45 - 09:00,17200,17441.297
2026-04-18,09:00 - 09:15,17200,17690.924
2026-04-18,09:15 - 09:30,17200,17531.47
2026-04-18,09:30 - 09:45,17200,17602.752
2026-04-18,09:45 - 10:00,17200,17455.969
2026-04-18,10:00 - 10:15,17200,17457.912
2026-04-18,10:15 - 10:30,17200,17849.996
2026-04-18,10:30 - 10:45,17200,17621.19
2026-04-18,10:45 - 11:00,17200,17671.08
2026-04-18,11:00 - 11:15,17200,17762.738
2026-04-18,11:15 - 11:30,17200,18115.889
2026-04-18,11:30 - 11:45,17200,17897.12
2026-04-18,11:45 - 12:00,17150,17876.934
2026-04-18,12:00 - 12:15,17100,18094.59
2026-04-18,12:15 - 12:30,17050,18250.465
2026-04-18,12:30 - 12:45,17000,17948.71
2026-04-18,12:45 - 13:00,16900,17505.64
2026-04-18,13:00 - 13:15,16800,17917.03
2026-04-18,13:15 - 13:30,16700,17511.053
2026-04-18,13:30 - 13:45,16650,17226.973
2026-04-18,13:45 - 14:00,16550,17603.879
2026-04-18,14:00 - 14:15,16550,17487.576
2026-04-18,14:15 - 14:30,16550,17394.924
2026-04-18,14:30 - 14:45,16550,17095.748
2026-04-18,14:45 - 15:00,16550,17253.17
2026-04-18,15:00 - 15:15,16550,16799.256
2026-04-18,15:15 - 15:30,16550,16867.688
2026-04-18,15:30 - 15:45,16550,17315.613
2026-04-18,15:45 - 16:00,16550,16598.385
2026-04-18,16:00 - 16:15,16600,16623.238
2026-04-18,16:15 - 16:30,16600,16676.598
2026-04-18,16:30 - 16:45,16600,16594.965
2026-04-18,16:45 - 17:00,16650,16673.422
2026-04-18,17:00 - 17:15,16700,16876.154
2026-04-18,17:15 - 17:30,16800,17041.615
2026-04-18,17:30 - 17:45,16900,17327.217
2026-04-18,17:45 - 18:00,16950,17302.578
2026-04-18,18:00 - 18:15,17000,17769.719
2026-04-18,18:15 - 18:30,17050,17724.744
2026-04-18,18:30 - 18:45,17100,17801.594
2026-04-18,18:45 - 19:00,17150,17674.34
2026-04-18,19:00 - 19:15,17300,17579.938
2026-04-18,19:15 - 19:30,17350,17827.416
2026-04-18,19:30 - 19:45,17450,17978.432
2026-04-18,19:45 - 20:00,17600,18382.672
2026-04-18,20:00 - 20:15,17900,18500.479
2026-04-18,20:15 - 20:30,17900,18547.445
2026-04-18,20:30 - 20:45,17900,18470.05
2026-04-18,20:45 - 21:00,17850,18447.291
2026-04-18,21:00 - 21:15,17550,18054.246
2026-04-18,21:15 - 21:30,17250,17645.53
2026-04-18,21:30 - 21:45,17000,17258.824
2026-04-18,21:45 - 22:00,16650,17111.455
2026-04-18,22:00 - 22:15,16350,16843.418
2026-04-18,22:15 - 22:30,16100,16385.91
2026-04-18,22:30 - 22:45,15800,16325.861
2026-04-18,22:45 - 23:00,15500,15946.091
2026-04-18,23:00 - 23:15,15200,15525.316
2026-04-18,23:15 - 23:30,14950,15255.268
2026-04-18,23:30 - 23:45,14650,14973.25
2026-04-18,23:45 - 24:00,14450,14644.81
2026-04-19,00:00 - 00:15,14200,14425.562
2026-04-19,00:15 - 00:30,14000,14214.8
2026-04-19,00:30 - 00:45,13900,14033.753
2026-04-19,00:45 - 01:00,13750,13847.502
2026-04-19,01:00 - 01:15,13600,13625.861
2026-04-19,01:15 - 01:30,13450,13664.942
2026-04-19,01:30 - 01:45,13300,13484.359
2026-04-19,01:45 - 02:00,13200,13253.866
2026-04-19,02:00 - 02:15,13150,13120.464
2026-04-19,02:15 - 02:30,13100,13231.662
2026-04-19,02:30 - 02:45,13100,13139.202
2026-04-19,02:45 - 03:00,13100,13203.345
2026-04-19,03:00 - 03:15,13100,13269.242
2026-04-19,03:15 - 03:30,13100,13273.654
2026-04-19,03:30 - 03:45,13100,13103.401
2026-04-19,03:45 - 04:00,13100,13265.006
2026-04-19,04:00 - 04:15,13100,13285.467
2026-04-19,04:15 - 04:30,13100,13113.984
2026-04-19,04:30 - 04:45,13100,13288.24
2026-04-19,04:45 - 05:00,13100,13297.893
2026-04-19,05:00 - 05:15,13100,13275.347
2026-04-19,05:15 - 05:30,13100,13091.489
2026-04-19,05:30 - 05:45,13100,13067.315
2026-04-19,05:45 - 06:00,13100,12916.549
2026-04-19,06:00 - 06:15,13150,13115.161
2026-04-19,06:15 - 06:30,13200,13232.487
2026-04-19,06:30 - 06:45,13350,13443.207
2026-04-19,06:45 - 07:00,13650,13522.924
2026-04-19,07:00 - 07:15,13950,13714.582
2026-04-19,07:15 - 07:30,14350,13982.572
2026-04-19,07:30 - 07:45,14550,13982.938
2026-04-19,07:45 - 08:00,14750,13948.862
2026-04-19,08:00 - 08:15,14950,14282.499
2026-04-19,08:15 - 08:30,15200,14543.111
2026-04-19,08:30 - 08:45,15350,14770.373
2026-04-19,08:45 - 09:00,15500,14634.954
2026-04-19,09:00 - 09:15,15650,15398.598
2026-04-19,09:15 - 09:30,15700,15048.307
2026-04-19,09:30 - 09:45,15750,15505.492
2026-04-19,09:45 - 10:00,15800,15191.785
2026-04-19,10:00 - 10:15,15850,15421.028
2026-04-19,10:15 - 10:30,15900,15555.104
2026-04-19,10:30 - 10:45,15950,15804.879
2026-04-19,10:45 - 11:00,16000,15396.179
2026-04-19,11:00 - 11:15,16050,15688.415
2026-04-19,11:15 - 11:30,16100,15758.866
2026-04-19,11:30 - 11:45,16150,16001.338
2026-04-19,11:45 - 12:00,16200,16243.737
2026-04-19,12:00 - 12:15,16300,16186.355
2026-04-19,12:15 - 12:30,16400,16089.369
2026-04-19,12:30 - 12:45,16500,16301.496
2026-04-19,12:45 - 13:00,16600,15893.432
2026-04-19,13:00 - 13:15,16700,15967.051
2026-04-19,13:15 - 13:30,16700,15767.765
2026-04-19,13:30 - 13:45,16700,15755.933
2026-04-19,13:45 - 14:00,16550,15497.053
2026-04-19,14:00 - 14:15,16550,16036.838
2026-04-19,14:15 - 14:30,16550,15842.399
2026-04-19,14:30 - 14:45,16550,16362.973
2026-04-19,14:45 - 15:00,16550,16466.201
2026-04-19,15:00 - 15:15,16550,16382.072
2026-04-19,15:15 - 15:30,16550,15922.957
2026-04-19,15:30 - 15:45,16550,15568.689
2026-04-19,15:45 - 16:00,16600,16053.172
2026-04-19,16:00 - 16:15,16650,15527.535
2026-04-19,16:15 - 16:30,16750,15689.893
2026-04-19,16:30 - 16:45,16850,15868.86
2026-04-19,16:45 - 17:00,16950,15691.167
2026-04-19,17:00 - 17:15,17000,15903.967
2026-04-19,17:15 - 17:30,17050,15849.264
2026-04-19,17:30 - 17:45,17050,16129.7
2026-04-19,17:45 - 18:00,17050,15984.273
2026-04-19,18:00 - 18:15,17000,16258.702
2026-04-19,18:15 - 18:30,17000,16312.916
2026-04-19,18:30 - 18:45,17050,16538.463
2026-04-19,18:45 - 19:00,17150,16456.645
2026-04-19,19:00 - 19:15,17250,16589.352
2026-04-19,19:15 - 19:30,17350,16966.984
2026-04-19,19:30 - 19:45,17500,16907.523
2026-04-19,19:45 - 20:00,17600,17311.158
2026-04-19,20:00 - 20:15,17600,17325.273
2026-04-19,20:15 - 20:30,17600,17360.406
2026-04-19,20:30 - 20:45,17500,17136.045
2026-04-19,20:45 - 21:00,17350,16829.357
2026-04-19,21:00 - 21:15,17100,16788.111
2026-04-19,21:15 - 21:30,16850,16363.142
2026-04-19,21:30 - 21:45,16650,15996.316
2026-04-19,21:45 - 22:00,16450,15805.506
2026-04-19,22:00 - 22:15,16250,15594.0
2026-04-19,22:15 - 22:30,16050,15384.9
2026-04-19,22:30 - 22:45,15800,15183.337
2026-04-19,22:45 - 23:00,15500,15145.781
2026-04-19,23:00 - 23:15,15200,14721.084
2026-04-19,23:15 - 23:30,14950,14663.77
2026-04-19,23:30 - 23:45,14750,14318.465
2026-04-19,23:45 - 24:00,14500,13738.696
2026-04-20,00:00 - 00:15,14500,13864.917
2026-04-20,00:15 - 00:30,14400,13655.519
2026-04-20,00:30 - 00:45,14300,13382.301
2026-04-20,00:45 - 01:00,14200,13433.565
2026-04-20,01:00 - 01:15,14100,13312.175
2026-04-20,01:15 - 01:30,14050,13085.29
2026-04-20,01:30 - 01:45,14050,13088.238
2026-04-20,01:45 - 02:00,14050,13010.81
2026-04-20,02:00 - 02:15,14050,12840.214
2026-04-20,02:15 - 02:30,14050,12906.729
2026-04-20,02:30 - 02:45,14050,13045.12
2026-04-20,02:45 - 03:00,14050,12987.974
2026-04-20,03:00 - 03:15,14050,13106.775
2026-04-20,03:15 - 03:30,14050,13131.08
2026-04-20,03:30 - 03:45,14150,12948.109
2026-04-20,03:45 - 04:00,14250,13173.53
2026-04-20,04:00 - 04:15,14450,13344.913
2026-04-20,04:15 - 04:30,14600,13367.497
2026-04-20,04:30 - 04:45,14850,13774.25
2026-04-20,04:45 - 05:00,15100,13956.163
2026-04-20,05:00 - 05:15,15400,14140.363
2026-04-20,05:15 - 05:30,15850,14389.395
2026-04-20,05:30 - 05:45,16300,14945.274
2026-04-20,05:45 - 06:00,17050,15527.519
2026-04-20,06:00 - 06:15,18350,16737.121
2026-04-20,06:15 - 06:30,19000,17451.781
2026-04-20,06:30 - 06:45,19800,17879.469
2026-04-20,06:45 - 07:00,20350,18498.19
2026-04-20,07:00 - 07:15,20900,18974.584
2026-04-20,07:15 - 07:30,21200,19429.377
2026-04-20,07:30 - 07:45,21500,19759.754
2026-04-20,07:45 - 08:00,21700,20164.934
2026-04-20,08:00 - 08:15,22000,20483.842
2026-04-20,08:15 - 08:30,22200,20900.646
2026-04-20,08:30 - 08:45,22300,20778.322
2026-04-20,08:45 - 09:00,22300,21115.51
2026-04-20,09:00 - 09:15,22300,21163.62
2026-04-20,09:15 - 09:30,22250,21029.55
2026-04-20,09:30 - 09:45,22050,20952.898
2026-04-20,09:45 - 10:00,22000,21108.477
2026-04-20,10:00 - 10:15,21950,20636.662
2026-04-20,10:15 - 10:30,22000,20655.637
2026-04-20,10:30 - 10:45,22050,20525.906
2026-04-20,10:45 - 11:00,22100,20663.48
2026-04-20,11:00 - 11:15,22150,20660.664
2026-04-20,11:15 - 11:30,22200,21050.27
2026-04-20,11:30 - 11:45,22200,20725.08
2026-04-20,11:45 - 12:00,22200,21005.664
2026-04-20,12:00 - 12:15,22200,21036.742
2026-04-20,12:15 - 12:30,22200,20919.89
2026-04-20,12:30 - 12:45,22200,20751.72
2026-04-20,12:45 - 13:00,22200,21023.943
2026-04-20,13:00 - 13:15,22200,21424.064
2026-04-20,13:15 - 13:30,22200,21085.838
2026-04-20,13:30 - 13:45,21950,20837.982
2026-04-20,13:45 - 14:00,21550,20770.94
2026-04-20,14:00 - 14:15,21600,21131.697
2026-04-20,14:15 - 14:30,21650,20860.158
2026-04-20,14:30 - 14:45,21650,20564.979
2026-04-20,14:45 - 15:00,21650,20828.957
2026-04-20,15:00 - 15:15,21600,21283.334
2026-04-20,15:15 - 15:30,21600,20563.115
2026-04-20,15:30 - 15:45,21600,20509.248
2026-04-20,15:45 - 16:00,21600,20662.3
2026-04-20,16:00 - 16:15,21600,20501.98
2026-04-20,16:15 - 16:30,21600,20295.744
2026-04-20,16:30 - 16:45,21650,20550.521
2026-04-20,16:45 - 17:00,21700,20568.629
2026-04-20,17:00 - 17:15,21700,20341.385
2026-04-20,17:15 - 17:30,21700,20149.686
2026-04-20,17:30 - 17:45,21700,20416.748
2026-04-20,17:45 - 18:00,21600,20615.744
2026-04-20,18:00 - 18:15,21600,20614.955
2026-04-20,18:15 - 18:30,21700,20722.562
2026-04-20,18:30 - 18:45,21900,21001.29
2026-04-20,18:45 - 19:00,21900,20846.578
2026-04-20,19:00 - 19:15,21950,20688.283
2026-04-20,19:15 - 19:30,22100,20908.129
2026-04-20,19:30 - 19:45,22300,21131.87
2026-04-20,19:45 - 20:00,22450,21248.12
2026-04-20,20:00 - 20:15,22500,21555.184
2026-04-20,20:15 - 20:30,22500,21569.5
2026-04-20,20:30 - 20:45,22350,21335.771
2026-04-20,20:45 - 21:00,21950,21164.912
2026-04-20,21:00 - 21:15,21600,20386.197
2026-04-20,21:15 - 21:30,21100,19898.844
2026-04-20,21:30 - 21:45,20600,19263.125
2026-04-20,21:45 - 22:00,20000,18893.2
2026-04-20,22:00 - 22:15,19750,18632.43
2026-04-20,22:15 - 22:30,19500,18339.879
2026-04-20,22:30 - 22:45,19150,17907.27
2026-04-20,22:45 - 23:00,18800,17611.576
2026-04-20,23:00 - 23:15,18400,17184.057
2026-04-20,23:15 - 23:30,18050,16921.996
2026-04-20,23:30 - 23:45,17700,16579.766
2026-04-20,23:45 - 24:00,17400,16426.842
2026-04-21,00:00 - 00:15,16900,16322.82
2026-04-21,00:15 - 00:30,16650,15978.84
2026-04-21,00:30 - 00:45,16500,15676.528
2026-04-21,00:45 - 01:00,16350,15625.942
2026-04-21,01:00 - 01:15,16200,15577.993
2026-04-21,01:15 - 01:30,16100,15379.059
2026-04-21,01:30 - 01:45,16000,15314.022
2026-04-21,01:45 - 02:00,15950,15231.036
2026-04-21,02:00 - 02:15,15950,15211.75
2026-04-21,02:15 - 02:30,15950,15150.112
2026-04-21,02:30 - 02:45,15950,15081.169
2026-04-21,02:45 - 03:00,15950,15129.082
2026-04-21,03:00 - 03:15,15950,15085.226
2026-04-21,03:15 - 03:30,15950,15215.604
2026-04-21,03:30 - 03:45,15950,15170.283
2026-04-21,03:45 - 04:00,15950,15388.457
2026-04-21,04:00 - 04:15,16100,15410.395
2026-04-21,04:15 - 04:30,16250,15545.741
2026-04-21,04:30 - 04:45,16400,15678.091
2026-04-21,04:45 - 05:00,16600,15779.94
2026-04-21,05:00 - 05:15,16750,15866.589
2026-04-21,05:15 - 05:30,16950,16102.679
2026-04-21,05:30 - 05:45,17250,16275.245
2026-04-21,05:45 - 06:00,17750,16799.586
2026-04-21,06:00 - 06:15,18600,17880.209
2026-04-21,06:15 - 06:30,19300,18533.605
2026-04-21,06:30 - 06:45,19950,19083.719
2026-04-21,06:45 - 07:00,20550,19529.268
2026-04-21,07:00 - 07:15,21050,20269.95
2026-04-21,07:15 - 07:30,21300,20524.877
2026-04-21,07:30 - 07:45,21350,20519.691
2026-04-21,07:45 - 08:00,21500,20558.68
2026-04-21,08:00 - 08:15,21700,20708.69
2026-04-21,08:15 - 08:30,21750,20540.752
2026-04-21,08:30 - 08:45,21750,20493.248
2026-04-21,08:45 - 09:00,21750,20184.438
2026-04-21,09:00 - 09:15,21650,19933.158
2026-04-21,09:15 - 09:30,21500,19655.111
2026-04-21,09:30 - 09:45,21300,19333.713
2026-04-21,09:45 - 10:00,21000,19457.586
2026-04-21,10:00 - 10:15,20900,19415.055
2026-04-21,10:15 - 10:30,20900,19682.383
2026-04-21,10:30 - 10:45,20950,19980.8
2026-04-21,10:45 - 11:00,20950,20294.547
2026-04-21,11:00 - 11:15,20950,20222.04
2026-04-21,11:15 - 11:30,20950,20435.979
2026-04-21,11:30 - 11:45,20950,20709.217
2026-04-21,11:45 - 12:00,21050,20599.791
2026-04-21,12:00 - 12:15,21050,20567.703
2026-04-21,12:15 - 12:30,21050,20365.984
2026-04-21,12:30 - 12:45,21050,20101.758
2026-04-21,12:45 - 13:00,21100,20544.123
2026-04-21,13:00 - 13:15,21050,20770.22
2026-04-21,13:15 - 13:30,21050,20174.488
2026-04-21,13:30 - 13:45,20900,20463.262
2026-04-21,13:45 - 14:00,20700,19147.635
2026-04-21,14:00 - 14:15,20550,19621.465
2026-04-21,14:15 - 14:30,20600,20016.232
2026-04-21,14:30 - 14:45,20650,20060.576
2026-04-21,14:45 - 15:00,20750,19884.287
2026-04-21,15:00 - 15:15,20800,19694.172
2026-04-21,15:15 - 15:30,20800,19654.184
2026-04-21,15:30 - 15:45,20800,19917.768
2026-04-21,15:45 - 16:00,20800,20139.406
2026-04-21,16:00 - 16:15,20800,20072.658
2026-04-21,16:15 - 16:30,20850,20149.658
2026-04-21,16:30 - 16:45,20900,20522.908
2026-04-21,16:45 - 17:00,20900,20086.541
2026-04-21,17:00 - 17:15,21000,20136.045
2026-04-21,17:15 - 17:30,21050,19970.354
2026-04-21,17:30 - 17:45,21000,20223.604
2026-04-21,17:45 - 18:00,21000,20384.414
2026-04-21,18:00 - 18:15,21000,19943.877
2026-04-21,18:15 - 18:30,21200,20221.502
2026-04-21,18:30 - 18:45,21400,20488.32
2026-04-21,18:45 - 19:00,21400,20377.535
2026-04-21,19:00 - 19:15,21450,20647.324
2026-04-21,19:15 - 19:30,21550,20591.303
2026-04-21,19:30 - 19:45,21850,20714.838
2026-04-21,19:45 - 20:00,22100,20803.773
2026-04-21,20:00 - 20:15,22200,21076.184
2026-04-21,20:15 - 20:30,22200,21258.715
2026-04-21,20:30 - 20:45,22100,21218.68
2026-04-21,20:45 - 21:00,21850,20805.383
2026-04-21,21:00 - 21:15,21300,20620.293
2026-04-21,21:15 - 21:30,20850,20013.74
2026-04-21,21:30 - 21:45,20250,19555.105
2026-04-21,21:45 - 22:00,19600,18820.77
2026-04-21,22:00 - 22:15,19450,18574.023
2026-04-21,22:15 - 22:30,19250,18416.06
2026-04-21,22:30 - 22:45,18950,18201.361
2026-04-21,22:45 - 23:00,18600,17781.285
2026-04-21,23:00 - 23:15,18250,17325.998
2026-04-21,23:15 - 23:30,17900,16893.363
2026-04-21,23:30 - 23:45,17550,16605.016
2026-04-21,23:45 - 24:00,17200,16425.525
2026-04-22,00:00 - 00:15,16600,16362.837
2026-04-22,00:15 - 00:30,16350,16172.061
2026-04-22,00:30 - 00:45,16200,15986.59
2026-04-22,00:45 - 01:00,16050,15808.059
2026-04-22,01:00 - 01:15,15900,15824.278
2026-04-22,01:15 - 01:30,15800,15624.294
2026-04-22,01:30 - 01:45,15700,15480.748
2026-04-22,01:45 - 02:00,15650,15428.451
2026-04-22,02:00 - 02:15,15650,15237.813
2026-04-22,02:15 - 02:30,15650,15249.016
2026-04-22,02:30 - 02:45,15650,15321.009
2026-04-22,02:45 - 03:00,15650,15272.052
2026-04-22,03:00 - 03:15,15650,15260.699
2026-04-22,03:15 - 03:30,15650,15227.884
2026-04-22,03:30 - 03:45,15650,15140.528
2026-04-22,03:45 - 04:00,15700,15293.014
2026-04-22,04:00 - 04:15,15800,15558.002
2026-04-22,04:15 - 04:30,15900,15684.27
2026-04-22,04:30 - 04:45,16050,15781.0
2026-04-22,04:45 - 05:00,16300,15761.361
2026-04-22,05:00 - 05:15,16450,15986.827
2026-04-22,05:15 - 05:30,16650,16069.565
2026-04-22,05:30 - 05:45,16950,16442.02
2026-04-22,05:45 - 06:00,17450,16793.262
2026-04-22,06:00 - 06:15,18300,18054.916
2026-04-22,06:15 - 06:30,19000,18611.174
2026-04-22,06:30 - 06:45,19550,19034.887
2026-04-22,06:45 - 07:00,20200,19726.695
2026-04-22,07:00 - 07:15,20600,19991.357
2026-04-22,07:15 - 07:30,20800,20255.434
2026-04-22,07:30 - 07:45,20850,20242.297
2026-04-22,07:45 - 08:00,21050,20321.676
2026-04-22,08:00 - 08:15,21350,20300.92
2026-04-22,08:15 - 08:30,21450,20375.266
2026-04-22,08:30 - 08:45,21450,20129.36
2026-04-22,08:45 - 09:00,21450,20224.287
2026-04-22,09:00 - 09:15,21450,20003.178
2026-04-22,09:15 - 09:30,21400,19975.295
2026-04-22,09:30 - 09:45,21250,19945.799
2026-04-22,09:45 - 10:00,21000,19660.87
2026-04-22,10:00 - 10:15,20800,19503.018
2026-04-22,10:15 - 10:30,20700,19673.824
2026-04-22,10:30 - 10:45,20650,19623.904
2026-04-22,10:45 - 11:00,20700,19630.582
2026-04-22,11:00 - 11:15,20750,19739.908
2026-04-22,11:15 - 11:30,20750,19736.984
2026-04-22,11:30 - 11:45,20750,19676.975
2026-04-22,11:45 - 12:00,20750,19767.637
2026-04-22,12:00 - 12:15,20750,19808.246
2026-04-22,12:15 - 12:30,20750,19387.695
2026-04-22,12:30 - 12:45,20750,19739.012
2026-04-22,12:45 - 13:00,20800,19821.734
2026-04-22,13:00 - 13:15,20850,19507.074
2026-04-22,13:15 - 13:30,20750,19677.799
2026-04-22,13:30 - 13:45,20550,19569.387
2026-04-22,13:45 - 14:00,20250,18721.82
2026-04-22,14:00 - 14:15,20200,19396.895
2026-04-22,14:15 - 14:30,20250,19233.691
2026-04-22,14:30 - 14:45,20350,19171.955
2026-04-22,14:45 - 15:00,20450,19177.111
2026-04-22,15:00 - 15:15,20500,19147.635
2026-04-22,15:15 - 15:30,20500,19284.623
2026-04-22,15:30 - 15:45,20500,19807.121
2026-04-22,15:45 - 16:00,20500,18545.81
2026-04-22,16:00 - 16:15,20550,19119.232
2026-04-22,16:15 - 16:30,20600,19805.777
2026-04-22,16:30 - 16:45,20650,19692.379
2026-04-22,16:45 - 17:00,20650,19849.91
2026-04-22,17:00 - 17:15,20750,19971.262
2026-04-22,17:15 - 17:30,20750,19927.252
2026-04-22,17:30 - 17:45,20700,19986.967
2026-04-22,17:45 - 18:00,20700,20148.012
2026-04-22,18:00 - 18:15,20700,19910.248
2026-04-22,18:15 - 18:30,20900,20374.52
2026-04-22,18:30 - 18:45,21100,20494.45
2026-04-22,18:45 - 19:00,21000,20436.082
2026-04-22,19:00 - 19:15,21050,20290.156
2026-04-22,19:15 - 19:30,21250,20420.91
2026-04-22,19:30 - 19:45,21550,20703.053
2026-04-22,19:45 - 20:00,21750,20669.473
2026-04-22,20:00 - 20:15,21850,20793.262
2026-04-22,20:15 - 20:30,21850,21132.303
2026-04-22,20:30 - 20:45,21750,20962.432
2026-04-22,20:45 - 21:00,21500,20703.33
2026-04-22,21:00 - 21:15,20950,20443.305
2026-04-22,21:15 - 21:30,20500,19728.605
2026-04-22,21:30 - 21:45,19900,19254.44
2026-04-22,21:45 - 22:00,19150,18539.268
2026-04-22,22:00 - 22:15,19000,18292.184
2026-04-22,22:15 - 22:30,18800,18070.443
2026-04-22,22:30 - 22:45,18500,17618.076
2026-04-22,22:45 - 23:00,18150,17154.543
2026-04-22,23:00 - 23:15,17800,16981.908
2026-04-22,23:15 - 23:30,17450,16599.738
2026-04-22,23:30 - 23:45,17100,16324.707
2026-04-22,23:45 - 24:00,16750,15998.98
2026-04-23,00:00 - 00:15,16400,15926.358
2026-04-23,00:15 - 00:30,16150,15788.32
2026-04-23,00:30 - 00:45,15950,15697.952
2026-04-23,00:45 - 01:00,15800,15242.722
2026-04-23,01:00 - 01:15,15650,15136.629
2026-04-23,01:15 - 01:30,15550,15004.412
2026-04-23,01:30 - 01:45,15450,14840.885
2026-04-23,01:45 - 02:00,15350,14934.375
2026-04-23,02:00 - 02:15,15250,14609.687
2026-04-23,02:15 - 02:30,15250,14887.233
2026-04-23,02:30 - 02:45,15250,14643.506
2026-04-23,02:45 - 03:00,15250,14746.425
2026-04-23,03:00 - 03:15,15250,14783.311
2026-04-23,03:15 - 03:30,15250,14811.488
2026-04-23,03:30 - 03:45,15250,14908.538
2026-04-23,03:45 - 04:00,15300,15048.163
2026-04-23,04:00 - 04:15,15400,15160.428
2026-04-23,04:15 - 04:30,15500,15330.048
2026-04-23,04:30 - 04:45,15650,15425.73
2026-04-23,04:45 - 05:00,15700,15482.622
2026-04-23,05:00 - 05:15,15850,15594.094
2026-04-23,05:15 - 05:30,16050,15548.502
2026-04-23,05:30 - 05:45,16350,15894.284
2026-04-23,05:45 - 06:00,16850,16285.874
2026-04-23,06:00 - 06:15,18000,17410.264
2026-04-23,06:15 - 06:30,18650,17845.809
2026-04-23,06:30 - 06:45,19200,18495.406
2026-04-23,06:45 - 07:00,19700,18922.396
2026-04-23,07:00 - 07:15,20100,19360.346
2026-04-23,07:15 - 07:30,20300,19468.025
2026-04-23,07:30 - 07:45,20350,19586.332
2026-04-23,07:45 - 08:00,20450,19970.422
2026-04-23,08:00 - 08:15,20500,19861.094
2026-04-23,08:15 - 08:30,20500,19891.482
2026-04-23,08:30 - 08:45,20500,19560.018
2026-04-23,08:45 - 09:00,20400,19708.158
2026-04-23,09:00 - 09:15,20250,19546.527
2026-04-23,09:15 - 09:30,20100,19393.498
2026-04-23,09:30 - 09:45,19950,19363.967
2026-04-23,09:45 - 10:00,19850,19494.188
2026-04-23,10:00 - 10:15,19900,19397.936
2026-04-23,10:15 - 10:30,20000,19422.826
2026-04-23,10:30 - 10:45,20200,19646.154
2026-04-23,10:45 - 11:00,20250,19594.875
2026-04-23,11:00 - 11:15,20300,19527.41
2026-04-23,11:15 - 11:30,20300,19433.27
2026-04-23,11:30 - 11:45,20300,19202.85
2026-04-23,11:45 - 12:00,20300,19531.65
2026-04-23,12:00 - 12:15,20300,19400.781
2026-04-23,12:15 - 12:30,20300,19309.852
2026-04-23,12:30 - 12:45,20300,19556.22
2026-04-23,12:45 - 13:00,20350,19423.945
2026-04-23,13:00 - 13:15,20400,19355.186
2026-04-23,13:15 - 13:30,20300,19656.797
2026-04-23,13:30 - 13:45,20100,19419.5
2026-04-23,13:45 - 14:00,19700,19213.463
2026-04-23,14:00 - 14:15,19650,19381.627
2026-04-23,14:15 - 14:30,19700,19149.756
2026-04-23,14:30 - 14:45,19800,19689.695
2026-04-23,14:45 - 15:00,19850,19666.104
2026-04-23,15:00 - 15:15,19900,19660.254
2026-04-23,15:15 - 15:30,19950,19612.03
2026-04-23,15:30 - 15:45,20050,19646.467
2026-04-23,15:45 - 16:00,20150,19012.781
2026-04-23,16:00 - 16:15,20200,19928.188
2026-04-23,16:15 - 16:30,20250,19997.543
2026-04-23,16:30 - 16:45,20300,19928.107
2026-04-23,16:45 - 17:00,20300,20053.47
2026-04-23,17:00 - 17:15,20300,20277.094
2026-04-23,17:15 - 17:30,20300,19750.75
2026-04-23,17:30 - 17:45,20350,20226.744
2026-04-23,17:45 - 18:00,20350,20140.012
2026-04-23,18:00 - 18:15,20350,20033.855
2026-04-23,18:15 - 18:30,20450,20084.094
2026-04-23,18:30 - 18:45,20650,20245.902
2026-04-23,18:45 - 19:00,20650,19934.086
2026-04-23,19:00 - 19:15,20700,20167.309
2026-04-23,19:15 - 19:30,20900,20463.568
2026-04-23,19:30 - 19:45,21200,20576.52
2026-04-23,19:45 - 20:00,21400,20471.111
2026-04-23,20:00 - 20:15,21500,21005.516
2026-04-23,20:15 - 20:30,21500,21058.332
2026-04-23,20:30 - 20:45,21400,21094.326
2026-04-23,20:45 - 21:00,21150,20872.451
2026-04-23,21:00 - 21:15,20800,20525.51
2026-04-23,21:15 - 21:30,20350,19911.42
2026-04-23,21:30 - 21:45,19750,19445.645
2026-04-23,21:45 - 22:00,19000,18732.793
2026-04-23,22:00 - 22:15,18750,18726.174
2026-04-23,22:15 - 22:30,18550,18360.111
2026-04-23,22:30 - 22:45,18250,18069.377
2026-04-23,22:45 - 23:00,17900,17561.4
2026-04-23,23:00 - 23:15,17550,17257.24
2026-04-23,23:15 - 23:30,17200,17106.717
2026-04-23,23:30 - 23:45,16850,16755.371
2026-04-23,23:45 - 24:00,16500,16254.99
2026-04-24,00:00 - 00:15,16100,16182.524
2026-04-24,00:15 - 00:30,15850,15939.114
2026-04-24,00:30 - 00:45,15650,15816.757
2026-04-24,00:45 - 01:00,15500,15476.78
2026-04-24,01:00 - 01:15,15400,15483.064
2026-04-24,01:15 - 01:30,15250,15364.382
2026-04-24,01:30 - 01:45,15150,15124.392
2026-04-24,01:45 - 02:00,15100,15020.801
2026-04-24,02:00 - 02:15,15100,15036.608
2026-04-24,02:15 - 02:30,15100,14895.686
2026-04-24,02:30 - 02:45,15100,14960.196
2026-04-24,02:45 - 03:00,15100,15236.18
2026-04-24,03:00 - 03:15,15100,15082.786
2026-04-24,03:15 - 03:30,15100,15235.072
2026-04-24,03:30 - 03:45,15100,15108.13
2026-04-24,03:45 - 04:00,15150,14965.034
2026-04-24,04:00 - 04:15,15300,15448.499
2026-04-24,04:15 - 04:30,15450,15547.744
2026-04-24,04:30 - 04:45,15550,15585.029
2026-04-24,04:45 - 05:00,15650,15681.768
2026-04-24,05:00 - 05:15,15750,15942.616
2026-04-24,05:15 - 05:30,15950,15981.189
2026-04-24,05:30 - 05:45,16200,16103.547
2026-04-24,05:45 - 06:00,16650,16680.852
2026-04-24,06:00 - 06:15,17800,17745.031
2026-04-24,06:15 - 06:30,18600,18363.941
2026-04-24,06:30 - 06:45,19100,18733.568
2026-04-24,06:45 - 07:00,19650,19205.52
2026-04-24,07:00 - 07:15,20050,19759.59
2026-04-24,07:15 - 07:30,20350,19907.44
2026-04-24,07:30 - 07:45,20500,20021.066
2026-04-24,07:45 - 08:00,20500,20407.38
2026-04-24,08:00 - 08:15,20500,19970.062
2026-04-24,08:15 - 08:30,20500,20295.895
2026-04-24,08:30 - 08:45,20500,20237.023
2026-04-24,08:45 - 09:00,20500,20328.273
2026-04-24,09:00 - 09:15,20350,20320.738
2026-04-24,09:15 - 09:30,20200,20376.838
2026-04-24,09:30 - 09:45,20100,20275.818
2026-04-24,09:45 - 10:00,20000,19824.723
2026-04-24,10:00 - 10:15,20000,19770.252
2026-04-24,10:15 - 10:30,20000,19938.805
2026-04-24,10:30 - 10:45,20100,19872.594
2026-04-24,10:45 - 11:00,20250,19980.604
2026-04-24,11:00 - 11:15,20400,20352.09
2026-04-24,11:15 - 11:30,20450,20683.39
2026-04-24,11:30 - 11:45,20450,20719.19
2026-04-24,11:45 - 12:00,20500,20043.951
2026-04-24,12:00 - 12:15,20550,20011.512
2026-04-24,12:15 - 12:30,20600,19737.434
2026-04-24,12:30 - 12:45,20700,19883.844
2026-04-24,12:45 - 13:00,20750,19757.482
2026-04-24,13:00 - 13:15,20750,19973.986
2026-04-24,13:15 - 13:30,20650,20464.547
2026-04-24,13:30 - 13:45,20400,20093.582
2026-04-24,13:45 - 14:00,20000,19173.662
2026-04-24,14:00 - 14:15,20000,19439.094
2026-04-24,14:15 - 14:30,20050,20400.799
2026-04-24,14:30 - 14:45,20150,19692.855
2026-04-24,14:45 - 15:00,20250,20192.424
2026-04-24,15:00 - 15:15,20300,20384.879
2026-04-24,15:15 - 15:30,20300,20421.35
2026-04-24,15:30 - 15:45,20300,20322.754
2026-04-24,15:45 - 16:00,20300,19616.53
2026-04-24,16:00 - 16:15,20400,19292.734
2026-04-24,16:15 - 16:30,20450,20002.238
2026-04-24,16:30 - 16:45,20500,19372.52
2026-04-24,16:45 - 17:00,20500,20199.969
2026-04-24,17:00 - 17:15,20550,19989.217
2026-04-24,17:15 - 17:30,20550,19914.812
2026-04-24,17:30 - 17:45,20550,19735.51
2026-04-24,17:45 - 18:00,20550,20026.217
2026-04-24,18:00 - 18:15,20550,20186.48
2026-04-24,18:15 - 18:30,20550,20178.969
2026-04-24,18:30 - 18:45,20750,20319.549
2026-04-24,18:45 - 19:00,20700,20250.164
2026-04-24,19:00 - 19:15,20750,20396.727
2026-04-24,19:15 - 19:30,20850,20254.842
2026-04-24,19:30 - 19:45,20950,20431.77
2026-04-24,19:45 - 20:00,21150,20537.271
2026-04-24,20:00 - 20:15,21250,20807.055
2026-04-24,20:15 - 20:30,21250,20822.656
2026-04-24,20:30 - 20:45,21200,20666.299
2026-04-24,20:45 - 21:00,20850,20701.88
2026-04-24,21:00 - 21:15,20450,20314.11
2026-04-24,21:15 - 21:30,19950,19960.615
2026-04-24,21:30 - 21:45,19500,19178.473
2026-04-24,21:45 - 22:00,18750,18639.025
2026-04-24,22:00 - 22:15,18550,18500.031
2026-04-24,22:15 - 22:30,18300,18274.943
2026-04-24,22:30 - 22:45,18000,17771.38
2026-04-24,22:45 - 23:00,17650,17469.533
2026-04-24,23:00 - 23:15,17250,17064.844
2026-04-24,23:15 - 23:30,16900,16773.678
2026-04-24,23:30 - 23:45,16500,16507.992
2026-04-24,23:45 - 24:00,16200,16137.772
2026-04-25,00:00 - 00:15,16000,16005.1
2026-04-25,00:15 - 00:30,15800,15781.738
2026-04-25,00:30 - 00:45,15600,15630.977
2026-04-25,00:45 - 01:00,15450,15208.238
2026-04-25,01:00 - 01:15,15300,15171.267
2026-04-25,01:15 - 01:30,15100,15153.145
2026-04-25,01:30 - 01:45,15000,14952.987
2026-04-25,01:45 - 02:00,14950,14836.0
2026-04-25,02:00 - 02:15,14900,14757.481
2026-04-25,02:15 - 02:30,14850,14714.982
2026-04-25,02:30 - 02:45,14850,14679.297
2026-04-25,02:45 - 03:00,14850,14611.326
2026-04-25,03:00 - 03:15,14850,14767.868
2026-04-25,03:15 - 03:30,14850,14794.037
2026-04-25,03:30 - 03:45,14850,14359.434
2026-04-25,03:45 - 04:00,14850,14572.995
2026-04-25,04:00 - 04:15,14950,14564.003
2026-04-25,04:15 - 04:30,15000,14552.706
2026-04-25,04:30 - 04:45,15050,14490.853
2026-04-25,04:45 - 05:00,15050,14509.289
2026-04-25,05:00 - 05:15,15000,14414.917
2026-04-25,05:15 - 05:30,14950,14145.561
2026-04-25,05:30 - 05:45,14850,14289.004
2026-04-25,05:45 - 06:00,14900,14284.504
2026-04-25,06:00 - 06:15,15300,14728.186
2026-04-25,06:15 - 06:30,15700,15035.141
2026-04-25,06:30 - 06:45,16000,15224.403
2026-04-25,06:45 - 07:00,16300,15559.525
2026-04-25,07:00 - 07:15,16600,15789.676
2026-04-25,07:15 - 07:30,16850,16135.802
2026-04-25,07:30 - 07:45,17050,16154.028
2026-04-25,07:45 - 08:00,17250,16556.604
2026-04-25,08:00 - 08:15,17500,16988.113
2026-04-25,08:15 - 08:30,17700,17412.148
2026-04-25,08:30 - 08:45,17800,17576.512
2026-04-25,08:45 - 09:00,17800,17370.426
2026-04-25,09:00 - 09:15,17800,18107.209
2026-04-25,09:15 - 09:30,17800,18169.469
2026-04-25,09:30 - 09:45,17800,17825.621
2026-04-25,09:45 - 10:00,17800,18273.65
2026-04-25,10:00 - 10:15,17800,17727.82
2026-04-25,10:15 - 10:30,17800,17521.49
2026-04-25,10:30 - 10:45,17800,17813.896
2026-04-25,10:45 - 11:00,17800,18097.426
2026-04-25,11:00 - 11:15,17800,17397.62
2026-04-25,11:15 - 11:30,17800,17319.47
2026-04-25,11:30 - 11:45,17800,17611.303
2026-04-25,11:45 - 12:00,17800,17602.027
2026-04-25,12:00 - 12:15,17800,17608.434
2026-04-25,12:15 - 12:30,17800,17940.17
2026-04-25,12:30 - 12:45,17800,17235.895
2026-04-25,12:45 - 13:00,17800,17592.094
2026-04-25,13:00 - 13:15,17750,17759.662
2026-04-25,13:15 - 13:30,17700,16888.309
2026-04-25,13:30 - 13:45,17650,17051.715
2026-04-25,13:45 - 14:00,17600,17079.066
2026-04-25,14:00 - 14:15,17550,16641.32
2026-04-25,14:15 - 14:30,17400,16691.941
2026-04-25,14:30 - 14:45,17300,16560.258
2026-04-25,14:45 - 15:00,17150,16391.678
2026-04-25,15:00 - 15:15,17000,16114.229
2026-04-25,15:15 - 15:30,16950,16269.979
2026-04-25,15:30 - 15:45,16900,16153.808
2026-04-25,15:45 - 16:00,16800,16049.987
2026-04-25,16:00 - 16:15,16800,16512.225
2026-04-25,16:15 - 16:30,16800,16501.852
2026-04-25,16:30 - 16:45,16800,16864.15
2026-04-25,16:45 - 17:00,16800,16716.701
2026-04-25,17:00 - 17:15,16900,17042.414
2026-04-25,17:15 - 17:30,16950,17292.479
2026-04-25,17:30 - 17:45,17050,17556.535
2026-04-25,17:45 - 18:00,17150,17615.06
2026-04-25,18:00 - 18:15,17300,17464.146
2026-04-25,18:15 - 18:30,17350,17907.098
2026-04-25,18:30 - 18:45,17400,17987.387
2026-04-25,18:45 - 19:00,17450,17710.674
2026-04-25,19:00 - 19:15,17550,17673.16
2026-04-25,19:15 - 19:30,17650,17534.113
2026-04-25,19:30 - 19:45,17850,17684.984
2026-04-25,19:45 - 20:00,18100,17794.43
2026-04-25,20:00 - 20:15,18400,17745.564
2026-04-25,20:15 - 20:30,18400,18113.637
2026-04-25,20:30 - 20:45,18350,17996.545
2026-04-25,20:45 - 21:00,18150,17803.455
2026-04-25,21:00 - 21:15,17900,17528.377
2026-04-25,21:15 - 21:30,17600,17346.756
2026-04-25,21:30 - 21:45,17200,16837.303
2026-04-25,21:45 - 22:00,16900,16465.195
2026-04-25,22:00 - 22:15,16600,16120.604
2026-04-25,22:15 - 22:30,16350,15917.488
2026-04-25,22:30 - 22:45,16050,15600.401
2026-04-25,22:45 - 23:00,15650,15245.721
2026-04-25,23:00 - 23:15,15400,15161.678
2026-04-25,23:15 - 23:30,15050,14905.076
2026-04-25,23:30 - 23:45,14800,14651.168
2026-04-25,23:45 - 24:00,14550,14197.361
2026-04-26,00:00 - 00:15,14400,14240.841
2026-04-26,00:15 - 00:30,14250,13992.112
2026-04-26,00:30 - 00:45,14150,13722.559
2026-04-26,00:45 - 01:00,14000,13838.855
2026-04-26,01:00 - 01:15,13850,13583.885
2026-04-26,01:15 - 01:30,13700,13408.772
2026-04-26,01:30 - 01:45,13600,13366.911
2026-04-26,01:45 - 02:00,13450,13103.585
2026-04-26,02:00 - 02:15,13350,13024.034
2026-04-26,02:15 - 02:30,13300,12952.497
2026-04-26,02:30 - 02:45,13300,12948.546
2026-04-26,02:45 - 03:00,13300,12948.767
2026-04-26,03:00 - 03:15,13300,12923.536
2026-04-26,03:15 - 03:30,13300,12845.716
2026-04-26,03:30 - 03:45,13300,12933.344
2026-04-26,03:45 - 04:00,13300,13015.442
2026-04-26,04:00 - 04:15,13300,13058.442
2026-04-26,04:15 - 04:30,13300,12910.089
2026-04-26,04:30 - 04:45,13300,13057.494
2026-04-26,04:45 - 05:00,13300,13027.276
2026-04-26,05:00 - 05:15,13300,12989.102
2026-04-26,05:15 - 05:30,13300,12750.725
2026-04-26,05:30 - 05:45,13350,12781.865
2026-04-26,05:45 - 06:00,13400,12889.523
2026-04-26,06:00 - 06:15,13550,13085.453
2026-04-26,06:15 - 06:30,13750,12994.304
2026-04-26,06:30 - 06:45,14000,13240.774
2026-04-26,06:45 - 07:00,14250,13635.161
2026-04-26,07:00 - 07:15,14500,13861.39
2026-04-26,07:15 - 07:30,14750,14204.286
2026-04-26,07:30 - 07:45,14950,14421.467
2026-04-26,07:45 - 08:00,15250,15014.736
2026-04-26,08:00 - 08:15,15400,15315.099
2026-04-26,08:15 - 08:30,15550,15361.221
2026-04-26,08:30 - 08:45,15750,15526.29
2026-04-26,08:45 - 09:00,15950,16495.36
2026-04-26,09:00 - 09:15,16150,16481.678
2026-04-26,09:15 - 09:30,16250,16941.373
2026-04-26,09:30 - 09:45,16350,15880.114
2026-04-26,09:45 - 10:00,16400,16695.123
2026-04-26,10:00 - 10:15,16450,15894.48
2026-04-26,10:15 - 10:30,16500,17441.088
2026-04-26,10:30 - 10:45,16550,16458.107
2026-04-26,10:45 - 11:00,16600,17120.984
2026-04-26,11:00 - 11:15,16600,16828.264
2026-04-26,11:15 - 11:30,16600,17432.143
2026-04-26,11:30 - 11:45,16600,16360.214
2026-04-26,11:45 - 12:00,16600,16651.59
2026-04-26,12:00 - 12:15,16600,17895.422
2026-04-26,12:15 - 12:30,16600,15780.035
2026-04-26,12:30 - 12:45,16600,16521.594
2026-04-26,12:45 - 13:00,16600,16759.332
2026-04-26,13:00 - 13:15,16600,17359.242
2026-04-26,13:15 - 13:30,16600,16314.967
2026-04-26,13:30 - 13:45,16600,16353.47
2026-04-26,13:45 - 14:00,16600,16195.616
2026-04-26,14:00 - 14:15,16600,15979.254
2026-04-26,14:15 - 14:30,16600,16890.137
2026-04-26,14:30 - 14:45,16600,16662.676
2026-04-26,14:45 - 15:00,16600,16169.026
2026-04-26,15:00 - 15:15,16600,16226.62
2026-04-26,15:15 - 15:30,16600,15995.063
2026-04-26,15:30 - 15:45,16600,16368.781
2026-04-26,15:45 - 16:00,16600,15777.499
2026-04-26,16:00 - 16:15,16600,16046.181
2026-04-26,16:15 - 16:30,16600,16339.211
2026-04-26,16:30 - 16:45,16600,16376.9
2026-04-26,16:45 - 17:00,16600,16408.705
2026-04-26,17:00 - 17:15,16600,16362.193
2026-04-26,17:15 - 17:30,16600,16401.102
2026-04-26,17:30 - 17:45,16650,16488.984
2026-04-26,17:45 - 18:00,16750,16347.528
2026-04-26,18:00 - 18:15,16850,16925.215
2026-04-26,18:15 - 18:30,17000,16871.732
2026-04-26,18:30 - 18:45,17100,16892.273
2026-04-26,18:45 - 19:00,17150,17048.242
2026-04-26,19:00 - 19:15,17250,16985.793
2026-04-26,19:15 - 19:30,17350,16869.953
2026-04-26,19:30 - 19:45,17450,16980.834
2026-04-26,19:45 - 20:00,17600,17171.963
2026-04-26,20:00 - 20:15,17650,17376.84
2026-04-26,20:15 - 20:30,17650,17474.252
2026-04-26,20:30 - 20:45,17650,17759.777
2026-04-26,20:45 - 21:00,17550,17619.36
2026-04-26,21:00 - 21:15,17350,17390.713
2026-04-26,21:15 - 21:30,17100,17145.014
2026-04-26,21:30 - 21:45,16800,16890.783
2026-04-26,21:45 - 22:00,16550,16687.312
2026-04-26,22:00 - 22:15,16250,16512.25
2026-04-26,22:15 - 22:30,16050,16326.364
2026-04-26,22:30 - 22:45,15850,16014.856
2026-04-26,22:45 - 23:00,15550,15673.16
2026-04-26,23:00 - 23:15,15250,15443.352
2026-04-26,23:15 - 23:30,15050,15287.255
2026-04-26,23:30 - 23:45,14800,14835.903
2026-04-26,23:45 - 24:00,14550,14727.192
2026-04-27,00:00 - 00:15,14150,14457.095
2026-04-27,00:15 - 00:30,14000,14390.557
2026-04-27,00:30 - 00:45,13800,14471.546
2026-04-27,00:45 - 01:00,13650,14104.043
2026-04-27,01:00 - 01:15,13550,14154.419
2026-04-27,01:15 - 01:30,13500,14116.511
2026-04-27,01:30 - 01:45,13400,14120.234
2026-04-27,01:45 - 02:00,13400,13937.824
2026-04-27,02:00 - 02:15,13400,13959.843
2026-04-27,02:15 - 02:30,13400,13957.368
2026-04-27,02:30 - 02:45,13400,13701.063
2026-04-27,02:45 - 03:00,13400,13950.277
2026-04-27,03:00 - 03:15,13400,14029.595
2026-04-27,03:15 - 03:30,13400,13767.984
2026-04-27,03:30 - 03:45,13400,13778.66
2026-04-27,03:45 - 04:00,13500,14038.626
2026-04-27,04:00 - 04:15,13650,14150.107
2026-04-27,04:15 - 04:30,13800,14169.741
2026-04-27,04:30 - 04:45,14050,14447.121
2026-04-27,04:45 - 05:00,14200,14533.962
2026-04-27,05:00 - 05:15,14400,14728.04
2026-04-27,05:15 - 05:30,14750,15066.078
2026-04-27,05:30 - 05:45,15150,15419.667
2026-04-27,05:45 - 06:00,15750,15957.95
2026-04-27,06:00 - 06:15,16900,17192.098
2026-04-27,06:15 - 06:30,17550,18016.55
2026-04-27,06:30 - 06:45,18200,18528.988
2026-04-27,06:45 - 07:00,18800,19181.322
2026-04-27,07:00 - 07:15,19300,19693.838
2026-04-27,07:15 - 07:30,19750,20143.14
2026-04-27,07:30 - 07:45,20100,20009.28
2026-04-27,07:45 - 08:00,20550,20194.996
2026-04-27,08:00 - 08:15,20850,19957.94
2026-04-27,08:15 - 08:30,20950,19859.19
2026-04-27,08:30 - 08:45,21000,19744.734
2026-04-27,08:45 - 09:00,21050,19846.895
2026-04-27,09:00 - 09:15,21050,18464.13
2026-04-27,09:15 - 09:30,21050,19495.307
2026-04-27,09:30 - 09:45,20900,19297.2
2026-04-27,09:45 - 10:00,20650,19433.486
2026-04-27,10:00 - 10:15,20350,19202.324
2026-04-27,10:15 - 10:30,20300,19490.936
2026-04-27,10:30 - 10:45,20250,19277.225
2026-04-27,10:45 - 11:00,20150,19616.926
2026-04-27,11:00 - 11:15,20150,19994.203
2026-04-27,11:15 - 11:30,20150,20073.357
2026-04-27,11:30 - 11:45,20150,19928.393
2026-04-27,11:45 - 12:00,20150,20088.598
2026-04-27,12:00 - 12:15,20150,20187.928
2026-04-27,12:15 - 12:30,20150,20104.133
2026-04-27,12:30 - 12:45,20150,20096.008
2026-04-27,12:45 - 13:00,20150,20224.45
2026-04-27,13:00 - 13:15,20150,20298.264
2026-04-27,13:15 - 13:30,20150,20128.287
2026-04-27,13:30 - 13:45,20050,19597.021
2026-04-27,13:45 - 14:00,19700,19673.715
2026-04-27,14:00 - 14:15,19750,19804.504
2026-04-27,14:15 - 14:30,19800,19940.4
2026-04-27,14:30 - 14:45,19800,18888.574
2026-04-27,14:45 - 15:00,19800,19751.242
2026-04-27,15:00 - 15:15,19850,19604.807
2026-04-27,15:15 - 15:30,19950,19421.29
2026-04-27,15:30 - 15:45,19950,19782.273
2026-04-27,15:45 - 16:00,19950,19426.74
2026-04-27,16:00 - 16:15,20000,19262.842
2026-04-27,16:15 - 16:30,20100,19251.592
2026-04-27,16:30 - 16:45,20200,19639.635
2026-04-27,16:45 - 17:00,20200,19753.4
2026-04-27,17:00 - 17:15,20200,19882.236
2026-04-27,17:15 - 17:30,20200,19748.764
2026-04-27,17:30 - 17:45,20200,20145.533
2026-04-27,17:45 - 18:00,20250,19811.922
2026-04-27,18:00 - 18:15,20300,20022.627
2026-04-27,18:15 - 18:30,20400,20391.729
2026-04-27,18:30 - 18:45,20600,20320.53
2026-04-27,18:45 - 19:00,20550,20361.072
2026-04-27,19:00 - 19:15,20600,20446.28
2026-04-27,19:15 - 19:30,20700,20672.107
2026-04-27,19:30 - 19:45,20800,20769.73
2026-04-27,19:45 - 20:00,20950,20904.484
2026-04-27,20:00 - 20:15,21150,21204.822
2026-04-27,20:15 - 20:30,21350,21147.777
2026-04-27,20:30 - 20:45,21300,21203.482
2026-04-27,20:45 - 21:00,21050,20919.535
2026-04-27,21:00 - 21:15,20700,20585.78
2026-04-27,21:15 - 21:30,20100,20090.705
2026-04-27,21:30 - 21:45,19600,19485.902
2026-04-27,21:45 - 22:00,18950,18828.969
2026-04-27,22:00 - 22:15,18750,18848.258
2026-04-27,22:15 - 22:30,18400,18511.506
2026-04-27,22:30 - 22:45,18100,18032.824
2026-04-27,22:45 - 23:00,17800,17639.512
2026-04-27,23:00 - 23:15,17450,17293.107
2026-04-27,23:15 - 23:30,17050,16936.854
2026-04-27,23:30 - 23:45,16750,16733.656
2026-04-27,23:45 - 24:00,16400,16409.014
2026-04-28,00:00 - 00:15,16200,16322.091
2026-04-28,00:15 - 00:30,16050,15964.814
2026-04-28,00:30 - 00:45,15900,15854.822
2026-04-28,00:45 - 01:00,15750,15774.922
2026-04-28,01:00 - 01:15,15600,15683.642
2026-04-28,01:15 - 01:30,15500,15658.752
2026-04-28,01:30 - 01:45,15400,15583.031
2026-04-28,01:45 - 02:00,15350,15317.579
2026-04-28,02:00 - 02:15,15350,15266.566
2026-04-28,02:15 - 02:30,15350,15308.543
2026-04-28,02:30 - 02:45,15350,15308.391
2026-04-28,02:45 - 03:00,15350,15421.371
2026-04-28,03:00 - 03:15,15350,15493.497
2026-04-28,03:15 - 03:30,15350,15546.325
2026-04-28,03:30 - 03:45,15350,15703.744
2026-04-28,03:45 - 04:00,15450,15747.507
2026-04-28,04:00 - 04:15,15600,16005.376
2026-04-28,04:15 - 04:30,15700,16109.654
2026-04-28,04:30 - 04:45,15850,16151.69
2026-04-28,04:45 - 05:00,15900,16307.93
2026-04-28,05:00 - 05:15,16000,16487.988
2026-04-28,05:15 - 05:30,16200,16558.84
2026-04-28,05:30 - 05:45,16450,16844.87
2026-04-28,05:45 - 06:00,17000,17249.463
2026-04-28,06:00 - 06:15,18000,18512.205
2026-04-28,06:15 - 06:30,18700,19199.037
2026-04-28,06:30 - 06:45,19250,19594.941
2026-04-28,06:45 - 07:00,19700,20197.064
2026-04-28,07:00 - 07:15,20100,20636.938
2026-04-28,07:15 - 07:30,20250,20986.912
2026-04-28,07:30 - 07:45,20300,20643.592
2026-04-28,07:45 - 08:00,20350,20659.45
2026-04-28,08:00 - 08:15,20350,20775.742
2026-04-28,08:15 - 08:30,20350,20466.322
2026-04-28,08:30 - 08:45,20350,20409.268
2026-04-28,08:45 - 09:00,20300,20229.703
2026-04-28,09:00 - 09:15,20150,20175.143
2026-04-28,09:15 - 09:30,20000,20138.262
2026-04-28,09:30 - 09:45,19900,18480.162
2026-04-28,09:45 - 10:00,19850,19695.387
2026-04-28,10:00 - 10:15,19850,19542.268
2026-04-28,10:15 - 10:30,19850,19630.715
2026-04-28,10:30 - 10:45,19850,19775.812
2026-04-28,10:45 - 11:00,19850,20035.098
2026-04-28,11:00 - 11:15,19850,20115.482
2026-04-28,11:15 - 11:30,19850,20096.285
2026-04-28,11:30 - 11:45,19850,20248.094
2026-04-28,11:45 - 12:00,19850,20491.693
2026-04-28,12:00 - 12:15,19900,20578.152
2026-04-28,12:15 - 12:30,19900,20315.107
2026-04-28,12:30 - 12:45,19900,20326.283
2026-04-28,12:45 - 13:00,19900,20724.879
2026-04-28,13:00 - 13:15,19900,20217.771
2026-04-28,13:15 - 13:30,19850,20070.88
2026-04-28,13:30 - 13:45,19700,20177.068
2026-04-28,13:45 - 14:00,19300,19173.146
2026-04-28,14:00 - 14:15,19500,19952.17
2026-04-28,14:15 - 14:30,19550,19372.828
2026-04-28,14:30 - 14:45,19550,19528.945
2026-04-28,14:45 - 15:00,19550,19370.318
2026-04-28,15:00 - 15:15,19600,19197.295
2026-04-28,15:15 - 15:30,19600,19574.541
2026-04-28,15:30 - 15:45,19700,19740.473
2026-04-28,15:45 - 16:00,19850,19277.734
2026-04-28,16:00 - 16:15,19900,18762.703
2026-04-28,16:15 - 16:30,20000,18981.271
2026-04-28,16:30 - 16:45,20000,19376.932
2026-04-28,16:45 - 17:00,20100,19833.172
2026-04-28,17:00 - 17:15,20150,19771.133
2026-04-28,17:15 - 17:30,20200,20106.54
2026-04-28,17:30 - 17:45,20300,20273.05
2026-04-28,17:45 - 18:00,20300,20009.957
2026-04-28,18:00 - 18:15,20250,19975.357
2026-04-28,18:15 - 18:30,20300,20427.926
2026-04-28,18:30 - 18:45,20400,20565.78
2026-04-28,18:45 - 19:00,20350,20342.426
2026-04-28,19:00 - 19:15,20450,20428.117
2026-04-28,19:15 - 19:30,20550,20716.393
2026-04-28,19:30 - 19:45,20650,20911.715
2026-04-28,19:45 - 20:00,20750,21023.771
2026-04-28,20:00 - 20:15,21000,21077.62
2026-04-28,20:15 - 20:30,21150,21400.45
2026-04-28,20:30 - 20:45,21150,21314.629
2026-04-28,20:45 - 21:00,21000,21269.377
2026-04-28,21:00 - 21:15,20650,20764.896
2026-04-28,21:15 - 21:30,20150,20354.574
2026-04-28,21:30 - 21:45,19550,19812.975
2026-04-28,21:45 - 22:00,18850,19115.723
2026-04-28,22:00 - 22:15,18650,18963.807
2026-04-28,22:15 - 22:30,18400,18686.514
2026-04-28,22:30 - 22:45,18150,18365.299
2026-04-28,22:45 - 23:00,17800,18012.707
2026-04-28,23:00 - 23:15,17400,17489.111
2026-04-28,23:15 - 23:30,17050,17296.492
2026-04-28,23:30 - 23:45,16700,17020.35
2026-04-28,23:45 - 24:00,16400,16699.373
2026-04-29,00:00 - 00:15,16250,16477.29
2026-04-29,00:15 - 00:30,16100,16262.901
2026-04-29,00:30 - 00:45,15950,16067.717
2026-04-29,00:45 - 01:00,15800,15874.385
2026-04-29,01:00 - 01:15,15650,15638.193
2026-04-29,01:15 - 01:30,15550,15752.71
2026-04-29,01:30 - 01:45,15450,15607.796
2026-04-29,01:45 - 02:00,15400,15559.322
2026-04-29,02:00 - 02:15,15400,15420.463
2026-04-29,02:15 - 02:30,15400,15561.661
2026-04-29,02:30 - 02:45,15400,15470.068
2026-04-29,02:45 - 03:00,15400,15403.704
2026-04-29,03:00 - 03:15,15450,15619.835
2026-04-29,03:15 - 03:30,15500,15580.63
2026-04-29,03:30 - 03:45,15600,15760.145
2026-04-29,03:45 - 04:00,15700,15712.156
2026-04-29,04:00 - 04:15,15850,15876.262
2026-04-29,04:15 - 04:30,15950,15988.649
2026-04-29,04:30 - 04:45,16100,16032.245
2026-04-29,04:45 - 05:00,16250,16168.509
2026-04-29,05:00 - 05:15,16350,16241.998
2026-04-29,05:15 - 05:30,16550,16581.385
2026-04-29,05:30 - 05:45,16800,16754.336
2026-04-29,05:45 - 06:00,17350,17492.37
2026-04-29,06:00 - 06:15,18300,18524.6
2026-04-29,06:15 - 06:30,18900,19260.059
2026-04-29,06:30 - 06:45,19450,19775.09
2026-04-29,06:45 - 07:00,19900,20282.096
2026-04-29,07:00 - 07:15,20250,20609.057
2026-04-29,07:15 - 07:30,20550,20932.514
2026-04-29,07:30 - 07:45,20600,20706.207
2026-04-29,07:45 - 08:00,20650,20751.559
2026-04-29,08:00 - 08:15,20650,20787.963
2026-04-29,08:15 - 08:30,20650,20646.781
2026-04-29,08:30 - 08:45,20500,20343.092
2026-04-29,08:45 - 09:00,20450,20198.922
2026-04-29,09:00 - 09:15,20250,20390.973
2026-04-29,09:15 - 09:30,20150,20669.982
2026-04-29,09:30 - 09:45,20000,20554.018
2026-04-29,09:45 - 10:00,19900,20531.629
2026-04-29,10:00 - 10:15,19800,20867.79
2026-04-29,10:15 - 10:30,19950,20976.137
2026-04-29,10:30 - 10:45,20000,21152.912
2026-04-29,10:45 - 11:00,20100,21362.498
2026-04-29,11:00 - 11:15,20200,21036.041
2026-04-29,11:15 - 11:30,20200,21413.172
2026-04-29,11:30 - 11:45,20200,20464.596
2026-04-29,11:45 - 12:00,20200,20891.482
2026-04-29,12:00 - 12:15,20250,20686.74
2026-04-29,12:15 - 12:30,20250,20661.064
2026-04-29,12:30 - 12:45,20250,20256.41
2026-04-29,12:45 - 13:00,20350,20655.477
2026-04-29,13:00 - 13:15,20400,20310.842
2026-04-29,13:15 - 13:30,20250,20561.002
2026-04-29,13:30 - 13:45,19800,20013.57
2026-04-29,13:45 - 14:00,19400,20377.973
2026-04-29,14:00 - 14:15,19600,20163.418
2026-04-29,14:15 - 14:30,19850,20700.164
2026-04-29,14:30 - 14:45,19750,20214.244
2026-04-29,14:45 - 15:00,19650,19434.293
2026-04-29,15:00 - 15:15,19700,20494.002
2026-04-29,15:15 - 15:30,19700,20751.47
2026-04-29,15:30 - 15:45,19800,20473.115
2026-04-29,15:45 - 16:00,19950,20859.932
2026-04-29,16:00 - 16:15,20000,20771.164
2026-04-29,16:15 - 16:30,20100,20384.395
2026-04-29,16:30 - 16:45,20100,20458.812
2026-04-29,16:45 - 17:00,20200,20333.004
2026-04-29,17:00 - 17:15,20250,20757.787
2026-04-29,17:15 - 17:30,20300,20074.457
2026-04-29,17:30 - 17:45,20400,20480.207
2026-04-29,17:45 - 18:00,20400,20611.21
2026-04-29,18:00 - 18:15,20350,20915.18
2026-04-29,18:15 - 18:30,20400,21004.752
2026-04-29,18:30 - 18:45,20600,21159.523
2026-04-29,18:45 - 19:00,20550,21091.504
2026-04-29,19:00 - 19:15,20650,21017.312
2026-04-29,19:15 - 19:30,20750,21065.65
2026-04-29,19:30 - 19:45,20850,21204.26
2026-04-29,19:45 - 20:00,20950,21328.771
2026-04-29,20:00 - 20:15,21200,21752.928
2026-04-29,20:15 - 20:30,21350,21669.627
2026-04-29,20:30 - 20:45,21350,21750.098
2026-04-29,20:45 - 21:00,21100,21778.607
2026-04-29,21:00 - 21:15,20750,21441.56
2026-04-29,21:15 - 21:30,20250,20969.775
2026-04-29,21:30 - 21:45,19650,20312.871
2026-04-29,21:45 - 22:00,18950,19826.633
2026-04-29,22:00 - 22:15,18750,19806.248
2026-04-29,22:15 - 22:30,18500,19299.83
2026-04-29,22:30 - 22:45,18250,19088.71
2026-04-29,22:45 - 23:00,17900,18757.95
2026-04-29,23:00 - 23:15,17500,18395.623
2026-04-29,23:15 - 23:30,17150,17965.04
2026-04-29,23:30 - 23:45,16800,17709.37
2026-04-29,23:45 - 24:00,16400,17388.467
2026-04-30,00:00 - 00:15,16250,17182.998
2026-04-30,00:15 - 00:30,16100,16960.182
2026-04-30,00:30 - 00:45,15950,16828.178
2026-04-30,00:45 - 01:00,15800,16501.344
2026-04-30,01:00 - 01:15,15650,16510.328
2026-04-30,01:15 - 01:30,15600,16335.246
2026-04-30,01:30 - 01:45,15500,16312.344
2026-04-30,01:45 - 02:00,15450,16087.212
2026-04-30,02:00 - 02:15,15450,16047.537
2026-04-30,02:15 - 02:30,15450,15804.456
2026-04-30,02:30 - 02:45,15450,16074.2
2026-04-30,02:45 - 03:00,15550,16094.396
2026-04-30,03:00 - 03:15,15600,16110.298
2026-04-30,03:15 - 03:30,15700,16101.506
2026-04-30,03:30 - 03:45,15800,16114.62
2026-04-30,03:45 - 04:00,15900,16198.863
2026-04-30,04:00 - 04:15,16000,16492.229
2026-04-30,04:15 - 04:30,16100,16476.281
2026-04-30,04:30 - 04:45,16200,16609.727
2026-04-30,04:45 - 05:00,16300,16566.844
2026-04-30,05:00 - 05:15,16450,16646.725
2026-04-30,05:15 - 05:30,16600,16768.826
2026-04-30,05:30 - 05:45,16850,16834.604
2026-04-30,05:45 - 06:00,17300,17446.994
2026-04-30,06:00 - 06:15,18350,18385.662
2026-04-30,06:15 - 06:30,19000,19005.57
2026-04-30,06:30 - 06:45,19550,19462.555
2026-04-30,06:45 - 07:00,20100,19951.281
2026-04-30,07:00 - 07:15,20550,20378.164
2026-04-30,07:15 - 07:30,20800,20393.537
2026-04-30,07:30 - 07:45,20800,20317.65
2026-04-30,07:45 - 08:00,20800,20348.078
2026-04-30,08:00 - 08:15,20800,20230.756
2026-04-30,08:15 - 08:30,20700,20201.16
2026-04-30,08:30 - 08:45,20550,20169.307
2026-04-30,08:45 - 09:00,20350,20034.28
2026-04-30,09:00 - 09:15,20250,19892.898
2026-04-30,09:15 - 09:30,20150,19723.697
2026-04-30,09:30 - 09:45,20050,19529.406
2026-04-30,09:45 - 10:00,19950,19448.295
2026-04-30,10:00 - 10:15,19950,19374.406
2026-04-30,10:15 - 10:30,19950,18735.615
2026-04-30,10:30 - 10:45,19950,19905.238
2026-04-30,10:45 - 11:00,19950,20098.67
2026-04-30,11:00 - 11:15,19950,19967.965
2026-04-30,11:15 - 11:30,19950,19760.305
2026-04-30,11:30 - 11:45,19950,19954.99
2026-04-30,11:45 - 12:00,19950,19968.342
2026-04-30,12:00 - 12:15,19950,19628.031
2026-04-30,12:15 - 12:30,19950,19986.54
2026-04-30,12:30 - 12:45,19950,19966.041
2026-04-30,12:45 - 13:00,19950,20272.117
2026-04-30,13:00 - 13:15,19950,19711.992
2026-04-30,13:15 - 13:30,19950,20324.871
2026-04-30,13:30 - 13:45,19750,19861.746
2026-04-30,13:45 - 14:00,19400,19391.87
2026-04-30,14:00 - 14:15,19600,19956.566
2026-04-30,14:15 - 14:30,19650,19473.592
2026-04-30,14:30 - 14:45,19650,19517.549
2026-04-30,14:45 - 15:00,19650,19397.621
2026-04-30,15:00 - 15:15,19650,19795.373
2026-04-30,15:15 - 15:30,19650,19469.818
2026-04-30,15:30 - 15:45,19650,19559.633
2026-04-30,15:45 - 16:00,19650,18999.56
2026-04-30,16:00 - 16:15,19700,19470.643
2026-04-30,16:15 - 16:30,19750,19357.88
2026-04-30,16:30 - 16:45,19800,19620.908
2026-04-30,16:45 - 17:00,19850,19452.967
2026-04-30,17:00 - 17:15,19900,19632.33
2026-04-30,17:15 - 17:30,19950,20065.85
2026-04-30,17:30 - 17:45,20000,20350.332
2026-04-30,17:45 - 18:00,19950,19807.7
2026-04-30,18:00 - 18:15,19950,19577.059
2026-04-30,18:15 - 18:30,20050,20200.457
2026-04-30,18:30 - 18:45,20250,19966.182
2026-04-30,18:45 - 19:00,20300,19827.0
2026-04-30,19:00 - 19:15,20350,19976.396
2026-04-30,19:15 - 19:30,20450,19799.385
2026-04-30,19:30 - 19:45,20500,20183.742
2026-04-30,19:45 - 20:00,20550,20238.2
2026-04-30,20:00 - 20:15,20800,20227.736
2026-04-30,20:15 - 20:30,20950,20422.748
2026-04-30,20:30 - 20:45,20950,20421.102
2026-04-30,20:45 - 21:00,20750,20396.027
2026-04-30,21:00 - 21:15,20400,19773.72
2026-04-30,21:15 - 21:30,19950,19516.07
2026-04-30,21:30 - 21:45,19350,18925.734
2026-04-30,21:45 - 22:00,18650,18349.408
2026-04-30,22:00 - 22:15,18500,18017.42
2026-04-30,22:15 - 22:30,18300,17916.87
2026-04-30,22:30 - 22:45,17850,17395.996
2026-04-30,22:45 - 23:00,17500,17023.309
2026-04-30,23:00 - 23:15,17150,16734.562
2026-04-30,23:15 - 23:30,16800,16272.165
2026-04-30,23:30 - 23:45,16450,16030.741
2026-04-30,23:45 - 24:00,16100,15610.07
2026-05-01,00:00 - 00:15,14900,15284.29
2026-05-01,00:15 - 00:30,14650,15009.56
2026-05-01,00:30 - 00:45,14400,15004.395
2026-05-01,00:45 - 01:00,14250,14807.301
2026-05-01,01:00 - 01:15,14100,14618.599
2026-05-01,01:15 - 01:30,13950,14475.555
2026-05-01,01:30 - 01:45,13800,14258.143
2026-05-01,01:45 - 02:00,13650,14254.217
2026-05-01,02:00 - 02:15,13450,14117.061
2026-05-01,02:15 - 02:30,13350,14167.376
2026-05-01,02:30 - 02:45,13250,14113.162
2026-05-01,02:45 - 03:00,13200,14097.949
2026-05-01,03:00 - 03:15,13150,14023.176
2026-05-01,03:15 - 03:30,13150,14058.471
2026-05-01,03:30 - 03:45,13150,14082.413
2026-05-01,03:45 - 04:00,13150,13945.095
2026-05-01,04:00 - 04:15,13150,13982.582
2026-05-01,04:15 - 04:30,13050,13900.62
2026-05-01,04:30 - 04:45,12900,13775.868
2026-05-01,04:45 - 05:00,12600,13644.123
2026-05-01,05:00 - 05:15,12500,13457.565
2026-05-01,05:15 - 05:30,12400,13274.89
2026-05-01,05:30 - 05:45,12300,12959.479
2026-05-01,05:45 - 06:00,12300,12926.413
2026-05-01,06:00 - 06:15,12400,13253.497
2026-05-01,06:15 - 06:30,12500,13328.657
2026-05-01,06:30 - 06:45,12600,13790.473
2026-05-01,06:45 - 07:00,12750,13847.494
2026-05-01,07:00 - 07:15,12950,14087.684
2026-05-01,07:15 - 07:30,13150,14505.91
2026-05-01,07:30 - 07:45,13350,14717.581
2026-05-01,07:45 - 08:00,13600,15137.964
2026-05-01,08:00 - 08:15,13800,15426.022
2026-05-01,08:15 - 08:30,13950,15601.879
2026-05-01,08:30 - 08:45,14050,15703.45
2026-05-01,08:45 - 09:00,14100,16112.754
2026-05-01,09:00 - 09:15,14150,16115.246
2026-05-01,09:15 - 09:30,14150,16259.514
2026-05-01,09:30 - 09:45,14150,16598.71
2026-05-01,09:45 - 10:00,14150,16185.473
2026-05-01,10:00 - 10:15,14150,16492.623
2026-05-01,10:15 - 10:30,14150,16582.951
2026-05-01,10:30 - 10:45,14150,16675.8
2026-05-01,10:45 - 11:00,14150,16465.303
2026-05-01,11:00 - 11:15,14150,16723.182
2026-05-01,11:15 - 11:30,14150,16406.334
2026-05-01,11:30 - 11:45,14150,16338.989
2026-05-01,11:45 - 12:00,14150,16115.797
2026-05-01,12:00 - 12:15,14150,16125.86
2026-05-01,12:15 - 12:30,14150,16014.062
2026-05-01,12:30 - 12:45,14150,16198.804
2026-05-01,12:45 - 13:00,14150,17072.99
2026-05-01,13:00 - 13:15,14150,17066.389
2026-05-01,13:15 - 13:30,14150,16502.332
2026-05-01,13:30 - 13:45,14150,16192.13
2026-05-01,13:45 - 14:00,14150,16386.639
2026-05-01,14:00 - 14:15,14150,16587.816
2026-05-01,14:15 - 14:30,14150,16263.156
2026-05-01,14:30 - 14:45,14150,15701.768
2026-05-01,14:45 - 15:00,14150,15751.443
2026-05-01,15:00 - 15:15,14150,16182.957
2026-05-01,15:15 - 15:30,14150,15583.98
2026-05-01,15:30 - 15:45,14150,15813.24
2026-05-01,15:45 - 16:00,14150,15649.884
2026-05-01,16:00 - 16:15,14150,16114.112
2026-05-01,16:15 - 16:30,14150,15696.692
2026-05-01,16:30 - 16:45,14250,15968.578
2026-05-01,16:45 - 17:00,14300,15858.112
2026-05-01,17:00 - 17:15,14450,15157.377
2026-05-01,17:15 - 17:30,14550,15691.366
2026-05-01,17:30 - 17:45,14650,15959.087
2026-05-01,17:45 - 18:00,14800,15948.676
2026-05-01,18:00 - 18:15,14950,16063.958
2026-05-01,18:15 - 18:30,15050,16067.416
2026-05-01,18:30 - 18:45,15150,16166.808
2026-05-01,18:45 - 19:00,15200,16101.373
2026-05-01,19:00 - 19:15,15300,15994.512
2026-05-01,19:15 - 19:30,15400,16083.067
2026-05-01,19:30 - 19:45,15550,16161.949
2026-05-01,19:45 - 20:00,15650,15974.103
2026-05-01,20:00 - 20:15,15900,16337.617
2026-05-01,20:15 - 20:30,16050,16527.488
2026-05-01,20:30 - 20:45,16100,16633.377
2026-05-01,20:45 - 21:00,16100,16696.764
2026-05-01,21:00 - 21:15,16050,16775.104
2026-05-01,21:15 - 21:30,15800,16262.7
2026-05-01,21:30 - 21:45,15600,16252.035
2026-05-01,21:45 - 22:00,15250,15862.136
2026-05-01,22:00 - 22:15,15000,15851.073
2026-05-01,22:15 - 22:30,14550,15664.427
2026-05-01,22:30 - 22:45,14300,15503.088
2026-05-01,22:45 - 23:00,14050,15061.826
2026-05-01,23:00 - 23:15,13800,14760.917
2026-05-01,23:15 - 23:30,13550,14490.962
2026-05-01,23:30 - 23:45,13200,14271.37
2026-05-01,23:45 - 24:00,12950,13995.021
2026-05-02,00:00 - 00:15,12850,13728.622
2026-05-02,00:15 - 00:30,12700,13767.685
2026-05-02,00:30 - 00:45,12600,13300.494
2026-05-02,00:45 - 01:00,12450,13330.38
2026-05-02,01:00 - 01:15,12300,13173.172
2026-05-02,01:15 - 01:30,12150,12993.4
2026-05-02,01:30 - 01:45,12050,12883.596
2026-05-02,01:45 - 02:00,11900,12761.168
2026-05-02,02:00 - 02:15,11800,12827.259
2026-05-02,02:15 - 02:30,11800,12598.677
2026-05-02,02:30 - 02:45,11800,12626.293
2026-05-02,02:45 - 03:00,11800,12655.526
2026-05-02,03:00 - 03:15,11800,12536.026
2026-05-02,03:15 - 03:30,11800,12633.554
2026-05-02,03:30 - 03:45,11800,12569.976
2026-05-02,03:45 - 04:00,11800,12654.83
2026-05-02,04:00 - 04:15,11800,12823.39
2026-05-02,04:15 - 04:30,11800,12837.37
2026-05-02,04:30 - 04:45,11750,12718.314
2026-05-02,04:45 - 05:00,11650,12581.783
2026-05-02,05:00 - 05:15,11600,12742.129
2026-05-02,05:15 - 05:30,11600,12904.673
2026-05-02,05:30 - 05:45,11600,12672.491
2026-05-02,05:45 - 06:00,11750,12962.38
2026-05-02,06:00 - 06:15,12100,13217.228
2026-05-02,06:15 - 06:30,12300,13514.775
2026-05-02,06:30 - 06:45,12500,13701.759
2026-05-02,06:45 - 07:00,12700,13912.608
2026-05-02,07:00 - 07:15,13000,14229.057
2026-05-02,07:15 - 07:30,13300,14579.997
2026-05-02,07:30 - 07:45,13650,14559.562
2026-05-02,07:45 - 08:00,13950,14962.148
2026-05-02,08:00 - 08:15,14150,15184.047
2026-05-02,08:15 - 08:30,14250,15352.543
2026-05-02,08:30 - 08:45,14300,15325.823
2026-05-02,08:45 - 09:00,14350,15707.332
2026-05-02,09:00 - 09:15,14400,16107.698
2026-05-02,09:15 - 09:30,14400,16023.319
2026-05-02,09:30 - 09:45,14400,15834.386
2026-05-02,09:45 - 10:00,14400,16232.841
2026-05-02,10:00 - 10:15,14400,15893.329
2026-05-02,10:15 - 10:30,14400,15967.113
2026-05-02,10:30 - 10:45,14400,15841.735
2026-05-02,10:45 - 11:00,14400,15873.309
2026-05-02,11:00 - 11:15,14400,15757.141
2026-05-02,11:15 - 11:30,14400,15884.081
2026-05-02,11:30 - 11:45,14400,15497.97
2026-05-02,11:45 - 12:00,14400,15803.853
2026-05-02,12:00 - 12:15,14400,15880.196
2026-05-02,12:15 - 12:30,14400,15927.091
2026-05-02,12:30 - 12:45,14400,16010.319
2026-05-02,12:45 - 13:00,14400,15879.082
2026-05-02,13:00 - 13:15,14400,15868.424
2026-05-02,13:15 - 13:30,14400,15977.858
2026-05-02,13:30 - 13:45,14400,15759.465
2026-05-02,13:45 - 14:00,14400,15753.739
2026-05-02,14:00 - 14:15,14400,15651.171
2026-05-02,14:15 - 14:30,14400,15661.784
2026-05-02,14:30 - 14:45,14400,15726.105
2026-05-02,14:45 - 15:00,14400,15723.138
2026-05-02,15:00 - 15:15,14400,15574.842
2026-05-02,15:15 - 15:30,14400,15610.351
2026-05-02,15:30 - 15:45,14400,15745.768
2026-05-02,15:45 - 16:00,14400,15338.886
2026-05-02,16:00 - 16:15,14400,15540.345
2026-05-02,16:15 - 16:30,14400,15765.153
2026-05-02,16:30 - 16:45,14400,15744.597
2026-05-02,16:45 - 17:00,14400,15593.419
2026-05-02,17:00 - 17:15,14450,15787.804
2026-05-02,17:15 - 17:30,14550,15874.199
2026-05-02,17:30 - 17:45,14700,16092.976
2026-05-02,17:45 - 18:00,14800,15976.804
2026-05-02,18:00 - 18:15,14900,16218.442
2026-05-02,18:15 - 18:30,15050,16326.541
2026-05-02,18:30 - 18:45,15150,16194.877
2026-05-02,18:45 - 19:00,15300,16137.812
2026-05-02,19:00 - 19:15,15400,16240.743
2026-05-02,19:15 - 19:30,15550,15787.381
2026-05-02,19:30 - 19:45,15750,16177.496
2026-05-02,19:45 - 20:00,15900,16139.108
2026-05-02,20:00 - 20:15,16250,15940.799
2026-05-02,20:15 - 20:30,16350,16392.93
2026-05-02,20:30 - 20:45,16350,16504.746
2026-05-02,20:45 - 21:00,16350,16388.34
2026-05-02,21:00 - 21:15,16150,16246.669
2026-05-02,21:15 - 21:30,15850,15978.491
2026-05-02,21:30 - 21:45,15650,15747.151
2026-05-02,21:45 - 22:00,15400,15423.105
2026-05-02,22:00 - 22:15,15100,15064.969
2026-05-02,22:15 - 22:30,14900,14812.651
2026-05-02,22:30 - 22:45,14550,14480.515
2026-05-02,22:45 - 23:00,14250,14234.533
2026-05-02,23:00 - 23:15,13950,13871.472
2026-05-02,23:15 - 23:30,13650,13492.795
2026-05-02,23:30 - 23:45,13350,13171.583
2026-05-02,23:45 - 24:00,13100,13017.997
2026-05-03,00:00 - 00:15,13300,12921.208
2026-05-03,00:15 - 00:30,13200,12588.02
2026-05-03,00:30 - 00:45,13100,12304.963
2026-05-03,00:45 - 01:00,13000,12250.787
2026-05-03,01:00 - 01:15,12900,12075.606
2026-05-03,01:15 - 01:30,12800,11840.631
2026-05-03,01:30 - 01:45,12700,11743.71
2026-05-03,01:45 - 02:00,12600,12012.428
2026-05-03,02:00 - 02:15,12500,11701.148
2026-05-03,02:15 - 02:30,12450,11648.273
2026-05-03,02:30 - 02:45,12400,11593.48
2026-05-03,02:45 - 03:00,12350,11650.982
2026-05-03,03:00 - 03:15,12300,11666.124
2026-05-03,03:15 - 03:30,12300,11549.101
2026-05-03,03:30 - 03:45,12300,11478.275
2026-05-03,03:45 - 04:00,12300,11435.4
2026-05-03,04:00 - 04:15,12300,11500.296
2026-05-03,04:15 - 04:30,12300,11730.106
2026-05-03,04:30 - 04:45,12250,11389.394
2026-05-03,04:45 - 05:00,12050,11211.229
2026-05-03,05:00 - 05:15,11900,11282.813
2026-05-03,05:15 - 05:30,11850,11239.503
2026-05-03,05:30 - 05:45,11850,11229.096
2026-05-03,05:45 - 06:00,11850,11332.648
2026-05-03,06:00 - 06:15,12000,11473.465
2026-05-03,06:15 - 06:30,12150,11750.072
2026-05-03,06:30 - 06:45,12300,12064.206
2026-05-03,06:45 - 07:00,12500,12372.424
2026-05-03,07:00 - 07:15,12700,12700.331
2026-05-03,07:15 - 07:30,12850,12852.259
2026-05-03,07:30 - 07:45,13100,12962.368
2026-05-03,07:45 - 08:00,13450,13569.75
2026-05-03,08:00 - 08:15,13700,13734.721
2026-05-03,08:15 - 08:30,13900,13840.558
2026-05-03,08:30 - 08:45,14100,14171.676
2026-05-03,08:45 - 09:00,14300,14311.039
2026-05-03,09:00 - 09:15,14450,14591.734
2026-05-03,09:15 - 09:30,14650,14707.82
2026-05-03,09:30 - 09:45,14800,14551.399
2026-05-03,09:45 - 10:00,14950,14900.446
2026-05-03,10:00 - 10:15,15050,14864.484
2026-05-03,10:15 - 10:30,15100,14622.2
2026-05-03,10:30 - 10:45,15200,14770.455
2026-05-03,10:45 - 11:00,15300,14778.008
2026-05-03,11:00 - 11:15,15350,14524.8
2026-05-03,11:15 - 11:30,15400,14652.238
2026-05-03,11:30 - 11:45,15400,14532.407
2026-05-03,11:45 - 12:00,15400,14587.976
2026-05-03,12:00 - 12:15,15400,14631.721
2026-05-03,12:15 - 12:30,15400,14595.339
2026-05-03,12:30 - 12:45,15400,14570.155
2026-05-03,12:45 - 13:00,15400,14558.368
2026-05-03,13:00 - 13:15,15400,14718.122
2026-05-03,13:15 - 13:30,15350,14757.101
2026-05-03,13:30 - 13:45,15300,14555.709
2026-05-03,13:45 - 14:00,15250,14496.824
2026-05-03,14:00 - 14:15,15200,14552.09
2026-05-03,14:15 - 14:30,15200,14356.46
2026-05-03,14:30 - 14:45,15200,14538.501
2026-05-03,14:45 - 15:00,15200,14430.266
2026-05-03,15:00 - 15:15,15200,14369.613
2026-05-03,15:15 - 15:30,15200,14317.935
2026-05-03,15:30 - 15:45,15200,14376.78
2026-05-03,15:45 - 16:00,15200,14478.615
2026-05-03,16:00 - 16:15,15200,14404.592
2026-05-03,16:15 - 16:30,15200,14586.055
2026-05-03,16:30 - 16:45,15200,14884.839
2026-05-03,16:45 - 17:00,15300,14807.434
2026-05-03,17:00 - 17:15,15400,14729.959
2026-05-03,17:15 - 17:30,15500,14900.127
2026-05-03,17:30 - 17:45,15600,15327.875
2026-05-03,17:45 - 18:00,15700,15215.609
2026-05-03,18:00 - 18:15,15850,15480.969
2026-05-03,18:15 - 18:30,15900,15389.69
2026-05-03,18:30 - 18:45,15950,15811.441
2026-05-03,18:45 - 19:00,16000,15569.827
2026-05-03,19:00 - 19:15,16050,15701.663
2026-05-03,19:15 - 19:30,16050,15608.602
2026-05-03,19:30 - 19:45,16050,16052.417
2026-05-03,19:45 - 20:00,16100,16017.03
2026-05-03,20:00 - 20:15,16200,15989.926
2026-05-03,20:15 - 20:30,16500,16272.537
2026-05-03,20:30 - 20:45,16650,16553.914
2026-05-03,20:45 - 21:00,16650,16403.424
2026-05-03,21:00 - 21:15,16600,16155.486
2026-05-03,21:15 - 21:30,16500,15946.945
2026-05-03,21:30 - 21:45,16350,15653.622
2026-05-03,21:45 - 22:00,16100,15283.335
2026-05-03,22:00 - 22:15,15850,15011.59
2026-05-03,22:15 - 22:30,15650,14720.669
2026-05-03,22:30 - 22:45,15400,14533.284
2026-05-03,22:45 - 23:00,15200,14190.291
2026-05-03,23:00 - 23:15,14900,13805.488
2026-05-03,23:15 - 23:30,14600,13578.527
2026-05-03,23:30 - 23:45,14300,13382.859
2026-05-03,23:45 - 24:00,14050,13045.937
2026-05-04,00:00 - 00:15,13600,12794.323
2026-05-04,00:15 - 00:30,13500,12425.109
2026-05-04,00:30 - 00:45,13400,12392.655
2026-05-04,00:45 - 01:00,13300,12222.782
2026-05-04,01:00 - 01:15,13250,12212.887
2026-05-04,01:15 - 01:30,13150,11998.685
2026-05-04,01:30 - 01:45,13050,12120.448
2026-05-04,01:45 - 02:00,13050,11801.576
2026-05-04,02:00 - 02:15,13050,12042.23
2026-05-04,02:15 - 02:30,13050,11805.294
2026-05-04,02:30 - 02:45,13050,11938.85
2026-05-04,02:45 - 03:00,13050,11789.397
2026-05-04,03:00 - 03:15,13050,11937.347
2026-05-04,03:15 - 03:30,13050,11905.962
2026-05-04,03:30 - 03:45,13050,11895.361
2026-05-04,03:45 - 04:00,13100,11814.713
2026-05-04,04:00 - 04:15,13100,12078.069
2026-05-04,04:15 - 04:30,13100,12129.467
2026-05-04,04:30 - 04:45,13100,12514.597
2026-05-04,04:45 - 05:00,13100,12280.661
2026-05-04,05:00 - 05:15,13250,12519.975
2026-05-04,05:15 - 05:30,13500,12944.566
2026-05-04,05:30 - 05:45,14050,13237.768
2026-05-04,05:45 - 06:00,14700,14026.757
2026-05-04,06:00 - 06:15,15750,15107.493
2026-05-04,06:15 - 06:30,16400,15998.898
2026-05-04,06:30 - 06:45,17100,16434.145
2026-05-04,06:45 - 07:00,17800,17196.834
2026-05-04,07:00 - 07:15,18450,17728.434
2026-05-04,07:15 - 07:30,18750,17991.318
2026-05-04,07:30 - 07:45,19050,17959.256
2026-05-04,07:45 - 08:00,19350,18257.234
2026-05-04,08:00 - 08:15,19650,18564.713
2026-05-04,08:15 - 08:30,19750,18110.402
2026-05-04,08:30 - 08:45,19800,18331.229
2026-05-04,08:45 - 09:00,19800,18409.438
2026-05-04,09:00 - 09:15,19800,18548.963
2026-05-04,09:15 - 09:30,19750,18354.31
2026-05-04,09:30 - 09:45,19550,18001.705
2026-05-04,09:45 - 10:00,19400,18192.871
2026-05-04,10:00 - 10:15,19200,18244.158
2026-05-04,10:15 - 10:30,19150,18234.643
2026-05-04,10:30 - 10:45,19100,18405.197
2026-05-04,10:45 - 11:00,19100,18328.35
2026-05-04,11:00 - 11:15,19050,18334.564
2026-05-04,11:15 - 11:30,19000,18586.184
2026-05-04,11:30 - 11:45,19000,18538.453
2026-05-04,11:45 - 12:00,19000,18535.096
2026-05-04,12:00 - 12:15,19000,18437.264
2026-05-04,12:15 - 12:30,19000,18647.7
2026-05-04,12:30 - 12:45,19000,18675.986
2026-05-04,12:45 - 13:00,19000,18621.703
2026-05-04,13:00 - 13:15,19000,19130.34
2026-05-04,13:15 - 13:30,19000,18788.867
2026-05-04,13:30 - 13:45,18750,18578.812
2026-05-04,13:45 - 14:00,18400,18190.844
2026-05-04,14:00 - 14:15,18800,18485.936
2026-05-04,14:15 - 14:30,18950,18756.73
2026-05-04,14:30 - 14:45,19000,18674.03
2026-05-04,14:45 - 15:00,19050,18633.158
2026-05-04,15:00 - 15:15,19050,18680.27
2026-05-04,15:15 - 15:30,19100,18763.818
2026-05-04,15:30 - 15:45,19100,18899.701
2026-05-04,15:45 - 16:00,19150,18900.621
2026-05-04,16:00 - 16:15,19150,19005.455
2026-05-04,16:15 - 16:30,19150,18912.996
2026-05-04,16:30 - 16:45,19200,19266.227
2026-05-04,16:45 - 17:00,19250,19533.586
2026-05-04,17:00 - 17:15,19350,19521.328
2026-05-04,17:15 - 17:30,19450,19919.863
2026-05-04,17:30 - 17:45,19450,19846.062
2026-05-04,17:45 - 18:00,19450,19196.508
2026-05-04,18:00 - 18:15,19500,19743.475
2026-05-04,18:15 - 18:30,19600,20137.71
2026-05-04,18:30 - 18:45,19650,20416.031
2026-05-04,18:45 - 19:00,19750,20145.7
2026-05-04,19:00 - 19:15,19850,20293.062
2026-05-04,19:15 - 19:30,19900,20118.664
2026-05-04,19:30 - 19:45,19900,20290.156
2026-05-04,19:45 - 20:00,19950,20309.117
2026-05-04,20:00 - 20:15,20050,20467.416
2026-05-04,20:15 - 20:30,20200,20502.873
2026-05-04,20:30 - 20:45,20200,20704.334
2026-05-04,20:45 - 21:00,20150,20389.1
2026-05-04,21:00 - 21:15,19850,20165.137
2026-05-04,21:15 - 21:30,19350,19462.09
2026-05-04,21:30 - 21:45,18850,19144.17
2026-05-04,21:45 - 22:00,18350,18389.377
2026-05-04,22:00 - 22:15,18050,18104.908
2026-05-04,22:15 - 22:30,17800,17733.793
2026-05-04,22:30 - 22:45,17450,17325.354
2026-05-04,22:45 - 23:00,17000,17032.004
2026-05-04,23:00 - 23:15,16700,16791.312
2026-05-04,23:15 - 23:30,16350,16458.28
2026-05-04,23:30 - 23:45,16050,16104.796
2026-05-04,23:45 - 24:00,15650,15938.054
2026-05-05,00:00 - 00:15,15350,15660.946
2026-05-05,00:15 - 00:30,15200,15364.315
2026-05-05,00:30 - 00:45,15050,15278.939
2026-05-05,00:45 - 01:00,14900,15041.962
2026-05-05,01:00 - 01:15,14750,14913.627
2026-05-05,01:15 - 01:30,14650,14806.411
2026-05-05,01:30 - 01:45,14550,14761.92
2026-05-05,01:45 - 02:00,14450,14528.966
2026-05-05,02:00 - 02:15,14450,14493.692
2026-05-05,02:15 - 02:30,14450,14504.629
2026-05-05,02:30 - 02:45,14450,14620.674
2026-05-05,02:45 - 03:00,14450,14638.922
2026-05-05,03:00 - 03:15,14450,14768.755
2026-05-05,03:15 - 03:30,14450,14607.425
2026-05-05,03:30 - 03:45,14450,14444.248
2026-05-05,03:45 - 04:00,14450,14501.942
2026-05-05,04:00 - 04:15,14500,14623.821
2026-05-05,04:15 - 04:30,14550,14759.309
2026-05-05,04:30 - 04:45,14600,14799.897
2026-05-05,04:45 - 05:00,14700,14579.739
2026-05-05,05:00 - 05:15,14850,15060.703
2026-05-05,05:15 - 05:30,15000,15230.143
2026-05-05,05:30 - 05:45,15350,15364.892
2026-05-05,05:45 - 06:00,15950,15862.638
2026-05-05,06:00 - 06:15,17250,16939.564
2026-05-05,06:15 - 06:30,17850,17664.836
2026-05-05,06:30 - 06:45,18300,18019.018
2026-05-05,06:45 - 07:00,18800,18649.387
2026-05-05,07:00 - 07:15,19250,19169.041
2026-05-05,07:15 - 07:30,19450,19523.41
2026-05-05,07:30 - 07:45,19650,19418.746
2026-05-05,07:45 - 08:00,19700,19658.809
2026-05-05,08:00 - 08:15,19700,19557.578
2026-05-05,08:15 - 08:30,19700,19614.555
2026-05-05,08:30 - 08:45,19700,19454.588
2026-05-05,08:45 - 09:00,19700,19425.895
2026-05-05,09:00 - 09:15,19700,19496.799
2026-05-05,09:15 - 09:30,19500,19573.557
2026-05-05,09:30 - 09:45,19350,19488.959
2026-05-05,09:45 - 10:00,19150,18912.895
2026-05-05,10:00 - 10:15,19200,18745.738
2026-05-05,10:15 - 10:30,19250,18780.822
2026-05-05,10:30 - 10:45,19300,18790.416
2026-05-05,10:45 - 11:00,19350,18801.213
2026-05-05,11:00 - 11:15,19350,18673.404
2026-05-05,11:15 - 11:30,19350,19564.568
2026-05-05,11:30 - 11:45,19350,19797.012
2026-05-05,11:45 - 12:00,19350,19833.457
2026-05-05,12:00 - 12:15,19400,19562.893
2026-05-05,12:15 - 12:30,19450,19727.97
2026-05-05,12:30 - 12:45,19450,19400.936
2026-05-05,12:45 - 13:00,19450,19585.402
2026-05-05,13:00 - 13:15,19450,19506.744
2026-05-05,13:15 - 13:30,19350,19313.553
2026-05-05,13:30 - 13:45,19050,19199.371
2026-05-05,13:45 - 14:00,18800,18424.037
2026-05-05,14:00 - 14:15,19050,18722.242
2026-05-05,14:15 - 14:30,19150,19175.533
2026-05-05,14:30 - 14:45,19200,19018.398
2026-05-05,14:45 - 15:00,19250,19681.275
2026-05-05,15:00 - 15:15,19300,19646.889
2026-05-05,15:15 - 15:30,19350,19769.332
2026-05-05,15:30 - 15:45,19350,19768.805
2026-05-05,15:45 - 16:00,19400,19556.924
2026-05-05,16:00 - 16:15,19450,19811.426
2026-05-05,16:15 - 16:30,19500,19717.809
2026-05-05,16:30 - 16:45,19550,19774.748
2026-05-05,16:45 - 17:00,19600,19865.715
2026-05-05,17:00 - 17:15,19750,19936.79
2026-05-05,17:15 - 17:30,19800,19851.418
2026-05-05,17:30 - 17:45,19850,19741.795
2026-05-05,17:45 - 18:00,19900,19731.414
2026-05-05,18:00 - 18:15,19950,19933.158
2026-05-05,18:15 - 18:30,20100,20345.262
2026-05-05,18:30 - 18:45,20150,20346.918
2026-05-05,18:45 - 19:00,20100,20280.152
2026-05-05,19:00 - 19:15,20200,20306.816
2026-05-05,19:15 - 19:30,20200,20331.482
2026-05-05,19:30 - 19:45,20400,20575.23
2026-05-05,19:45 - 20:00,20400,20530.457
2026-05-05,20:00 - 20:15,20400,20587.422
2026-05-05,20:15 - 20:30,20400,20748.152
2026-05-05,20:30 - 20:45,20400,20748.941
2026-05-05,20:45 - 21:00,20400,20598.4
2026-05-05,21:00 - 21:15,20250,20101.31
2026-05-05,21:15 - 21:30,19800,19803.525
2026-05-05,21:30 - 21:45,19150,19069.723
2026-05-05,21:45 - 22:00,18450,18550.453
2026-05-05,22:00 - 22:15,18350,18195.098
2026-05-05,22:15 - 22:30,17950,17902.055
2026-05-05,22:30 - 22:45,17650,17533.15
2026-05-05,22:45 - 23:00,17300,17285.035
2026-05-05,23:00 - 23:15,16950,16912.85
2026-05-05,23:15 - 23:30,16600,16585.05
2026-05-05,23:30 - 23:45,16250,15993.439
2026-05-05,23:45 - 24:00,15900,15724.215
2026-05-06,00:00 - 00:15,15650,15431.443
2026-05-06,00:15 - 00:30,15450,15160.858
2026-05-06,00:30 - 00:45,15300,15006.093
2026-05-06,00:45 - 01:00,15100,14790.903
2026-05-06,01:00 - 01:15,14950,14663.325
2026-05-06,01:15 - 01:30,14850,14474.042
2026-05-06,01:30 - 01:45,14750,14575.165
2026-05-06,01:45 - 02:00,14650,14225.451
2026-05-06,02:00 - 02:15,14600,14155.205
2026-05-06,02:15 - 02:30,14600,14187.575
2026-05-06,02:30 - 02:45,14600,14211.549
2026-05-06,02:45 - 03:00,14600,14268.963
2026-05-06,03:00 - 03:15,14600,14044.105
2026-05-06,03:15 - 03:30,14600,14137.686
2026-05-06,03:30 - 03:45,14650,14186.803
2026-05-06,03:45 - 04:00,14650,14147.471
2026-05-06,04:00 - 04:15,14750,14407.643
2026-05-06,04:15 - 04:30,14900,14509.299
2026-05-06,04:30 - 04:45,15000,14541.726
2026-05-06,04:45 - 05:00,15150,14329.283
2026-05-06,05:00 - 05:15,15400,14621.505
2026-05-06,05:15 - 05:30,15600,14916.523
2026-05-06,05:30 - 05:45,15950,15169.908
2026-05-06,05:45 - 06:00,16450,15565.274
2026-05-06,06:00 - 06:15,17650,16857.096
2026-05-06,06:15 - 06:30,18250,17534.148
2026-05-06,06:30 - 06:45,18800,17866.373
2026-05-06,06:45 - 07:00,19350,18575.416
2026-05-06,07:00 - 07:15,19800,19249.537
2026-05-06,07:15 - 07:30,20050,19464.32
2026-05-06,07:30 - 07:45,20250,19422.281
2026-05-06,07:45 - 08:00,20350,19517.875
2026-05-06,08:00 - 08:15,20400,19362.365
2026-05-06,08:15 - 08:30,20400,19507.709
2026-05-06,08:30 - 08:45,20400,19420.43
2026-05-06,08:45 - 09:00,20400,19586.688
2026-05-06,09:00 - 09:15,20400,19608.615
2026-05-06,09:15 - 09:30,20350,19351.047
2026-05-06,09:30 - 09:45,20300,19103.72
2026-05-06,09:45 - 10:00,20150,18883.225
2026-05-06,10:00 - 10:15,20100,19076.652
2026-05-06,10:15 - 10:30,20250,18889.906
2026-05-06,10:30 - 10:45,20300,19178.33
2026-05-06,10:45 - 11:00,20400,19381.016
2026-05-06,11:00 - 11:15,20450,19063.21
2026-05-06,11:15 - 11:30,20450,19015.53
2026-05-06,11:30 - 11:45,20450,19316.656
2026-05-06,11:45 - 12:00,20500,19689.852
2026-05-06,12:00 - 12:15,20600,19215.709
2026-05-06,12:15 - 12:30,20650,19781.787
2026-05-06,12:30 - 12:45,20700,19822.734
2026-05-06,12:45 - 13:00,20750,19335.707
2026-05-06,13:00 - 13:15,20750,18785.969
2026-05-06,13:15 - 13:30,20650,19045.75
2026-05-06,13:30 - 13:45,20300,18727.574
2026-05-06,13:45 - 14:00,19800,18516.32
2026-05-06,14:00 - 14:15,20050,18052.377
2026-05-06,14:15 - 14:30,20200,18948.281
2026-05-06,14:30 - 14:45,20250,18976.303
2026-05-06,14:45 - 15:00,20300,18494.262
2026-05-06,15:00 - 15:15,20300,19112.127
2026-05-06,15:15 - 15:30,20300,19625.082
2026-05-06,15:30 - 15:45,20300,19388.59
2026-05-06,15:45 - 16:00,20300,19506.506
2026-05-06,16:00 - 16:15,20300,19061.934
2026-05-06,16:15 - 16:30,20300,19310.844
2026-05-06,16:30 - 16:45,20300,19454.852
2026-05-06,16:45 - 17:00,20300,19685.254
2026-05-06,17:00 - 17:15,20350,19961.248
2026-05-06,17:15 - 17:30,20350,19843.797
2026-05-06,17:30 - 17:45,20350,19887.576
2026-05-06,17:45 - 18:00,20350,20005.83
2026-05-06,18:00 - 18:15,20350,19924.422
2026-05-06,18:15 - 18:30,20450,20126.477
2026-05-06,18:30 - 18:45,20550,20271.152
2026-05-06,18:45 - 19:00,20650,20204.25
2026-05-06,19:00 - 19:15,20750,20425.404
2026-05-06,19:15 - 19:30,20800,20614.113
2026-05-06,19:30 - 19:45,20800,20674.03
2026-05-06,19:45 - 20:00,20800,20741.174
2026-05-06,20:00 - 20:15,20800,20864.217
2026-05-06,20:15 - 20:30,20800,20773.57
2026-05-06,20:30 - 20:45,20800,20794.307
2026-05-06,20:45 - 21:00,20800,20715.871
2026-05-06,21:00 - 21:15,20500,20247.818
2026-05-06,21:15 - 21:30,20000,19982.172
2026-05-06,21:30 - 21:45,19450,19425.275
2026-05-06,21:45 - 22:00,18800,18788.678
2026-05-06,22:00 - 22:15,18500,18524.715
2026-05-06,22:15 - 22:30,18200,18249.861
2026-05-06,22:30 - 22:45,17900,17882.701
2026-05-06,22:45 - 23:00,17550,17304.258
2026-05-06,23:00 - 23:15,17200,16996.277
2026-05-06,23:15 - 23:30,16850,16726.506
2026-05-06,23:30 - 23:45,16500,16317.863
2026-05-06,23:45 - 24:00,16150,15924.166
2026-05-07,00:00 - 00:15,15650,15748.693
2026-05-07,00:15 - 00:30,15500,15449.563
2026-05-07,00:30 - 00:45,15350,15350.936
2026-05-07,00:45 - 01:00,15200,15092.76
2026-05-07,01:00 - 01:15,15050,15081.514
2026-05-07,01:15 - 01:30,14950,14749.225
2026-05-07,01:30 - 01:45,14850,14804.867
2026-05-07,01:45 - 02:00,14750,14583.617
2026-05-07,02:00 - 02:15,14650,14400.636
2026-05-07,02:15 - 02:30,14650,14525.095
2026-05-07,02:30 - 02:45,14650,14507.583
2026-05-07,02:45 - 03:00,14650,14393.934
2026-05-07,03:00 - 03:15,14650,14553.156
2026-05-07,03:15 - 03:30,14650,14467.859
2026-05-07,03:30 - 03:45,14650,14571.468
2026-05-07,03:45 - 04:00,14750,14658.673
2026-05-07,04:00 - 04:15,14850,14692.891
2026-05-07,04:15 - 04:30,14900,14704.261
2026-05-07,04:30 - 04:45,14950,14689.051
2026-05-07,04:45 - 05:00,15050,14475.891
2026-05-07,05:00 - 05:15,15200,14876.407
2026-05-07,05:15 - 05:30,15350,14813.667
2026-05-07,05:30 - 05:45,15700,15300.775
2026-05-07,05:45 - 06:00,16300,15923.834
2026-05-07,06:00 - 06:15,17450,16902.068
2026-05-07,06:15 - 06:30,18050,17475.125
2026-05-07,06:30 - 06:45,18500,17838.207
2026-05-07,06:45 - 07:00,19000,18773.379
2026-05-07,07:00 - 07:15,19600,19048.48
2026-05-07,07:15 - 07:30,19800,19345.914
2026-05-07,07:30 - 07:45,20000,19267.98
2026-05-07,07:45 - 08:00,20150,19615.39
2026-05-07,08:00 - 08:15,20250,19920.918
2026-05-07,08:15 - 08:30,20300,19750.775
2026-05-07,08:30 - 08:45,20300,19905.734
2026-05-07,08:45 - 09:00,20300,19897.162
2026-05-07,09:00 - 09:15,20300,19936.906
2026-05-07,09:15 - 09:30,20200,20030.787
2026-05-07,09:30 - 09:45,20050,20027.906
2026-05-07,09:45 - 10:00,20000,19632.424
2026-05-07,10:00 - 10:15,20050,19421.227
2026-05-07,10:15 - 10:30,20100,19574.195
2026-05-07,10:30 - 10:45,20150,20037.678
2026-05-07,10:45 - 11:00,20200,19546.365
2026-05-07,11:00 - 11:15,20200,19928.326
2026-05-07,11:15 - 11:30,20200,20240.906
2026-05-07,11:30 - 11:45,20250,20169.729
2026-05-07,11:45 - 12:00,20300,20453.393
2026-05-07,12:00 - 12:15,20350,20655.373
2026-05-07,12:15 - 12:30,20400,20555.05
2026-05-07,12:30 - 12:45,20400,20118.36
2026-05-07,12:45 - 13:00,20400,19744.682
2026-05-07,13:00 - 13:15,20400,20221.033
2026-05-07,13:15 - 13:30,20300,20190.67
2026-05-07,13:30 - 13:45,20000,19953.71
2026-05-07,13:45 - 14:00,19600,19526.096
2026-05-07,14:00 - 14:15,19850,20235.475
2026-05-07,14:15 - 14:30,19950,20278.062
2026-05-07,14:30 - 14:45,20000,20024.66
2026-05-07,14:45 - 15:00,20050,19981.16
2026-05-07,15:00 - 15:15,20100,20223.496
2026-05-07,15:15 - 15:30,20150,20062.629
2026-05-07,15:30 - 15:45,20150,20469.82
2026-05-07,15:45 - 16:00,20150,20372.521
2026-05-07,16:00 - 16:15,20150,20078.8
2026-05-07,16:15 - 16:30,20200,19947.768
2026-05-07,16:30 - 16:45,20200,20317.73
2026-05-07,16:45 - 17:00,20250,20123.906
2026-05-07,17:00 - 17:15,20300,20143.71
2026-05-07,17:15 - 17:30,20350,20237.045
2026-05-07,17:30 - 17:45,20400,20022.107
2026-05-07,17:45 - 18:00,20400,20025.41
2026-05-07,18:00 - 18:15,20450,20077.82
2026-05-07,18:15 - 18:30,20500,20333.803
2026-05-07,18:30 - 18:45,20550,20406.91
2026-05-07,18:45 - 19:00,20600,20388.26
2026-05-07,19:00 - 19:15,20700,20588.592
2026-05-07,19:15 - 19:30,20700,20383.852
2026-05-07,19:30 - 19:45,20750,20495.674
2026-05-07,19:45 - 20:00,20750,20592.096
2026-05-07,20:00 - 20:15,20750,20572.281
2026-05-07,20:15 - 20:30,20750,20557.033
2026-05-07,20:30 - 20:45,20750,20658.836
2026-05-07,20:45 - 21:00,20650,20585.488
2026-05-07,21:00 - 21:15,20450,20273.156
2026-05-07,21:15 - 21:30,20000,19916.598
2026-05-07,21:30 - 21:45,19350,19346.648
2026-05-07,21:45 - 22:00,18650,18668.83
2026-05-07,22:00 - 22:15,18450,18517.686
2026-05-07,22:15 - 22:30,18050,18218.326
2026-05-07,22:30 - 22:45,17750,17937.988
2026-05-07,22:45 - 23:00,17400,17597.799
2026-05-07,23:00 - 23:15,17050,16967.035
2026-05-07,23:15 - 23:30,16700,16768.18
2026-05-07,23:30 - 23:45,16350,16480.87
2026-05-07,23:45 - 24:00,16000,16176.333
2026-05-08,00:00 - 00:15,15600,15910.322
2026-05-08,00:15 - 00:30,15400,15650.513
2026-05-08,00:30 - 00:45,15200,15548.078
2026-05-08,00:45 - 01:00,15050,15219.963
2026-05-08,01:00 - 01:15,14900,15139.148
2026-05-08,01:15 - 01:30,14800,15034.296
2026-05-08,01:30 - 01:45,14700,15046.373
2026-05-08,01:45 - 02:00,14550,14786.085
2026-05-08,02:00 - 02:15,14500,14534.825
2026-05-08,02:15 - 02:30,14500,14819.755
2026-05-08,02:30 - 02:45,14500,14691.038
2026-05-08,02:45 - 03:00,14500,14636.401
2026-05-08,03:00 - 03:15,14500,14742.228
2026-05-08,03:15 - 03:30,14500,14578.915
2026-05-08,03:30 - 03:45,14500,14688.442
2026-05-08,03:45 - 04:00,14550,14661.195
2026-05-08,04:00 - 04:15,14600,14948.388
2026-05-08,04:15 - 04:30,14700,15087.783
2026-05-08,04:30 - 04:45,14750,15006.483
2026-05-08,04:45 - 05:00,14700,15032.459
2026-05-08,05:00 - 05:15,15000,15310.272
2026-05-08,05:15 - 05:30,15100,15362.489
2026-05-08,05:30 - 05:45,15500,15715.548
2026-05-08,05:45 - 06:00,16150,16279.232
2026-05-08,06:00 - 06:15,17200,17319.867
2026-05-08,06:15 - 06:30,17850,17823.668
2026-05-08,06:30 - 06:45,18250,18319.36
2026-05-08,06:45 - 07:00,18850,18888.24
2026-05-08,07:00 - 07:15,19400,19252.447
2026-05-08,07:15 - 07:30,19650,19597.037
2026-05-08,07:30 - 07:45,19800,19713.643
2026-05-08,07:45 - 08:00,19950,20078.525
2026-05-08,08:00 - 08:15,20100,20029.88
2026-05-08,08:15 - 08:30,20200,20089.838
2026-05-08,08:30 - 08:45,20200,20232.717
2026-05-08,08:45 - 09:00,20200,19953.826
2026-05-08,09:00 - 09:15,20200,20256.574
2026-05-08,09:15 - 09:30,20200,20290.822
2026-05-08,09:30 - 09:45,20050,20331.96
2026-05-08,09:45 - 10:00,20000,19682.803
2026-05-08,10:00 - 10:15,20000,19850.814
2026-05-08,10:15 - 10:30,20000,20000.723
2026-05-08,10:30 - 10:45,20100,20087.889
2026-05-08,10:45 - 11:00,20200,19974.408
2026-05-08,11:00 - 11:15,20250,19653.479
2026-05-08,11:15 - 11:30,20300,20251.855
2026-05-08,11:30 - 11:45,20350,20488.314
2026-05-08,11:45 - 12:00,20400,20110.88
2026-05-08,12:00 - 12:15,20500,20189.035
2026-05-08,12:15 - 12:30,20550,20575.504
2026-05-08,12:30 - 12:45,20600,19880.844
2026-05-08,12:45 - 13:00,20600,20107.018
2026-05-08,13:00 - 13:15,20600,20118.584
2026-05-08,13:15 - 13:30,20450,20031.328
2026-05-08,13:30 - 13:45,20200,19627.965
2026-05-08,13:45 - 14:00,19700,19398.76
2026-05-08,14:00 - 14:15,19900,19403.46
2026-05-08,14:15 - 14:30,20050,19690.744
2026-05-08,14:30 - 14:45,20150,19645.385
2026-05-08,14:45 - 15:00,20200,19471.941
2026-05-08,15:00 - 15:15,20200,19306.4
2026-05-08,15:15 - 15:30,20200,19672.207
2026-05-08,15:30 - 15:45,20100,19586.57
2026-05-08,15:45 - 16:00,20050,19365.549
2026-05-08,16:00 - 16:15,20050,19516.715
2026-05-08,16:15 - 16:30,20050,19458.164
2026-05-08,16:30 - 16:45,20050,19430.121
2026-05-08,16:45 - 17:00,20050,19843.885
2026-05-08,17:00 - 17:15,20100,19616.277
2026-05-08,17:15 - 17:30,20150,19828.943
2026-05-08,17:30 - 17:45,20150,19750.19
2026-05-08,17:45 - 18:00,20150,19609.11
2026-05-08,18:00 - 18:15,20250,19567.037
2026-05-08,18:15 - 18:30,20350,19757.717
2026-05-08,18:30 - 18:45,20400,20185.477
2026-05-08,18:45 - 19:00,20450,19964.963
2026-05-08,19:00 - 19:15,20550,19932.727
2026-05-08,19:15 - 19:30,20650,20031.594
2026-05-08,19:30 - 19:45,20700,20064.176
2026-05-08,19:45 - 20:00,20750,20267.053
2026-05-08,20:00 - 20:15,20800,20135.385
2026-05-08,20:15 - 20:30,20800,20041.156
2026-05-08,20:30 - 20:45,20800,20295.035
2026-05-08,20:45 - 21:00,20650,20137.918
2026-05-08,21:00 - 21:15,20350,19792.695
2026-05-08,21:15 - 21:30,19900,19443.271
2026-05-08,21:30 - 21:45,19300,18760.035
2026-05-08,21:45 - 22:00,18650,18287.795
2026-05-08,22:00 - 22:15,18350,18169.07
2026-05-08,22:15 - 22:30,18000,17888.242
2026-05-08,22:30 - 22:45,17750,17700.629
2026-05-08,22:45 - 23:00,17400,17217.38
2026-05-08,23:00 - 23:15,17050,16903.078
2026-05-08,23:15 - 23:30,16700,16587.41
2026-05-08,23:30 - 23:45,16300,16295.68
2026-05-08,23:45 - 24:00,15900,15891.17
2026-05-09,00:00 - 00:15,15650,15729.718
2026-05-09,00:15 - 00:30,15400,15406.25
2026-05-09,00:30 - 00:45,15200,15195.514
2026-05-09,00:45 - 01:00,15000,15023.32
2026-05-09,01:00 - 01:15,14800,14682.436
2026-05-09,01:15 - 01:30,14650,14740.569
2026-05-09,01:30 - 01:45,14550,14509.217
2026-05-09,01:45 - 02:00,14450,14373.333
2026-05-09,02:00 - 02:15,14400,14435.517
2026-05-09,02:15 - 02:30,14350,14250.473
2026-05-09,02:30 - 02:45,14350,14368.176
2026-05-09,02:45 - 03:00,14350,14116.646
2026-05-09,03:00 - 03:15,14350,14252.393
2026-05-09,03:15 - 03:30,14350,14196.647
2026-05-09,03:30 - 03:45,14350,14214.285
2026-05-09,03:45 - 04:00,14350,14151.185
2026-05-09,04:00 - 04:15,14350,14216.042
2026-05-09,04:15 - 04:30,14250,14218.302
2026-05-09,04:30 - 04:45,14150,14100.036
2026-05-09,04:45 - 05:00,14050,13753.785
2026-05-09,05:00 - 05:15,14050,14107.349
2026-05-09,05:15 - 05:30,14050,14038.22
2026-05-09,05:30 - 05:45,14050,14136.828
2026-05-09,05:45 - 06:00,14150,13963.727
2026-05-09,06:00 - 06:15,14650,14649.444
2026-05-09,06:15 - 06:30,15050,14592.658
2026-05-09,06:30 - 06:45,15350,14894.682
2026-05-09,06:45 - 07:00,15600,14914.156
2026-05-09,07:00 - 07:15,15900,15322.062
2026-05-09,07:15 - 07:30,16150,15680.168
2026-05-09,07:30 - 07:45,16350,15773.906
2026-05-09,07:45 - 08:00,16600,15986.599
2026-05-09,08:00 - 08:15,16900,16133.36
2026-05-09,08:15 - 08:30,17150,16513.447
2026-05-09,08:30 - 08:45,17350,16714.86
2026-05-09,08:45 - 09:00,17450,16719.123
2026-05-09,09:00 - 09:15,17500,17008.49
2026-05-09,09:15 - 09:30,17500,16876.074
2026-05-09,09:30 - 09:45,17500,17227.012
2026-05-09,09:45 - 10:00,17500,17201.408
2026-05-09,10:00 - 10:15,17500,17512.252
2026-05-09,10:15 - 10:30,17500,17620.258
2026-05-09,10:30 - 10:45,17500,17705.154
2026-05-09,10:45 - 11:00,17500,17307.527
2026-05-09,11:00 - 11:15,17500,17523.697
2026-05-09,11:15 - 11:30,17500,17887.607
2026-05-09,11:30 - 11:45,17550,17317.744
2026-05-09,11:45 - 12:00,17600,17622.49
2026-05-09,12:00 - 12:15,17650,17616.885
2026-05-09,12:15 - 12:30,17700,17435.338
2026-05-09,12:30 - 12:45,17700,17753.498
2026-05-09,12:45 - 13:00,17700,17395.895
2026-05-09,13:00 - 13:15,17700,18128.88
2026-05-09,13:15 - 13:30,17500,17916.148
2026-05-09,13:30 - 13:45,17300,17147.178
2026-05-09,13:45 - 14:00,17150,17520.434
2026-05-09,14:00 - 14:15,17000,17640.777
2026-05-09,14:15 - 14:30,16950,16852.406
2026-05-09,14:30 - 14:45,16900,17154.914
2026-05-09,14:45 - 15:00,16850,16997.693
2026-05-09,15:00 - 15:15,16800,16810.877
2026-05-09,15:15 - 15:30,16750,17056.623
2026-05-09,15:30 - 15:45,16750,16771.545
2026-05-09,15:45 - 16:00,16750,16551.812
2026-05-09,16:00 - 16:15,16750,16597.002
2026-05-09,16:15 - 16:30,16750,16706.238
2026-05-09,16:30 - 16:45,16750,16681.422
2026-05-09,16:45 - 17:00,16800,16592.049
2026-05-09,17:00 - 17:15,16950,16586.787
2026-05-09,17:15 - 17:30,17050,16796.445
2026-05-09,17:30 - 17:45,17200,16728.898
2026-05-09,17:45 - 18:00,17300,16645.918
2026-05-09,18:00 - 18:15,17350,16869.564
2026-05-09,18:15 - 18:30,17400,16835.68
2026-05-09,18:30 - 18:45,17550,17032.24
2026-05-09,18:45 - 19:00,17600,17138.8
2026-05-09,19:00 - 19:15,17700,17166.105
2026-05-09,19:15 - 19:30,17700,17366.713
2026-05-09,19:30 - 19:45,17700,17351.174
2026-05-09,19:45 - 20:00,17700,17150.21
2026-05-09,20:00 - 20:15,17700,17254.17
2026-05-09,20:15 - 20:30,17700,17426.686
2026-05-09,20:30 - 20:45,17700,17544.732
2026-05-09,20:45 - 21:00,17650,17508.414
2026-05-09,21:00 - 21:15,17500,17303.143
2026-05-09,21:15 - 21:30,17200,17244.027
2026-05-09,21:30 - 21:45,16850,16934.787
2026-05-09,21:45 - 22:00,16550,16470.23
2026-05-09,22:00 - 22:15,16250,16261.732
2026-05-09,22:15 - 22:30,15950,16059.032
2026-05-09,22:30 - 22:45,15700,15691.807
2026-05-09,22:45 - 23:00,15400,15567.222
2026-05-09,23:00 - 23:15,15150,15155.39
2026-05-09,23:15 - 23:30,14800,14862.548
2026-05-09,23:30 - 23:45,14500,14469.923
2026-05-09,23:45 - 24:00,14200,14294.391
2026-05-10,00:00 - 00:15,14000,14184.251
2026-05-10,00:15 - 00:30,13800,13972.778
2026-05-10,00:30 - 00:45,13600,13832.173
2026-05-10,00:45 - 01:00,13400,13420.421
2026-05-10,01:00 - 01:15,13250,13320.582
2026-05-10,01:15 - 01:30,13100,13303.559
2026-05-10,01:30 - 01:45,12950,13110.513
2026-05-10,01:45 - 02:00,12800,13046.59
2026-05-10,02:00 - 02:15,12700,13052.027
2026-05-10,02:15 - 02:30,12650,12859.56
2026-05-10,02:30 - 02:45,12650,13000.377
2026-05-10,02:45 - 03:00,12650,12920.157
2026-05-10,03:00 - 03:15,12650,12849.561
2026-05-10,03:15 - 03:30,12650,12853.341
2026-05-10,03:30 - 03:45,12650,12782.908
2026-05-10,03:45 - 04:00,12650,12832.776
2026-05-10,04:00 - 04:15,12600,12985.52
2026-05-10,04:15 - 04:30,12500,12793.38
2026-05-10,04:30 - 04:45,12350,12720.851
2026-05-10,04:45 - 05:00,12200,12419.358
2026-05-10,05:00 - 05:15,12200,12510.934
2026-05-10,05:15 - 05:30,12200,12426.528
2026-05-10,05:30 - 05:45,12200,12552.119
2026-05-10,05:45 - 06:00,12300,12553.295
2026-05-10,06:00 - 06:15,12500,12738.191
2026-05-10,06:15 - 06:30,12700,13237.995
2026-05-10,06:30 - 06:45,12850,13133.993
2026-05-10,06:45 - 07:00,13000,13348.024
2026-05-10,07:00 - 07:15,13200,13542.861
2026-05-10,07:15 - 07:30,13450,13855.188
2026-05-10,07:30 - 07:45,13700,13696.774
2026-05-10,07:45 - 08:00,14000,13929.783
2026-05-10,08:00 - 08:15,14200,13921.582
2026-05-10,08:15 - 08:30,14350,14028.023
2026-05-10,08:30 - 08:45,14550,14000.506
2026-05-10,08:45 - 09:00,14700,14521.64
2026-05-10,09:00 - 09:15,14850,14720.712
2026-05-10,09:15 - 09:30,14950,14844.77
2026-05-10,09:30 - 09:45,15050,14854.562
2026-05-10,09:45 - 10:00,15100,15021.881
2026-05-10,10:00 - 10:15,15100,15059.34
2026-05-10,10:15 - 10:30,15100,15395.412
2026-05-10,10:30 - 10:45,15100,15403.369
2026-05-10,10:45 - 11:00,15100,15367.694
2026-05-10,11:00 - 11:15,15100,15419.603
2026-05-10,11:15 - 11:30,15100,15570.235
2026-05-10,11:30 - 11:45,15100,15398.893
2026-05-10,11:45 - 12:00,15100,15424.594
2026-05-10,12:00 - 12:15,15100,15655.984
2026-05-10,12:15 - 12:30,15100,15417.582
2026-05-10,12:30 - 12:45,15100,15455.687
2026-05-10,12:45 - 13:00,15100,15402.581
2026-05-10,13:00 - 13:15,15100,15501.63
2026-05-10,13:15 - 13:30,15100,15341.729
2026-05-10,13:30 - 13:45,15100,15215.272
2026-05-10,13:45 - 14:00,15100,15350.258
2026-05-10,14:00 - 14:15,15100,15332.464
2026-05-10,14:15 - 14:30,15100,14685.228
2026-05-10,14:30 - 14:45,15100,14706.694
2026-05-10,14:45 - 15:00,15100,14713.162
2026-05-10,15:00 - 15:15,15100,14662.199
2026-05-10,15:15 - 15:30,15100,14572.699
2026-05-10,15:30 - 15:45,15100,14358.988
2026-05-10,15:45 - 16:00,15100,14418.721
2026-05-10,16:00 - 16:15,15100,14132.8
2026-05-10,16:15 - 16:30,15100,14484.807
2026-05-10,16:30 - 16:45,15150,14472.519
2026-05-10,16:45 - 17:00,15250,14854.104
2026-05-10,17:00 - 17:15,15500,14802.333
2026-05-10,17:15 - 17:30,15700,14911.857
2026-05-10,17:30 - 17:45,15850,15274.754
2026-05-10,17:45 - 18:00,16000,15337.174
2026-05-10,18:00 - 18:15,16150,15850.781
2026-05-10,18:15 - 18:30,16200,15774.188
2026-05-10,18:30 - 18:45,16250,15859.083
2026-05-10,18:45 - 19:00,16300,16053.731
2026-05-10,19:00 - 19:15,16350,16160.362
2026-05-10,19:15 - 19:30,16350,16179.22
2026-05-10,19:30 - 19:45,16350,16291.021
2026-05-10,19:45 - 20:00,16350,16293.242
2026-05-10,20:00 - 20:15,16350,16377.78
2026-05-10,20:15 - 20:30,16450,16641.176
2026-05-10,20:30 - 20:45,16500,16715.807
2026-05-10,20:45 - 21:00,16500,16704.205
2026-05-10,21:00 - 21:15,16500,16761.592
2026-05-10,21:15 - 21:30,16400,16521.607
2026-05-10,21:30 - 21:45,16200,16020.418
2026-05-10,21:45 - 22:00,15900,15843.576
2026-05-10,22:00 - 22:15,15700,15631.213
2026-05-10,22:15 - 22:30,15400,15391.443
2026-05-10,22:30 - 22:45,15150,14790.301
2026-05-10,22:45 - 23:00,14850,14797.248
2026-05-10,23:00 - 23:15,14550,14520.004
2026-05-10,23:15 - 23:30,14250,14054.843
2026-05-10,23:30 - 23:45,14000,13794.829
2026-05-10,23:45 - 24:00,13650,13629.754
2026-05-11,00:00 - 00:15,13550,13462.326
2026-05-11,00:15 - 00:30,13400,13334.718
2026-05-11,00:30 - 00:45,13250,13142.595
2026-05-11,00:45 - 01:00,13150,13132.848
2026-05-11,01:00 - 01:15,13050,12820.221
2026-05-11,01:15 - 01:30,13000,12927.862
2026-05-11,01:30 - 01:45,12950,12850.809
2026-05-11,01:45 - 02:00,12850,12681.9
2026-05-11,02:00 - 02:15,12850,12638.036
2026-05-11,02:15 - 02:30,12850,12533.35
2026-05-11,02:30 - 02:45,12850,12617.228
2026-05-11,02:45 - 03:00,12850,12537.283
2026-05-11,03:00 - 03:15,12850,12608.59
2026-05-11,03:15 - 03:30,12850,12658.796
2026-05-11,03:30 - 03:45,12850,12573.191
2026-05-11,03:45 - 04:00,12850,12849.198
2026-05-11,04:00 - 04:15,12900,12999.519
2026-05-11,04:15 - 04:30,13000,13080.466
2026-05-11,04:30 - 04:45,13050,12851.633
2026-05-11,04:45 - 05:00,13100,13157.884
2026-05-11,05:00 - 05:15,13300,13348.466
2026-05-11,05:15 - 05:30,13600,13355.111
2026-05-11,05:30 - 05:45,14050,13887.52
2026-05-11,05:45 - 06:00,14700,14619.062
2026-05-11,06:00 - 06:15,16100,15725.536
2026-05-11,06:15 - 06:30,16750,16430.46
2026-05-11,06:30 - 06:45,17300,16901.79
2026-05-11,06:45 - 07:00,17950,17334.967
2026-05-11,07:00 - 07:15,18450,17954.457
2026-05-11,07:15 - 07:30,18800,18277.912
2026-05-11,07:30 - 07:45,19000,18425.4
2026-05-11,07:45 - 08:00,19250,18458.146
2026-05-11,08:00 - 08:15,19500,18434.133
2026-05-11,08:15 - 08:30,19650,18751.88
2026-05-11,08:30 - 08:45,19650,18636.855
2026-05-11,08:45 - 09:00,19650,18790.64
2026-05-11,09:00 - 09:15,19650,18731.219
2026-05-11,09:15 - 09:30,19650,18734.262
2026-05-11,09:30 - 09:45,19650,18841.936
2026-05-11,09:45 - 10:00,19600,18767.355
2026-05-11,10:00 - 10:15,19600,18690.902
2026-05-11,10:15 - 10:30,19600,18520.965
2026-05-11,10:30 - 10:45,19700,18696.262
2026-05-11,10:45 - 11:00,19850,18775.352
2026-05-11,11:00 - 11:15,19950,18856.943
2026-05-11,11:15 - 11:30,20050,18872.318
2026-05-11,11:30 - 11:45,20200,19136.053
2026-05-11,11:45 - 12:00,20250,19045.137
2026-05-11,12:00 - 12:15,20250,19141.824
2026-05-11,12:15 - 12:30,20250,19258.412
2026-05-11,12:30 - 12:45,20250,19614.47
2026-05-11,12:45 - 13:00,20250,20115.475
2026-05-11,13:00 - 13:15,20250,20127.3
2026-05-11,13:15 - 13:30,20250,19603.672
2026-05-11,13:30 - 13:45,20100,19705.002
2026-05-11,13:45 - 14:00,19650,19167.154
2026-05-11,14:00 - 14:15,19900,18969.031
2026-05-11,14:15 - 14:30,20000,19261.367
2026-05-11,14:30 - 14:45,20100,19506.146
2026-05-11,14:45 - 15:00,20150,19112.72
2026-05-11,15:00 - 15:15,20250,18900.275
2026-05-11,15:15 - 15:30,20250,19261.084
2026-05-11,15:30 - 15:45,20250,19758.732
2026-05-11,15:45 - 16:00,20250,19689.518
2026-05-11,16:00 - 16:15,20250,19673.371
2026-05-11,16:15 - 16:30,20250,19631.79
2026-05-11,16:30 - 16:45,20250,19482.102
2026-05-11,16:45 - 17:00,20250,19549.76
2026-05-11,17:00 - 17:15,20250,19668.723
2026-05-11,17:15 - 17:30,20250,19271.2
2026-05-11,17:30 - 17:45,20250,19660.432
2026-05-11,17:45 - 18:00,20300,19397.738
2026-05-11,18:00 - 18:15,20400,19577.068
2026-05-11,18:15 - 18:30,20450,19679.56
2026-05-11,18:30 - 18:45,20500,19631.135
2026-05-11,18:45 - 19:00,20500,19747.098
2026-05-11,19:00 - 19:15,20600,19860.219
2026-05-11,19:15 - 19:30,20750,19852.5
2026-05-11,19:30 - 19:45,20800,19869.473
2026-05-11,19:45 - 20:00,20850,20153.172
2026-05-11,20:00 - 20:15,20850,19824.742
2026-05-11,20:15 - 20:30,20850,20034.668
2026-05-11,20:30 - 20:45,20850,20015.898
2026-05-11,20:45 - 21:00,20800,19692.023
2026-05-11,21:00 - 21:15,20300,19609.12
2026-05-11,21:15 - 21:30,19900,19088.05
2026-05-11,21:30 - 21:45,19250,18618.363
2026-05-11,21:45 - 22:00,18650,17763.818
2026-05-11,22:00 - 22:15,18350,17599.129
2026-05-11,22:15 - 22:30,18100,17300.865
2026-05-11,22:30 - 22:45,17750,16951.379
2026-05-11,22:45 - 23:00,17350,16422.791
2026-05-11,23:00 - 23:15,17050,16082.443
2026-05-11,23:15 - 23:30,16700,15703.379
2026-05-11,23:30 - 23:45,16350,15326.03
2026-05-11,23:45 - 24:00,16050,15004.625
2026-05-12,00:00 - 00:15,15950,15015.895
2026-05-12,00:15 - 00:30,15800,14780.336
2026-05-12,00:30 - 00:45,15650,14527.713
2026-05-12,00:45 - 01:00,15500,14615.466
2026-05-12,01:00 - 01:15,15350,14674.895
2026-05-12,01:15 - 01:30,15250,14099.697
2026-05-12,01:30 - 01:45,15150,14225.909
2026-05-12,01:45 - 02:00,15050,14016.054
2026-05-12,02:00 - 02:15,14950,13883.734
2026-05-12,02:15 - 02:30,14950,13917.957
2026-05-12,02:30 - 02:45,14950,13815.792
2026-05-12,02:45 - 03:00,14950,14085.726
2026-05-12,03:00 - 03:15,14950,14127.361
2026-05-12,03:15 - 03:30,14950,14087.955
2026-05-12,03:30 - 03:45,14950,14233.787
2026-05-12,03:45 - 04:00,14950,14539.846
2026-05-12,04:00 - 04:15,15000,14549.188
2026-05-12,04:15 - 04:30,15050,14529.198
2026-05-12,04:30 - 04:45,15100,14437.7
2026-05-12,04:45 - 05:00,15050,14639.268
2026-05-12,05:00 - 05:15,15300,14985.591
2026-05-12,05:15 - 05:30,15450,14872.103
2026-05-12,05:30 - 05:45,15800,15504.79
2026-05-12,05:45 - 06:00,16400,15856.559
2026-05-12,06:00 - 06:15,17450,16748.082
2026-05-12,06:15 - 06:30,18050,17364.889
2026-05-12,06:30 - 06:45,18500,18071.396
2026-05-12,06:45 - 07:00,19000,18527.0
2026-05-12,07:00 - 07:15,19400,19151.338
2026-05-12,07:15 - 07:30,19700,19419.867
2026-05-12,07:30 - 07:45,19900,19767.025
2026-05-12,07:45 - 08:00,20150,19703.639
2026-05-12,08:00 - 08:15,20250,20070.465
2026-05-12,08:15 - 08:30,20300,20194.715
2026-05-12,08:30 - 08:45,20300,20331.424
2026-05-12,08:45 - 09:00,20300,20086.482
2026-05-12,09:00 - 09:15,20300,20305.742
2026-05-12,09:15 - 09:30,20300,20505.709
2026-05-12,09:30 - 09:45,20300,20348.436
2026-05-12,09:45 - 10:00,20200,20052.658
2026-05-12,10:00 - 10:15,20200,19689.773
2026-05-12,10:15 - 10:30,20250,19323.27
2026-05-12,10:30 - 10:45,20300,19794.63
2026-05-12,10:45 - 11:00,20350,19752.457
2026-05-12,11:00 - 11:15,20450,19549.346
2026-05-12,11:15 - 11:30,20500,19371.787
2026-05-12,11:30 - 11:45,20550,19914.238
2026-05-12,11:45 - 12:00,20600,20112.738
2026-05-12,12:00 - 12:15,20650,20126.0
2026-05-12,12:15 - 12:30,20700,20496.701
2026-05-12,12:30 - 12:45,20700,20187.084
2026-05-12,12:45 - 13:00,20700,20021.254
2026-05-12,13:00 - 13:15,20700,19793.457
2026-05-12,13:15 - 13:30,20600,20099.275
2026-05-12,13:30 - 13:45,20300,20192.676
2026-05-12,13:45 - 14:00,19900,20008.996
2026-05-12,14:00 - 14:15,20150,20453.865
2026-05-12,14:15 - 14:30,20250,19984.96
2026-05-12,14:30 - 14:45,20300,20201.879
2026-05-12,14:45 - 15:00,20350,19600.775
2026-05-12,15:00 - 15:15,20400,19752.574
2026-05-12,15:15 - 15:30,20450,19854.957
2026-05-12,15:30 - 15:45,20450,19507.139
2026-05-12,15:45 - 16:00,20450,20200.02
2026-05-12,16:00 - 16:15,20450,19939.303
2026-05-12,16:15 - 16:30,20450,19438.852
2026-05-12,16:30 - 16:45,20450,19805.47
2026-05-12,16:45 - 17:00,20450,19273.193
2026-05-12,17:00 - 17:15,20450,19521.295
2026-05-12,17:15 - 17:30,20450,19369.887
2026-05-12,17:30 - 17:45,20450,19397.2
2026-05-12,17:45 - 18:00,20450,19324.164
2026-05-12,18:00 - 18:15,20500,19148.754
2026-05-12,18:15 - 18:30,20600,19591.225
2026-05-12,18:30 - 18:45,20650,19901.17
2026-05-12,18:45 - 19:00,20700,19847.516
2026-05-12,19:00 - 19:15,20750,20083.686
2026-05-12,19:15 - 19:30,20850,20177.367
2026-05-12,19:30 - 19:45,20950,20280.684
2026-05-12,19:45 - 20:00,20950,20248.64
2026-05-12,20:00 - 20:15,20950,20390.934
2026-05-12,20:15 - 20:30,20950,20484.94
2026-05-12,20:30 - 20:45,20950,20703.566
2026-05-12,20:45 - 21:00,20950,20474.744
2026-05-12,21:00 - 21:15,20600,20174.328
2026-05-12,21:15 - 21:30,20150,19711.867
2026-05-12,21:30 - 21:45,19700,19442.812
2026-05-12,21:45 - 22:00,19000,18669.518
2026-05-12,22:00 - 22:15,18700,18670.844
2026-05-12,22:15 - 22:30,18300,18197.527
2026-05-12,22:30 - 22:45,18000,17824.602
2026-05-12,22:45 - 23:00,17650,17402.422
2026-05-12,23:00 - 23:15,17300,16919.781
2026-05-12,23:15 - 23:30,16950,16656.781
2026-05-12,23:30 - 23:45,16600,16434.441
2026-05-12,23:45 - 24:00,16250,15722.018
2026-05-13,00:00 - 00:15,15800,15697.508
2026-05-13,00:15 - 00:30,15550,15644.97
2026-05-13,00:30 - 00:45,15400,15384.991
2026-05-13,00:45 - 01:00,15200,15030.669
2026-05-13,01:00 - 01:15,15050,15054.494
2026-05-13,01:15 - 01:30,14950,14813.405
2026-05-13,01:30 - 01:45,14850,14757.686
2026-05-13,01:45 - 02:00,14700,14417.15
2026-05-13,02:00 - 02:15,14600,14548.667
2026-05-13,02:15 - 02:30,14600,14456.186
2026-05-13,02:30 - 02:45,14600,14637.174
2026-05-13,02:45 - 03:00,14600,14534.097
2026-05-13,03:00 - 03:15,14600,14551.458
2026-05-13,03:15 - 03:30,14600,14532.034
2026-05-13,03:30 - 03:45,14600,14719.601
2026-05-13,03:45 - 04:00,14600,14671.166
2026-05-13,04:00 - 04:15,14600,14738.827
2026-05-13,04:15 - 04:30,14700,14790.898
2026-05-13,04:30 - 04:45,14750,14941.68
2026-05-13,04:45 - 05:00,14650,15022.233
2026-05-13,05:00 - 05:15,14950,15200.557
2026-05-13,05:15 - 05:30,15150,15242.241
2026-05-13,05:30 - 05:45,15450,15684.867
2026-05-13,05:45 - 06:00,16000,16008.572
2026-05-13,06:00 - 06:15,17100,17146.523
2026-05-13,06:15 - 06:30,17750,17739.45
2026-05-13,06:30 - 06:45,18200,18048.045
2026-05-13,06:45 - 07:00,18800,18418.887
2026-05-13,07:00 - 07:15,19350,18828.174
2026-05-13,07:15 - 07:30,19600,18771.658
2026-05-13,07:30 - 07:45,19750,19112.697
2026-05-13,07:45 - 08:00,19850,19080.932
2026-05-13,08:00 - 08:15,20000,19289.896
2026-05-13,08:15 - 08:30,20100,19347.154
2026-05-13,08:30 - 08:45,20150,19582.594
2026-05-13,08:45 - 09:00,20100,19636.133
2026-05-13,09:00 - 09:15,20150,19802.555
2026-05-13,09:15 - 09:30,20050,19602.412
2026-05-13,09:30 - 09:45,19900,19648.111
2026-05-13,09:45 - 10:00,19700,20471.795
2026-05-13,10:00 - 10:15,19550,19893.516
2026-05-13,10:15 - 10:30,19650,20065.275
2026-05-13,10:30 - 10:45,19850,20737.9
2026-05-13,10:45 - 11:00,19950,19892.297
2026-05-13,11:00 - 11:15,19950,20856.088
2026-05-13,11:15 - 11:30,20200,20611.672
2026-05-13,11:30 - 11:45,20250,20454.975
2026-05-13,11:45 - 12:00,20200,21353.299
2026-05-13,12:00 - 12:15,20200,20663.145
2026-05-13,12:15 - 12:30,20300,20432.668
2026-05-13,12:30 - 12:45,20200,20310.084
2026-05-13,12:45 - 13:00,20200,20992.71
2026-05-13,13:00 - 13:15,20100,20795.324
2026-05-13,13:15 - 13:30,20050,20152.549
2026-05-13,13:30 - 13:45,19800,20946.986
2026-05-13,13:45 - 14:00,19500,19568.031
2026-05-13,14:00 - 14:15,19650,19403.92
2026-05-13,14:15 - 14:30,19900,19370.232
2026-05-13,14:30 - 14:45,19850,19482.477
2026-05-13,14:45 - 15:00,19950,18667.102
2026-05-13,15:00 - 15:15,20000,18802.568
2026-05-13,15:15 - 15:30,20100,19404.174
2026-05-13,15:30 - 15:45,20100,19192.934
2026-05-13,15:45 - 16:00,20050,19700.314
2026-05-13,16:00 - 16:15,19950,19060.64
2026-05-13,16:15 - 16:30,20000,19618.086
2026-05-13,16:30 - 16:45,20100,19257.592
2026-05-13,16:45 - 17:00,20000,19407.426
2026-05-13,17:00 - 17:15,20050,19709.707
2026-05-13,17:15 - 17:30,20100,20144.51
2026-05-13,17:30 - 17:45,20150,19895.36
2026-05-13,17:45 - 18:00,20150,19691.12
2026-05-13,18:00 - 18:15,20150,19699.416
2026-05-13,18:15 - 18:30,20300,20114.736
2026-05-13,18:30 - 18:45,20450,20561.383
2026-05-13,18:45 - 19:00,20400,20600.781
2026-05-13,19:00 - 19:15,20450,20568.348
2026-05-13,19:15 - 19:30,20500,20408.473
2026-05-13,19:30 - 19:45,20650,20524.477
2026-05-13,19:45 - 20:00,20800,20506.955
2026-05-13,20:00 - 20:15,20850,20600.443
2026-05-13,20:15 - 20:30,20900,20644.78
2026-05-13,20:30 - 20:45,20850,20927.22
2026-05-13,20:45 - 21:00,20750,20683.6
2026-05-13,21:00 - 21:15,20450,20606.9
2026-05-13,21:15 - 21:30,20000,20230.904
2026-05-13,21:30 - 21:45,19550,19488.588
2026-05-13,21:45 - 22:00,18800,18600.518
2026-05-13,22:00 - 22:15,18550,18455.426
2026-05-13,22:15 - 22:30,18250,18042.035
2026-05-13,22:30 - 22:45,17900,17524.277
2026-05-13,22:45 - 23:00,17500,17248.031
2026-05-13,23:00 - 23:15,17150,16995.932
2026-05-13,23:15 - 23:30,16800,16678.863
2026-05-13,23:30 - 23:45,16450,16160.855
2026-05-13,23:45 - 24:00,16100,16095.781
2026-05-14,00:00 - 00:15,15650,15912.17
2026-05-14,00:15 - 00:30,15500,15588.52
2026-05-14,00:30 - 00:45,15350,15468.273
2026-05-14,00:45 - 01:00,15200,15300.401
2026-05-14,01:00 - 01:15,15050,15045.071
2026-05-14,01:15 - 01:30,14950,14971.556
2026-05-14,01:30 - 01:45,14850,14916.754
2026-05-14,01:45 - 02:00,14700,14722.194
2026-05-14,02:00 - 02:15,14600,14610.6
2026-05-14,02:15 - 02:30,14600,14567.66
2026-05-14,02:30 - 02:45,14600,14423.062
2026-05-14,02:45 - 03:00,14600,14572.82
2026-05-14,03:00 - 03:15,14600,14736.811
2026-05-14,03:15 - 03:30,14600,14523.793
2026-05-14,03:30 - 03:45,14600,14632.881
2026-05-14,03:45 - 04:00,14600,14719.627
2026-05-14,04:00 - 04:15,14600,14858.625
2026-05-14,04:15 - 04:30,14700,14674.84
2026-05-14,04:30 - 04:45,14750,14678.841
2026-05-14,04:45 - 05:00,14650,14839.982
2026-05-14,05:00 - 05:15,14950,15052.93
2026-05-14,05:15 - 05:30,15150,15284.163
2026-05-14,05:30 - 05:45,15450,15602.528
2026-05-14,05:45 - 06:00,16000,16241.123
2026-05-14,06:00 - 06:15,17100,17466.844
2026-05-14,06:15 - 06:30,17750,18046.129
2026-05-14,06:30 - 06:45,18200,18437.178
2026-05-14,06:45 - 07:00,18800,19109.816
2026-05-14,07:00 - 07:15,19300,19552.775
2026-05-14,07:15 - 07:30,19550,19535.203
2026-05-14,07:30 - 07:45,19650,19661.568
2026-05-14,07:45 - 08:00,19700,19916.13
2026-05-14,08:00 - 08:15,19700,20031.3
2026-05-14,08:15 - 08:30,19700,20042.996
2026-05-14,08:30 - 08:45,19700,19885.79
2026-05-14,08:45 - 09:00,19700,19544.793
2026-05-14,09:00 - 09:15,19700,19218.422
2026-05-14,09:15 - 09:30,19600,19413.299
2026-05-14,09:30 - 09:45,19500,19098.785
2026-05-14,09:45 - 10:00,19300,19043.383
2026-05-14,10:00 - 10:15,19300,19034.3
2026-05-14,10:15 - 10:30,19300,19179.541
2026-05-14,10:30 - 10:45,19350,19094.344
2026-05-14,10:45 - 11:00,19450,19478.328
2026-05-14,11:00 - 11:15,19550,19130.225
2026-05-14,11:15 - 11:30,19650,19129.656
2026-05-14,11:30 - 11:45,19700,19714.873
2026-05-14,11:45 - 12:00,19750,19867.89
2026-05-14,12:00 - 12:15,19800,19949.004
2026-05-14,12:15 - 12:30,19800,20385.473
2026-05-14,12:30 - 12:45,19800,20068.438
2026-05-14,12:45 - 13:00,19800,20510.133
2026-05-14,13:00 - 13:15,19700,20611.459
2026-05-14,13:15 - 13:30,19600,19463.234
2026-05-14,13:30 - 13:45,19400,19562.078
2026-05-14,13:45 - 14:00,19100,19201.75
2026-05-14,14:00 - 14:15,19250,19562.867
2026-05-14,14:15 - 14:30,19400,19231.691
2026-05-14,14:30 - 14:45,19500,18743.777
2026-05-14,14:45 - 15:00,19650,19375.441
2026-05-14,15:00 - 15:15,19750,18885.55
2026-05-14,15:15 - 15:30,19800,19315.56
2026-05-14,15:30 - 15:45,19800,19239.89
2026-05-14,15:45 - 16:00,19800,18755.992
2026-05-14,16:00 - 16:15,19850,18871.64
2026-05-14,16:15 - 16:30,19850,19688.914
2026-05-14,16:30 - 16:45,19850,19176.383
2026-05-14,16:45 - 17:00,19900,18917.627
2026-05-14,17:00 - 17:15,20000,19289.285
2026-05-14,17:15 - 17:30,20000,19400.328
2026-05-14,17:30 - 17:45,20050,19495.238
2026-05-14,17:45 - 18:00,20050,19567.443
2026-05-14,18:00 - 18:15,20100,19842.188
2026-05-14,18:15 - 18:30,20250,20193.893
2026-05-14,18:30 - 18:45,20300,20697.314
2026-05-14,18:45 - 19:00,20300,20257.512
2026-05-14,19:00 - 19:15,20350,20659.42
2026-05-14,19:15 - 19:30,20400,20602.184
2026-05-14,19:30 - 19:45,20550,20672.182
2026-05-14,19:45 - 20:00,20650,20860.365
2026-05-14,20:00 - 20:15,20700,20958.61
2026-05-14,20:15 - 20:30,20800,20694.8
2026-05-14,20:30 - 20:45,20800,21132.807
2026-05-14,20:45 - 21:00,20700,21093.523
2026-05-14,21:00 - 21:15,20450,20697.363
2026-05-14,21:15 - 21:30,20000,20388.05
2026-05-14,21:30 - 21:45,19550,19965.67
2026-05-14,21:45 - 22:00,18850,19239.445
2026-05-14,22:00 - 22:15,18550,18744.21
2026-05-14,22:15 - 22:30,18150,18631.396
2026-05-14,22:30 - 22:45,17850,18050.3
2026-05-14,22:45 - 23:00,17500,17671.459
2026-05-14,23:00 - 23:15,17150,17316.541
2026-05-14,23:15 - 23:30,16800,16863.986
2026-05-14,23:30 - 23:45,16450,16674.186
2026-05-14,23:45 - 24:00,16100,16389.549
2026-05-15,00:00 - 00:15,15650,16201.141
2026-05-15,00:15 - 00:30,15500,15978.695
2026-05-15,00:30 - 00:45,15350,15775.239
2026-05-15,00:45 - 01:00,15200,15588.205
2026-05-15,01:00 - 01:15,15050,15503.687
2026-05-15,01:15 - 01:30,14950,15390.628
2026-05-15,01:30 - 01:45,14850,15153.455
2026-05-15,01:45 - 02:00,14700,15311.945
2026-05-15,02:00 - 02:15,14600,15166.137
2026-05-15,02:15 - 02:30,14600,15005.728
2026-05-15,02:30 - 02:45,14600,15038.064
2026-05-15,02:45 - 03:00,14600,14999.945
2026-05-15,03:00 - 03:15,14600,15031.783
2026-05-15,03:15 - 03:30,14600,14965.94
2026-05-15,03:30 - 03:45,14600,15187.216
2026-05-15,03:45 - 04:00,14750,15125.196
2026-05-15,04:00 - 04:15,14750,15134.725
2026-05-15,04:15 - 04:30,14850,14988.683
2026-05-15,04:30 - 04:45,14900,15173.683
2026-05-15,04:45 - 05:00,14950,15259.484
2026-05-15,05:00 - 05:15,15100,15645.484
2026-05-15,05:15 - 05:30,15300,15617.795
2026-05-15,05:30 - 05:45,15600,15787.638
2026-05-15,05:45 - 06:00,16150,16329.604
2026-05-15,06:00 - 06:15,17100,17742.291
2026-05-15,06:15 - 06:30,17750,18373.639
2026-05-15,06:30 - 06:45,18300,18899.758
2026-05-15,06:45 - 07:00,18800,19383.467
2026-05-15,07:00 - 07:15,19150,19867.215
2026-05-15,07:15 - 07:30,19500,19972.098
2026-05-15,07:30 - 07:45,19800,20312.105
2026-05-15,07:45 - 08:00,20000,20238.092
2026-05-15,08:00 - 08:15,20150,20515.521
2026-05-15,08:15 - 08:30,20200,20599.326
2026-05-15,08:30 - 08:45,20200,20604.281
2026-05-15,08:45 - 09:00,20200,20685.953
2026-05-15,09:00 - 09:15,20200,20813.758
2026-05-15,09:15 - 09:30,20200,20601.166
2026-05-15,09:30 - 09:45,20200,20422.125
2026-05-15,09:45 - 10:00,20100,20446.404
2026-05-15,10:00 - 10:15,19950,20628.553
2026-05-15,10:15 - 10:30,19900,20535.168
2026-05-15,10:30 - 10:45,19900,20868.348
2026-05-15,10:45 - 11:00,19900,20456.781
2026-05-15,11:00 - 11:15,19900,20456.938
2026-05-15,11:15 - 11:30,20000,20974.623
2026-05-15,11:30 - 11:45,20100,20799.799
2026-05-15,11:45 - 12:00,20150,21037.152
2026-05-15,12:00 - 12:15,20200,20733.52
2026-05-15,12:15 - 12:30,20200,21202.31
2026-05-15,12:30 - 12:45,20200,20997.584
2026-05-15,12:45 - 13:00,20200,20912.81
2026-05-15,13:00 - 13:15,20150,21288.445
2026-05-15,13:15 - 13:30,20050,21791.033
2026-05-15,13:30 - 13:45,19850,21187.732
2026-05-15,13:45 - 14:00,19600,20377.967
2026-05-15,14:00 - 14:15,19750,20472.465
2026-05-15,14:15 - 14:30,19850,20299.695
2026-05-15,14:30 - 14:45,19850,20861.576
2026-05-15,14:45 - 15:00,19900,19815.613
2026-05-15,15:00 - 15:15,19950,19660.26
2026-05-15,15:15 - 15:30,19950,19828.098
2026-05-15,15:30 - 15:45,19950,19852.398
2026-05-15,15:45 - 16:00,19950,20165.943
2026-05-15,16:00 - 16:15,19950,20120.672
2026-05-15,16:15 - 16:30,19950,19862.719
2026-05-15,16:30 - 16:45,19950,20249.791
2026-05-15,16:45 - 17:00,19950,20013.795
2026-05-15,17:00 - 17:15,20000,20431.396
2026-05-15,17:15 - 17:30,20000,20064.115
2026-05-15,17:30 - 17:45,20000,19954.47
2026-05-15,17:45 - 18:00,20000,19869.713
2026-05-15,18:00 - 18:15,20000,19920.46
2026-05-15,18:15 - 18:30,20050,20310.965
2026-05-15,18:30 - 18:45,20200,20388.47
2026-05-15,18:45 - 19:00,20200,20235.24
2026-05-15,19:00 - 19:15,20300,20425.277
2026-05-15,19:15 - 19:30,20350,20629.393
2026-05-15,19:30 - 19:45,20450,20458.094
2026-05-15,19:45 - 20:00,20450,20562.215
2026-05-15,20:00 - 20:15,20450,20408.143
2026-05-15,20:15 - 20:30,20450,20434.07
2026-05-15,20:30 - 20:45,20450,20700.314
2026-05-15,20:45 - 21:00,20400,20644.355
2026-05-15,21:00 - 21:15,20100,20326.7
2026-05-15,21:15 - 21:30,19700,20160.965
2026-05-15,21:30 - 21:45,19250,19503.254
2026-05-15,21:45 - 22:00,18550,19064.275
2026-05-15,22:00 - 22:15,18350,18875.842
2026-05-15,22:15 - 22:30,18000,18613.717
2026-05-15,22:30 - 22:45,17650,18331.393
2026-05-15,22:45 - 23:00,17250,17999.58
2026-05-15,23:00 - 23:15,16900,17653.318
2026-05-15,23:15 - 23:30,16600,17282.592
2026-05-15,23:30 - 23:45,16250,16929.764
2026-05-15,23:45 - 24:00,15900,16522.053
2026-05-16,00:00 - 00:15,15750,16283.132
2026-05-16,00:15 - 00:30,15500,16040.454
2026-05-16,00:30 - 00:45,15300,15905.71
2026-05-16,00:45 - 01:00,15100,15509.059
2026-05-16,01:00 - 01:15,14900,15330.931
2026-05-16,01:15 - 01:30,14750,15311.202
2026-05-16,01:30 - 01:45,14650,15244.449
2026-05-16,01:45 - 02:00,14550,14985.321
2026-05-16,02:00 - 02:15,14500,14752.048
2026-05-16,02:15 - 02:30,14450,14763.065
2026-05-16,02:30 - 02:45,14450,14814.619
2026-05-16,02:45 - 03:00,14450,14527.32
2026-05-16,03:00 - 03:15,14450,14686.094
2026-05-16,03:15 - 03:30,14450,14554.388
2026-05-16,03:30 - 03:45,14450,14437.086
2026-05-16,03:45 - 04:00,14450,14600.829
2026-05-16,04:00 - 04:15,14450,14667.176
2026-05-16,04:15 - 04:30,14350,14488.541
2026-05-16,04:30 - 04:45,14250,14453.385
2026-05-16,04:45 - 05:00,14300,14606.945
2026-05-16,05:00 - 05:15,14300,14507.287
2026-05-16,05:15 - 05:30,14300,14467.047
2026-05-16,05:30 - 05:45,14300,14367.469
2026-05-16,05:45 - 06:00,14350,14318.747
2026-05-16,06:00 - 06:15,14800,15095.789
2026-05-16,06:15 - 06:30,15100,15168.749
2026-05-16,06:30 - 06:45,15400,15346.883
2026-05-16,06:45 - 07:00,15650,15717.671
2026-05-16,07:00 - 07:15,16000,16059.014
2026-05-16,07:15 - 07:30,16300,16304.035
2026-05-16,07:30 - 07:45,16550,16508.803
2026-05-16,07:45 - 08:00,16800,16738.348
2026-05-16,08:00 - 08:15,17100,16977.764
2026-05-16,08:15 - 08:30,17350,17208.926
2026-05-16,08:30 - 08:45,17550,17630.383
2026-05-16,08:45 - 09:00,17750,17700.14
2026-05-16,09:00 - 09:15,17900,17739.12
2026-05-16,09:15 - 09:30,18000,18075.213
2026-05-16,09:30 - 09:45,18100,18135.621
2026-05-16,09:45 - 10:00,18200,18135.693
2026-05-16,10:00 - 10:15,18300,18408.465
2026-05-16,10:15 - 10:30,18350,18262.863
2026-05-16,10:30 - 10:45,18350,18343.902
2026-05-16,10:45 - 11:00,18350,18086.205
2026-05-16,11:00 - 11:15,18350,18222.66
2026-05-16,11:15 - 11:30,18350,18358.58
2026-05-16,11:30 - 11:45,18350,18106.773
2026-05-16,11:45 - 12:00,18350,18094.76
2026-05-16,12:00 - 12:15,18350,18590.35
2026-05-16,12:15 - 12:30,18350,18512.49
2026-05-16,12:30 - 12:45,18350,18651.193
2026-05-16,12:45 - 13:00,18350,18230.273
2026-05-16,13:00 - 13:15,18350,18198.229
2026-05-16,13:15 - 13:30,18350,18061.088
2026-05-16,13:30 - 13:45,18300,18126.553
2026-05-16,13:45 - 14:00,18200,17654.553
2026-05-16,14:00 - 14:15,18050,17499.36
2026-05-16,14:15 - 14:30,17900,17427.28
2026-05-16,14:30 - 14:45,17800,17581.377
2026-05-16,14:45 - 15:00,17700,17163.629
2026-05-16,15:00 - 15:15,17600,17267.021
2026-05-16,15:15 - 15:30,17500,17328.324
2026-05-16,15:30 - 15:45,17400,17457.193
2026-05-16,15:45 - 16:00,17350,17732.633
2026-05-16,16:00 - 16:15,17300,17281.627
2026-05-16,16:15 - 16:30,17300,17077.576
2026-05-16,16:30 - 16:45,17300,17375.81
2026-05-16,16:45 - 17:00,17300,17110.836
2026-05-16,17:00 - 17:15,17350,17172.346
2026-05-16,17:15 - 17:30,17450,17123.54
2026-05-16,17:30 - 17:45,17600,17116.006
2026-05-16,17:45 - 18:00,17700,16820.758
2026-05-16,18:00 - 18:15,17700,17229.896
2026-05-16,18:15 - 18:30,17750,17421.564
2026-05-16,18:30 - 18:45,17900,17173.357
2026-05-16,18:45 - 19:00,17900,17310.93
2026-05-16,19:00 - 19:15,17900,17659.771
2026-05-16,19:15 - 19:30,17900,17676.463
2026-05-16,19:30 - 19:45,17900,17677.445
2026-05-16,19:45 - 20:00,17900,17706.705
2026-05-16,20:00 - 20:15,17900,17606.184
2026-05-16,20:15 - 20:30,17900,17707.502
2026-05-16,20:30 - 20:45,17850,17788.176
2026-05-16,20:45 - 21:00,17800,17932.236
2026-05-16,21:00 - 21:15,17600,17777.742
2026-05-16,21:15 - 21:30,17450,17508.84
2026-05-16,21:30 - 21:45,17100,17192.967
2026-05-16,21:45 - 22:00,16800,16999.18
2026-05-16,22:00 - 22:15,16500,16737.94
2026-05-16,22:15 - 22:30,16200,16415.754
2026-05-16,22:30 - 22:45,15950,15881.705
2026-05-16,22:45 - 23:00,15650,15738.085
2026-05-16,23:00 - 23:15,15400,15445.073
2026-05-16,23:15 - 23:30,15050,15022.048
2026-05-16,23:30 - 23:45,14750,14814.589
2026-05-16,23:45 - 24:00,14450,14551.269
2026-05-17,00:00 - 00:15,14300,14315.681
2026-05-17,00:15 - 00:30,14150,14117.225
2026-05-17,00:30 - 00:45,13950,13900.38
2026-05-17,00:45 - 01:00,13750,13835.699
2026-05-17,01:00 - 01:15,13600,13532.885
2026-05-17,01:15 - 01:30,13450,13399.655
2026-05-17,01:30 - 01:45,13350,13258.411
2026-05-17,01:45 - 02:00,13300,13088.739
2026-05-17,02:00 - 02:15,13200,12997.198
2026-05-17,02:15 - 02:30,13150,13017.233
2026-05-17,02:30 - 02:45,13150,12887.767
2026-05-17,02:45 - 03:00,13150,12892.654
2026-05-17,03:00 - 03:15,13150,12932.951
2026-05-17,03:15 - 03:30,13150,12713.294
2026-05-17,03:30 - 03:45,13150,12863.315
2026-05-17,03:45 - 04:00,13150,12788.773
2026-05-17,04:00 - 04:15,13050,12713.893
2026-05-17,04:15 - 04:30,12950,12671.753
2026-05-17,04:30 - 04:45,12850,12423.82
2026-05-17,04:45 - 05:00,12800,12608.805
2026-05-17,05:00 - 05:15,12800,12452.232
2026-05-17,05:15 - 05:30,12800,12624.913
2026-05-17,05:30 - 05:45,12800,12605.763
2026-05-17,05:45 - 06:00,12900,12404.999
2026-05-17,06:00 - 06:15,13200,12967.531
2026-05-17,06:15 - 06:30,13400,13015.676
2026-05-17,06:30 - 06:45,13550,13292.003
2026-05-17,06:45 - 07:00,13700,13506.101
2026-05-17,07:00 - 07:15,13900,13614.587
2026-05-17,07:15 - 07:30,14150,13777.165
2026-05-17,07:30 - 07:45,14400,13734.463
2026-05-17,07:45 - 08:00,14650,14240.455
2026-05-17,08:00 - 08:15,14850,14583.525
2026-05-17,08:15 - 08:30,15050,14656.274
2026-05-17,08:30 - 08:45,15250,14773.078
2026-05-17,08:45 - 09:00,15450,14861.505
2026-05-17,09:00 - 09:15,15650,15271.672
2026-05-17,09:15 - 09:30,15800,15335.692
2026-05-17,09:30 - 09:45,15950,15682.547
2026-05-17,09:45 - 10:00,16050,15849.986
2026-05-17,10:00 - 10:15,16150,16087.65
2026-05-17,10:15 - 10:30,16250,15872.76
2026-05-17,10:30 - 10:45,16300,16116.598
2026-05-17,10:45 - 11:00,16350,16199.258
2026-05-17,11:00 - 11:15,16350,16044.427
2026-05-17,11:15 - 11:30,16350,16410.318
2026-05-17,11:30 - 11:45,16350,16006.517
2026-05-17,11:45 - 12:00,16350,16570.94
2026-05-17,12:00 - 12:15,16350,16292.377
2026-05-17,12:15 - 12:30,16350,16494.076
2026-05-17,12:30 - 12:45,16350,16657.938
2026-05-17,12:45 - 13:00,16350,16748.672
2026-05-17,13:00 - 13:15,16350,16601.576
2026-05-17,13:15 - 13:30,16350,16325.043
2026-05-17,13:30 - 13:45,16350,16381.623
2026-05-17,13:45 - 14:00,16350,16431.258
2026-05-17,14:00 - 14:15,16350,16740.771
2026-05-17,14:15 - 14:30,16300,16481.092
2026-05-17,14:30 - 14:45,16100,16474.314
2026-05-17,14:45 - 15:00,15950,16127.27
2026-05-17,15:00 - 15:15,15900,16358.106
2026-05-17,15:15 - 15:30,15900,16198.059
2026-05-17,15:30 - 15:45,15900,15920.407
2026-05-17,15:45 - 16:00,15900,16171.115
2026-05-17,16:00 - 16:15,15900,16119.2
2026-05-17,16:15 - 16:30,15950,15982.719
2026-05-17,16:30 - 16:45,16000,15989.536
2026-05-17,16:45 - 17:00,16000,15829.258
2026-05-17,17:00 - 17:15,16050,15781.985
2026-05-17,17:15 - 17:30,16200,16017.753
2026-05-17,17:30 - 17:45,16450,15887.462
2026-05-17,17:45 - 18:00,16550,16064.279
2026-05-17,18:00 - 18:15,16600,16317.785
2026-05-17,18:15 - 18:30,16650,16299.591
2026-05-17,18:30 - 18:45,16700,16584.826
2026-05-17,18:45 - 19:00,16850,16476.334
2026-05-17,19:00 - 19:15,16900,16636.13
2026-05-17,19:15 - 19:30,16950,16707.129
2026-05-17,19:30 - 19:45,17000,16567.531
2026-05-17,19:45 - 20:00,17000,16654.451
2026-05-17,20:00 - 20:15,17000,16681.348
2026-05-17,20:15 - 20:30,17000,16690.195
2026-05-17,20:30 - 20:45,17000,16686.65
2026-05-17,20:45 - 21:00,17000,16869.805
2026-05-17,21:00 - 21:15,16900,16865.312
2026-05-17,21:15 - 21:30,16750,16599.445
2026-05-17,21:30 - 21:45,16550,16315.682
2026-05-17,21:45 - 22:00,16150,16094.93
2026-05-17,22:00 - 22:15,15950,15930.498
2026-05-17,22:15 - 22:30,15700,15686.831
2026-05-17,22:30 - 22:45,15400,15445.284
2026-05-17,22:45 - 23:00,15100,15082.097
2026-05-17,23:00 - 23:15,14800,14787.403
2026-05-17,23:15 - 23:30,14450,14482.041
2026-05-17,23:30 - 23:45,14250,14283.739
2026-05-17,23:45 - 24:00,13950,14016.228
2026-05-18,00:00 - 00:15,13600,13950.992
2026-05-18,00:15 - 00:30,13450,13724.659
2026-05-18,00:30 - 00:45,13300,13619.198
2026-05-18,00:45 - 01:00,13200,13350.616
2026-05-18,01:00 - 01:15,13100,13287.638
2026-05-18,01:15 - 01:30,13050,13098.441
2026-05-18,01:30 - 01:45,13000,13223.216
2026-05-18,01:45 - 02:00,12900,13011.343
2026-05-18,02:00 - 02:15,12900,13140.71
2026-05-18,02:15 - 02:30,12900,13036.976
2026-05-18,02:30 - 02:45,12900,13163.792
2026-05-18,02:45 - 03:00,12900,13073.859
2026-05-18,03:00 - 03:15,12900,13048.411
2026-05-18,03:15 - 03:30,12900,13081.977
2026-05-18,03:30 - 03:45,12900,13174.79
2026-05-18,03:45 - 04:00,12950,13083.1
2026-05-18,04:00 - 04:15,13050,13370.352
2026-05-18,04:15 - 04:30,13150,13283.332
2026-05-18,04:30 - 04:45,13150,13427.935
2026-05-18,04:45 - 05:00,13250,13539.505
2026-05-18,05:00 - 05:15,13450,13742.496
2026-05-18,05:15 - 05:30,13700,13880.627
2026-05-18,05:30 - 05:45,14200,14651.499
2026-05-18,05:45 - 06:00,15000,15364.603
2026-05-18,06:00 - 06:15,16050,16392.32
2026-05-18,06:15 - 06:30,16750,17141.705
2026-05-18,06:30 - 06:45,17250,17746.297
2026-05-18,06:45 - 07:00,17800,18294.248
2026-05-18,07:00 - 07:15,18300,18990.68
2026-05-18,07:15 - 07:30,18700,19183.229
2026-05-18,07:30 - 07:45,18900,19460.586
2026-05-18,07:45 - 08:00,19100,19987.305
2026-05-18,08:00 - 08:15,19200,20032.754
2026-05-18,08:15 - 08:30,19250,20188.928
2026-05-18,08:30 - 08:45,19250,20323.785
2026-05-18,08:45 - 09:00,19250,20483.916
2026-05-18,09:00 - 09:15,19250,20346.467
2026-05-18,09:15 - 09:30,19250,20223.09
2026-05-18,09:30 - 09:45,19250,20315.564
2026-05-18,09:45 - 10:00,19100,20352.934
2026-05-18,10:00 - 10:15,19100,20153.736
2026-05-18,10:15 - 10:30,19150,20196.428
2026-05-18,10:30 - 10:45,19200,20230.463
2026-05-18,10:45 - 11:00,19300,20252.44
2026-05-18,11:00 - 11:15,19400,20132.725
2026-05-18,11:15 - 11:30,19500,20646.389
2026-05-18,11:30 - 11:45,19650,20473.074
2026-05-18,11:45 - 12:00,19700,20633.816
2026-05-18,12:00 - 12:15,19700,20366.22
2026-05-18,12:15 - 12:30,19700,20230.139
2026-05-18,12:30 - 12:45,19700,20259.697
2026-05-18,12:45 - 13:00,19700,19836.938
2026-05-18,13:00 - 13:15,19700,20164.492
2026-05-18,13:15 - 13:30,19700,19811.129
2026-05-18,13:30 - 13:45,19550,20042.256
2026-05-18,13:45 - 14:00,19150,19537.158
2026-05-18,14:00 - 14:15,19300,19432.871
2026-05-18,14:15 - 14:30,19400,19526.363
2026-05-18,14:30 - 14:45,19400,19580.72
2026-05-18,14:45 - 15:00,19400,19689.53
2026-05-18,15:00 - 15:15,19400,19330.236
2026-05-18,15:15 - 15:30,19400,19310.14
2026-05-18,15:30 - 15:45,19400,19133.564
2026-05-18,15:45 - 16:00,19400,19241.52
2026-05-18,16:00 - 16:15,19450,19655.21
2026-05-18,16:15 - 16:30,19550,19658.867
2026-05-18,16:30 - 16:45,19600,19711.045
2026-05-18,16:45 - 17:00,19650,19457.484
2026-05-18,17:00 - 17:15,19700,19568.79
2026-05-18,17:15 - 17:30,19700,19699.3
2026-05-18,17:30 - 17:45,19800,20036.645
2026-05-18,17:45 - 18:00,19800,20072.904
2026-05-18,18:00 - 18:15,19900,19811.447
2026-05-18,18:15 - 18:30,19950,20179.875
2026-05-18,18:30 - 18:45,20050,20526.633
2026-05-18,18:45 - 19:00,20100,20488.312
2026-05-18,19:00 - 19:15,20250,20234.854
2026-05-18,19:15 - 19:30,20350,20507.207
2026-05-18,19:30 - 19:45,20400,20583.523
2026-05-18,19:45 - 20:00,20400,20407.777
2026-05-18,20:00 - 20:15,20400,20503.537
2026-05-18,20:15 - 20:30,20400,20538.033
2026-05-18,20:30 - 20:45,20400,20532.396
2026-05-18,20:45 - 21:00,20350,20682.39
2026-05-18,21:00 - 21:15,20050,20378.78
2026-05-18,21:15 - 21:30,19650,19835.764
2026-05-18,21:30 - 21:45,19250,19345.092
2026-05-18,21:45 - 22:00,18500,18784.316
2026-05-18,22:00 - 22:15,18300,18677.383
2026-05-18,22:15 - 22:30,17950,18350.986
2026-05-18,22:30 - 22:45,17550,17869.736
2026-05-18,22:45 - 23:00,17200,17444.17
2026-05-18,23:00 - 23:15,16800,17152.795
2026-05-18,23:15 - 23:30,16400,16680.367
2026-05-18,23:30 - 23:45,16050,16506.855
2026-05-18,23:45 - 24:00,15750,16199.32
2026-05-19,00:00 - 00:15,15550,16042.052
2026-05-19,00:15 - 00:30,15300,15571.761
2026-05-19,00:30 - 00:45,15150,15555.01
2026-05-19,00:45 - 01:00,15000,15360.66
2026-05-19,01:00 - 01:15,14850,15178.274
2026-05-19,01:15 - 01:30,14750,15335.392
2026-05-19,01:30 - 01:45,14650,15164.886
2026-05-19,01:45 - 02:00,14500,14995.436
2026-05-19,02:00 - 02:15,14500,14859.644
2026-05-19,02:15 - 02:30,14500,14948.212
2026-05-19,02:30 - 02:45,14500,14910.101
2026-05-19,02:45 - 03:00,14500,14858.121
2026-05-19,03:00 - 03:15,14500,14867.834
2026-05-19,03:15 - 03:30,14500,14984.344
2026-05-19,03:30 - 03:45,14500,15016.871
2026-05-19,03:45 - 04:00,14500,14876.835
2026-05-19,04:00 - 04:15,14550,15049.384
2026-05-19,04:15 - 04:30,14650,14972.998
2026-05-19,04:30 - 04:45,14700,14995.741
2026-05-19,04:45 - 05:00,14600,15047.898
2026-05-19,05:00 - 05:15,14950,15408.316
2026-05-19,05:15 - 05:30,15150,15518.57
2026-05-19,05:30 - 05:45,15400,15849.709
2026-05-19,05:45 - 06:00,15900,16060.455
2026-05-19,06:00 - 06:15,16900,17437.805
2026-05-19,06:15 - 06:30,17600,18022.238
2026-05-19,06:30 - 06:45,18100,18543.25
2026-05-19,06:45 - 07:00,18600,19000.969
2026-05-19,07:00 - 07:15,19150,19587.887
2026-05-19,07:15 - 07:30,19500,19874.88
2026-05-19,07:30 - 07:45,19600,19994.318
2026-05-19,07:45 - 08:00,19700,19953.127
2026-05-19,08:00 - 08:15,19700,20075.877
2026-05-19,08:15 - 08:30,19700,20155.773
2026-05-19,08:30 - 08:45,19700,19900.82
2026-05-19,08:45 - 09:00,19700,20259.258
2026-05-19,09:00 - 09:15,19700,20091.111
2026-05-19,09:15 - 09:30,19650,19838.732
2026-05-19,09:30 - 09:45,19450,19688.002
2026-05-19,09:45 - 10:00,19150,19796.695
2026-05-19,10:00 - 10:15,19150,19469.861
2026-05-19,10:15 - 10:30,19150,19316.367
2026-05-19,10:30 - 10:45,19250,19517.402
2026-05-19,10:45 - 11:00,19350,19621.129
2026-05-19,11:00 - 11:15,19400,20129.143
2026-05-19,11:15 - 11:30,19500,20558.2
2026-05-19,11:30 - 11:45,19650,19781.79
2026-05-19,11:45 - 12:00,19700,20003.197
2026-05-19,12:00 - 12:15,19750,20252.176
2026-05-19,12:15 - 12:30,19800,20308.096
2026-05-19,12:30 - 12:45,19850,20484.26
2026-05-19,12:45 - 13:00,19900,19826.79
2026-05-19,13:00 - 13:15,19850,20550.826
2026-05-19,13:15 - 13:30,19700,20745.572
2026-05-19,13:30 - 13:45,19500,20462.014
2026-05-19,13:45 - 14:00,19200,18887.746
2026-05-19,14:00 - 14:15,19250,19458.064
2026-05-19,14:15 - 14:30,19400,19437.836
2026-05-19,14:30 - 14:45,19500,19192.775
2026-05-19,14:45 - 15:00,19600,19504.715
2026-05-19,15:00 - 15:15,19600,19424.053
2026-05-19,15:15 - 15:30,19600,20214.229
2026-05-19,15:30 - 15:45,19600,19854.533
2026-05-19,15:45 - 16:00,19600,19709.455
2026-05-19,16:00 - 16:15,19600,19403.734
2026-05-19,16:15 - 16:30,19600,19595.621
2026-05-19,16:30 - 16:45,19700,19521.938
2026-05-19,16:45 - 17:00,19750,19457.781
2026-05-19,17:00 - 17:15,19850,19442.434
2026-05-19,17:15 - 17:30,19850,19512.188
2026-05-19,17:30 - 17:45,19900,19761.51
2026-05-19,17:45 - 18:00,19900,19676.395
2026-05-19,18:00 - 18:15,20000,19964.498
2026-05-19,18:15 - 18:30,20200,20168.678
2026-05-19,18:30 - 18:45,20350,20560.92
2026-05-19,18:45 - 19:00,20350,20395.283
2026-05-19,19:00 - 19:15,20400,20325.701
2026-05-19,19:15 - 19:30,20450,20194.262
2026-05-19,19:30 - 19:45,20600,20365.514
2026-05-19,19:45 - 20:00,20650,20333.83
2026-05-19,20:00 - 20:15,20700,20391.717
2026-05-19,20:15 - 20:30,20700,20342.887
2026-05-19,20:30 - 20:45,20700,20621.982
2026-05-19,20:45 - 21:00,20650,20802.664
2026-05-19,21:00 - 21:15,20350,20307.018
2026-05-19,21:15 - 21:30,19900,20081.734
2026-05-19,21:30 - 21:45,19450,19441.346
2026-05-19,21:45 - 22:00,18750,19012.047
2026-05-19,22:00 - 22:15,18450,18568.936
2026-05-19,22:15 - 22:30,18050,18517.285
2026-05-19,22:30 - 22:45,17750,17970.754
2026-05-19,22:45 - 23:00,17400,17567.941
2026-05-19,23:00 - 23:15,17050,17183.768
2026-05-19,23:15 - 23:30,16700,16866.062
2026-05-19,23:30 - 23:45,16350,16662.668
2026-05-19,23:45 - 24:00,16000,16121.95
2026-05-20,00:00 - 00:15,15750,15997.748
2026-05-20,00:15 - 00:30,15500,15832.282
2026-05-20,00:30 - 00:45,15350,15676.576
2026-05-20,00:45 - 01:00,15200,15399.141
2026-05-20,01:00 - 01:15,15050,15245.052
2026-05-20,01:15 - 01:30,14950,15155.054
2026-05-20,01:30 - 01:45,14850,15007.459
2026-05-20,01:45 - 02:00,14750,15002.251
2026-05-20,02:00 - 02:15,14750,14740.707
2026-05-20,02:15 - 02:30,14750,14702.591
2026-05-20,02:30 - 02:45,14750,14871.573
2026-05-20,02:45 - 03:00,14750,14662.329
2026-05-20,03:00 - 03:15,14750,14753.487
2026-05-20,03:15 - 03:30,14750,14960.247
2026-05-20,03:30 - 03:45,14750,14835.044
2026-05-20,03:45 - 04:00,14750,14950.32
2026-05-20,04:00 - 04:15,14800,14863.163
2026-05-20,04:15 - 04:30,14900,15030.812
2026-05-20,04:30 - 04:45,14950,14767.392
2026-05-20,04:45 - 05:00,14850,15095.051
2026-05-20,05:00 - 05:15,15200,15251.978
2026-05-20,05:15 - 05:30,15400,15555.271
2026-05-20,05:30 - 05:45,15650,15826.164
2026-05-20,05:45 - 06:00,15950,16321.397
2026-05-20,06:00 - 06:15,17150,17334.52
2026-05-20,06:15 - 06:30,17850,18162.564
2026-05-20,06:30 - 06:45,18350,18649.35
2026-05-20,06:45 - 07:00,18850,19189.057
2026-05-20,07:00 - 07:15,19400,19654.637
2026-05-20,07:15 - 07:30,19750,19904.598
2026-05-20,07:30 - 07:45,19850,19506.771
2026-05-20,07:45 - 08:00,19900,19872.877
2026-05-20,08:00 - 08:15,19900,19949.68
2026-05-20,08:15 - 08:30,19800,19599.832
2026-05-20,08:30 - 08:45,19750,19388.822
2026-05-20,08:45 - 09:00,19700,19274.46
2026-05-20,09:00 - 09:15,19700,19164.615
2026-05-20,09:15 - 09:30,19650,19200.729
2026-05-20,09:30 - 09:45,19450,19188.29
2026-05-20,09:45 - 10:00,19150,19035.18
2026-05-20,10:00 - 10:15,19150,19178.355
2026-05-20,10:15 - 10:30,19150,19538.45
2026-05-20,10:30 - 10:45,19250,19615.799
2026-05-20,10:45 - 11:00,19350,20195.475
2026-05-20,11:00 - 11:15,19400,20246.74
2026-05-20,11:15 - 11:30,19500,20146.002
2026-05-20,11:30 - 11:45,19650,20537.762
2026-05-20,11:45 - 12:00,19700,20296.414
2026-05-20,12:00 - 12:15,19750,20913.975
2026-05-20,12:15 - 12:30,19800,20737.479
2026-05-20,12:30 - 12:45,19800,20381.152
2026-05-20,12:45 - 13:00,19800,20628.574
2026-05-20,13:00 - 13:15,19750,19992.42
2026-05-20,13:15 - 13:30,19600,20536.887
2026-05-20,13:30 - 13:45,19400,20322.861
2026-05-20,13:45 - 14:00,19100,19663.863
2026-05-20,14:00 - 14:15,19150,20054.137
2026-05-20,14:15 - 14:30,19300,20102.018
2026-05-20,14:30 - 14:45,19400,20186.05
2026-05-20,14:45 - 15:00,19500,19886.229
2026-05-20,15:00 - 15:15,19500,19765.564
2026-05-20,15:15 - 15:30,19500,20398.344
2026-05-20,15:30 - 15:45,19500,19991.404
2026-05-20,15:45 - 16:00,19500,20594.715
2026-05-20,16:00 - 16:15,19500,19968.783
2026-05-20,16:15 - 16:30,19500,19719.46
2026-05-20,16:30 - 16:45,19600,19684.549
2026-05-20,16:45 - 17:00,19650,19668.44
2026-05-20,17:00 - 17:15,19750,19684.658
2026-05-20,17:15 - 17:30,19850,19712.436
2026-05-20,17:30 - 17:45,19900,20258.729
2026-05-20,17:45 - 18:00,19900,19819.168
2026-05-20,18:00 - 18:15,20000,20162.496
2026-05-20,18:15 - 18:30,20200,20416.87
2026-05-20,18:30 - 18:45,20350,20696.418
2026-05-20,18:45 - 19:00,20350,20408.299
2026-05-20,19:00 - 19:15,20400,20547.26
2026-05-20,19:15 - 19:30,20450,20675.424
2026-05-20,19:30 - 19:45,20600,20756.596
2026-05-20,19:45 - 20:00,20650,20659.707
2026-05-20,20:00 - 20:15,20650,20593.363
2026-05-20,20:15 - 20:30,20650,20615.16
2026-05-20,20:30 - 20:45,20650,20829.37
2026-05-20,20:45 - 21:00,20650,20889.955
2026-05-20,21:00 - 21:15,20350,20630.684
2026-05-20,21:15 - 21:30,19900,20226.33
2026-05-20,21:30 - 21:45,19450,19514.82
2026-05-20,21:45 - 22:00,18750,19122.094
2026-05-20,22:00 - 22:15,18550,18907.32
2026-05-20,22:15 - 22:30,18150,18644.066
2026-05-20,22:30 - 22:45,17850,18186.496
2026-05-20,22:45 - 23:00,17500,17732.791
2026-05-20,23:00 - 23:15,17150,17323.646
2026-05-20,23:15 - 23:30,16800,16851.068
2026-05-20,23:30 - 23:45,16450,16459.488
2026-05-20,23:45 - 24:00,16100,16132.811
2026-05-21,00:00 - 00:15,15800,15810.472
2026-05-21,00:15 - 00:30,15600,15750.806
2026-05-21,00:30 - 00:45,15400,15448.058
2026-05-21,00:45 - 01:00,15200,15282.546
2026-05-21,01:00 - 01:15,15050,15269.093
2026-05-21,01:15 - 01:30,14950,15129.905
2026-05-21,01:30 - 01:45,14850,14876.586
2026-05-21,01:45 - 02:00,14750,14822.474
2026-05-21,02:00 - 02:15,14750,14726.919
2026-05-21,02:15 - 02:30,14750,14567.646
2026-05-21,02:30 - 02:45,14750,14695.559
2026-05-21,02:45 - 03:00,14750,14641.736
2026-05-21,03:00 - 03:15,14750,14546.306
2026-05-21,03:15 - 03:30,14750,14420.112
2026-05-21,03:30 - 03:45,14750,14489.141
2026-05-21,03:45 - 04:00,14750,14603.84
2026-05-21,04:00 - 04:15,14800,14443.057
2026-05-21,04:15 - 04:30,14900,14508.734
2026-05-21,04:30 - 04:45,14950,14568.472
2026-05-21,04:45 - 05:00,14950,14557.789
2026-05-21,05:00 - 05:15,15200,14755.044
2026-05-21,05:15 - 05:30,15400,15001.269
2026-05-21,05:30 - 05:45,15650,15216.112
2026-05-21,05:45 - 06:00,16000,15660.813
2026-05-21,06:00 - 06:15,17250,16923.707
2026-05-21,06:15 - 06:30,17800,17621.055
2026-05-21,06:30 - 06:45,18300,17946.46
2026-05-21,06:45 - 07:00,18800,18666.97
2026-05-21,07:00 - 07:15,19350,19122.629
2026-05-21,07:15 - 07:30,19700,19538.975
2026-05-21,07:30 - 07:45,19850,19226.955
2026-05-21,07:45 - 08:00,19900,19462.953
2026-05-21,08:00 - 08:15,19950,19266.9
2026-05-21,08:15 - 08:30,19950,19400.469
2026-05-21,08:30 - 08:45,19950,19211.518
2026-05-21,08:45 - 09:00,19950,19391.977
2026-05-21,09:00 - 09:15,19950,18517.334
2026-05-21,09:15 - 09:30,19900,18881.383
2026-05-21,09:30 - 09:45,19700,18687.098
2026-05-21,09:45 - 10:00,19550,18808.271
2026-05-21,10:00 - 10:15,19550,18410.607
2026-05-21,10:15 - 10:30,19550,18816.473
2026-05-21,10:30 - 10:45,19650,18792.625
2026-05-21,10:45 - 11:00,19800,19080.047
2026-05-21,11:00 - 11:15,19900,19238.986
2026-05-21,11:15 - 11:30,20000,19961.963
2026-05-21,11:30 - 11:45,20150,20259.201
2026-05-21,11:45 - 12:00,20200,20009.004
2026-05-21,12:00 - 12:15,20250,20556.883
2026-05-21,12:15 - 12:30,20300,20100.738
2026-05-21,12:30 - 12:45,20300,20473.252
2026-05-21,12:45 - 13:00,20300,20596.146
2026-05-21,13:00 - 13:15,20250,20031.775
2026-05-21,13:15 - 13:30,20100,20470.23
2026-05-21,13:30 - 13:45,19900,20158.01
2026-05-21,13:45 - 14:00,19600,19730.73
2026-05-21,14:00 - 14:15,19650,19885.598
2026-05-21,14:15 - 14:30,19800,20254.69
2026-05-21,14:30 - 14:45,19900,19966.232
2026-05-21,14:45 - 15:00,19950,19621.607
2026-05-21,15:00 - 15:15,19950,19022.008
2026-05-21,15:15 - 15:30,19950,18898.213
2026-05-21,15:30 - 15:45,19950,19507.072
2026-05-21,15:45 - 16:00,19950,19200.266
2026-05-21,16:00 - 16:15,19950,18606.943
2026-05-21,16:15 - 16:30,19950,18587.008
2026-05-21,16:30 - 16:45,20000,18495.51
2026-05-21,16:45 - 17:00,20050,18883.12
2026-05-21,17:00 - 17:15,20050,19078.762
2026-05-21,17:15 - 17:30,20150,19192.709
2026-05-21,17:30 - 17:45,20200,19533.688
2026-05-21,17:45 - 18:00,20200,19447.863
2026-05-21,18:00 - 18:15,20250,19669.479
2026-05-21,18:15 - 18:30,20450,19970.033
2026-05-21,18:30 - 18:45,20600,20272.67
2026-05-21,18:45 - 19:00,20600,20228.33
2026-05-21,19:00 - 19:15,20600,20411.777
2026-05-21,19:15 - 19:30,20650,19993.582
2026-05-21,19:30 - 19:45,20650,20454.832
2026-05-21,19:45 - 20:00,20700,20221.45
2026-05-21,20:00 - 20:15,20700,20324.21
2026-05-21,20:15 - 20:30,20700,20148.559
2026-05-21,20:30 - 20:45,20700,20131.37
2026-05-21,20:45 - 21:00,20650,20213.898
2026-05-21,21:00 - 21:15,20350,20279.621
2026-05-21,21:15 - 21:30,19900,20022.236
2026-05-21,21:30 - 21:45,19450,19237.076
2026-05-21,21:45 - 22:00,18900,18649.191
2026-05-21,22:00 - 22:15,18600,18464.879
2026-05-21,22:15 - 22:30,18350,18177.1
2026-05-21,22:30 - 22:45,17900,17702.94
2026-05-21,22:45 - 23:00,17500,17091.223
2026-05-21,23:00 - 23:15,17150,16881.27
2026-05-21,23:15 - 23:30,16800,16555.494
2026-05-21,23:30 - 23:45,16450,16027.062
2026-05-21,23:45 - 24:00,16100,15568.593
2026-05-22,00:00 - 00:15,15800,15321.425
2026-05-22,00:15 - 00:30,15550,15333.884
2026-05-22,00:30 - 00:45,15400,15071.001
2026-05-22,00:45 - 01:00,15250,14831.205
2026-05-22,01:00 - 01:15,15100,14742.672
2026-05-22,01:15 - 01:30,15000,14783.234
2026-05-22,01:30 - 01:45,14900,14296.771
2026-05-22,01:45 - 02:00,14750,14444.383
2026-05-22,02:00 - 02:15,14650,14323.738
2026-05-22,02:15 - 02:30,14650,14299.638
2026-05-22,02:30 - 02:45,14650,14325.306
2026-05-22,02:45 - 03:00,14650,14422.527
2026-05-22,03:00 - 03:15,14650,14397.705
2026-05-22,03:15 - 03:30,14650,14395.933
2026-05-22,03:30 - 03:45,14650,14442.942
2026-05-22,03:45 - 04:00,14650,14396.724
2026-05-22,04:00 - 04:15,14750,14497.78
2026-05-22,04:15 - 04:30,14850,14251.819
2026-05-22,04:30 - 04:45,14900,14312.604
2026-05-22,04:45 - 05:00,14800,14592.606
2026-05-22,05:00 - 05:15,15100,14711.404
2026-05-22,05:15 - 05:30,15300,14866.236
2026-05-22,05:30 - 05:45,15600,15094.252
2026-05-22,05:45 - 06:00,15900,15739.895
2026-05-22,06:00 - 06:15,17050,17041.059
2026-05-22,06:15 - 06:30,17700,17593.605
2026-05-22,06:30 - 06:45,18150,18302.44
2026-05-22,06:45 - 07:00,18750,19024.14
2026-05-22,07:00 - 07:15,19300,19279.336
2026-05-22,07:15 - 07:30,19550,19656.098
2026-05-22,07:30 - 07:45,19650,19513.53
2026-05-22,07:45 - 08:00,19700,19395.72
2026-05-22,08:00 - 08:15,19650,19452.055
2026-05-22,08:15 - 08:30,19600,19539.693
2026-05-22,08:30 - 08:45,19550,19482.768
2026-05-22,08:45 - 09:00,19550,19508.873
2026-05-22,09:00 - 09:15,19550,19019.373
2026-05-22,09:15 - 09:30,19450,19183.63
2026-05-22,09:30 - 09:45,19250,19040.566
2026-05-22,09:45 - 10:00,18950,18959.543
2026-05-22,10:00 - 10:15,18900,19223.355
2026-05-22,10:15 - 10:30,18900,19660.414
2026-05-22,10:30 - 10:45,18950,19836.479
2026-05-22,10:45 - 11:00,19050,20127.02
2026-05-22,11:00 - 11:15,19150,20353.262
2026-05-22,11:15 - 11:30,19250,20155.646
2026-05-22,11:30 - 11:45,19300,20676.611
2026-05-22,11:45 - 12:00,19350,20570.195
2026-05-22,12:00 - 12:15,19350,20627.293
2026-05-22,12:15 - 12:30,19350,20525.61
2026-05-22,12:30 - 12:45,19350,20846.818
2026-05-22,12:45 - 13:00,19350,20719.186
2026-05-22,13:00 - 13:15,19250,20920.135
2026-05-22,13:15 - 13:30,19150,20889.443
2026-05-22,13:30 - 13:45,18950,20390.354
2026-05-22,13:45 - 14:00,18500,20471.158
2026-05-22,14:00 - 14:15,18650,20412.05
2026-05-22,14:15 - 14:30,18800,20318.03
2026-05-22,14:30 - 14:45,18900,19942.137
2026-05-22,14:45 - 15:00,18950,19800.496
2026-05-22,15:00 - 15:15,19050,20140.008
2026-05-22,15:15 - 15:30,19100,19520.502
2026-05-22,15:30 - 15:45,19150,19359.756
2026-05-22,15:45 - 16:00,19150,19522.178
2026-05-22,16:00 - 16:15,19250,19482.352
2026-05-22,16:15 - 16:30,19350,19104.322
2026-05-22,16:30 - 16:45,19450,19371.684
2026-05-22,16:45 - 17:00,19550,18843.26
2026-05-22,17:00 - 17:15,19700,19504.568
2026-05-22,17:15 - 17:30,19800,19792.205
2026-05-22,17:30 - 17:45,19850,19802.375
2026-05-22,17:45 - 18:00,19950,19707.29
2026-05-22,18:00 - 18:15,20000,19451.418
2026-05-22,18:15 - 18:30,20150,20039.645
2026-05-22,18:30 - 18:45,20200,20207.527
2026-05-22,18:45 - 19:00,20200,19965.314
2026-05-22,19:00 - 19:15,20250,20045.848
2026-05-22,19:15 - 19:30,20300,20032.283
2026-05-22,19:30 - 19:45,20450,20149.855
2026-05-22,19:45 - 20:00,20450,19929.963
2026-05-22,20:00 - 20:15,20600,19971.041
2026-05-22,20:15 - 20:30,20600,19697.602
2026-05-22,20:30 - 20:45,20600,19990.33
2026-05-22,20:45 - 21:00,20500,20034.467
2026-05-22,21:00 - 21:15,20250,19780.566
2026-05-22,21:15 - 21:30,19800,19542.926
2026-05-22,21:30 - 21:45,19350,19125.4
2026-05-22,21:45 - 22:00,18700,18570.318
2026-05-22,22:00 - 22:15,18400,18447.926
2026-05-22,22:15 - 22:30,18000,18200.406
2026-05-22,22:30 - 22:45,17700,17578.402
2026-05-22,22:45 - 23:00,17350,17315.906
2026-05-22,23:00 - 23:15,17000,17095.836
2026-05-22,23:15 - 23:30,16650,16589.926
2026-05-22,23:30 - 23:45,16300,16308.664
2026-05-22,23:45 - 24:00,15950,16199.326
2026-05-23,00:00 - 00:15,15500,15413.712
2026-05-23,00:15 - 00:30,15250,14933.651
2026-05-23,00:30 - 00:45,15050,15383.731
2026-05-23,00:45 - 01:00,14850,15059.824
2026-05-23,01:00 - 01:15,14650,14684.254
2026-05-23,01:15 - 01:30,14500,14854.902
2026-05-23,01:30 - 01:45,14400,14493.759
2026-05-23,01:45 - 02:00,14300,14374.05
2026-05-23,02:00 - 02:15,14250,14310.761
2026-05-23,02:15 - 02:30,14200,14325.932
2026-05-23,02:30 - 02:45,14200,14207.727
2026-05-23,02:45 - 03:00,14200,14249.13
2026-05-23,03:00 - 03:15,14200,14252.601
2026-05-23,03:15 - 03:30,14150,14264.378
2026-05-23,03:30 - 03:45,14100,14215.331
2026-05-23,03:45 - 04:00,14100,14058.57
2026-05-23,04:00 - 04:15,14100,14189.311
2026-05-23,04:15 - 04:30,14050,14037.255
2026-05-23,04:30 - 04:45,13950,13748.558
2026-05-23,04:45 - 05:00,13850,13869.294
2026-05-23,05:00 - 05:15,13850,14052.371
2026-05-23,05:15 - 05:30,13850,13806.855
2026-05-23,05:30 - 05:45,13850,13978.298
2026-05-23,05:45 - 06:00,13850,14103.968
2026-05-23,06:00 - 06:15,14100,14632.289
2026-05-23,06:15 - 06:30,14400,15047.713
2026-05-23,06:30 - 06:45,14700,15117.65
2026-05-23,06:45 - 07:00,14950,15498.424
2026-05-23,07:00 - 07:15,15250,15891.487
2026-05-23,07:15 - 07:30,15500,16024.867
2026-05-23,07:30 - 07:45,15700,16024.766
2026-05-23,07:45 - 08:00,15900,16687.719
2026-05-23,08:00 - 08:15,16150,16618.451
2026-05-23,08:15 - 08:30,16400,16824.873
2026-05-23,08:30 - 08:45,16600,16976.992
2026-05-23,08:45 - 09:00,16800,17451.557
2026-05-23,09:00 - 09:15,16950,17457.943
2026-05-23,09:15 - 09:30,17050,17341.67
2026-05-23,09:30 - 09:45,17100,17157.877
2026-05-23,09:45 - 10:00,17100,17921.898
2026-05-23,10:00 - 10:15,17100,18376.344
2026-05-23,10:15 - 10:30,17100,18107.32
2026-05-23,10:30 - 10:45,17100,18684.793
2026-05-23,10:45 - 11:00,17100,19118.021
2026-05-23,11:00 - 11:15,17100,19307.246
2026-05-23,11:15 - 11:30,17050,18471.666
2026-05-23,11:30 - 11:45,16950,18689.336
2026-05-23,11:45 - 12:00,16850,19279.004
2026-05-23,12:00 - 12:15,16850,18982.658
2026-05-23,12:15 - 12:30,16850,19419.85
2026-05-23,12:30 - 12:45,16850,19207.56
2026-05-23,12:45 - 13:00,16850,19331.924
2026-05-23,13:00 - 13:15,16800,19128.111
2026-05-23,13:15 - 13:30,16750,18862.516
2026-05-23,13:30 - 13:45,16700,18404.205
2026-05-23,13:45 - 14:00,16600,18432.355
2026-05-23,14:00 - 14:15,16500,18040.127
2026-05-23,14:15 - 14:30,16400,19015.969
2026-05-23,14:30 - 14:45,16350,18631.404
2026-05-23,14:45 - 15:00,16350,18350.47
2026-05-23,15:00 - 15:15,16350,17909.43
2026-05-23,15:15 - 15:30,16350,17328.53
2026-05-23,15:30 - 15:45,16350,17370.3
2026-05-23,15:45 - 16:00,16350,18095.957
2026-05-23,16:00 - 16:15,16350,17742.074
2026-05-23,16:15 - 16:30,16350,17630.842
2026-05-23,16:30 - 16:45,16350,17821.342
2026-05-23,16:45 - 17:00,16350,17772.027
2026-05-23,17:00 - 17:15,16400,17647.152
2026-05-23,17:15 - 17:30,16450,17553.99
2026-05-23,17:30 - 17:45,16550,17751.912
2026-05-23,17:45 - 18:00,16750,17756.738
2026-05-23,18:00 - 18:15,16850,17320.348
2026-05-23,18:15 - 18:30,16900,17336.92
2026-05-23,18:30 - 18:45,17050,17352.273
2026-05-23,18:45 - 19:00,17150,17532.521
2026-05-23,19:00 - 19:15,17200,17546.82
2026-05-23,19:15 - 19:30,17300,17592.002
2026-05-23,19:30 - 19:45,17300,17608.324
2026-05-23,19:45 - 20:00,17300,17500.021
2026-05-23,20:00 - 20:15,17300,17427.258
2026-05-23,20:15 - 20:30,17300,17230.145
2026-05-23,20:30 - 20:45,17300,17357.398
2026-05-23,20:45 - 21:00,17300,17485.88
2026-05-23,21:00 - 21:15,17250,17309.953
2026-05-23,21:15 - 21:30,17100,17392.48
2026-05-23,21:30 - 21:45,16800,16928.314
2026-05-23,21:45 - 22:00,16500,16832.03
2026-05-23,22:00 - 22:15,16200,16655.863
2026-05-23,22:15 - 22:30,15900,16408.207
2026-05-23,22:30 - 22:45,15600,15930.045
2026-05-23,22:45 - 23:00,15300,15641.976
2026-05-23,23:00 - 23:15,15050,15332.276
2026-05-23,23:15 - 23:30,14700,14936.988
2026-05-23,23:30 - 23:45,14400,14616.897
2026-05-23,23:45 - 24:00,14100,14276.595
2026-05-24,00:00 - 00:15,13950,13944.606
2026-05-24,00:15 - 00:30,13750,13741.161
2026-05-24,00:30 - 00:45,13550,13283.259
2026-05-24,00:45 - 01:00,13350,13111.976
2026-05-24,01:00 - 01:15,13200,13154.246
2026-05-24,01:15 - 01:30,13100,12976.855
2026-05-24,01:30 - 01:45,13000,12801.365
2026-05-24,01:45 - 02:00,12950,12741.884
2026-05-24,02:00 - 02:15,12850,12545.175
2026-05-24,02:15 - 02:30,12800,12302.523
2026-05-24,02:30 - 02:45,12750,12230.481
2026-05-24,02:45 - 03:00,12700,12329.902
2026-05-24,03:00 - 03:15,12700,12159.45
2026-05-24,03:15 - 03:30,12700,12194.954
2026-05-24,03:30 - 03:45,12700,12053.518
2026-05-24,03:45 - 04:00,12700,12032.115
2026-05-24,04:00 - 04:15,12650,11810.332
2026-05-24,04:15 - 04:30,12550,11870.198
2026-05-24,04:30 - 04:45,12400,11413.427
2026-05-24,04:45 - 05:00,12250,11596.502
2026-05-24,05:00 - 05:15,12250,11608.921
2026-05-24,05:15 - 05:30,12250,11626.297
2026-05-24,05:30 - 05:45,12250,11574.899
2026-05-24,05:45 - 06:00,12350,11786.651
2026-05-24,06:00 - 06:15,12550,11902.333
2026-05-24,06:15 - 06:30,12750,12333.422
2026-05-24,06:30 - 06:45,12900,12166.131
2026-05-24,06:45 - 07:00,13050,12555.191
2026-05-24,07:00 - 07:15,13250,12852.208
2026-05-24,07:15 - 07:30,13450,13119.567
2026-05-24,07:30 - 07:45,13600,12958.859
2026-05-24,07:45 - 08:00,13800,13361.221
2026-05-24,08:00 - 08:15,14000,13795.359
2026-05-24,08:15 - 08:30,14150,14008.618
2026-05-24,08:30 - 08:45,14300,13967.107
2026-05-24,08:45 - 09:00,14450,14577.814
2026-05-24,09:00 - 09:15,14700,14964.551
2026-05-24,09:15 - 09:30,14900,15038.324
2026-05-24,09:30 - 09:45,15050,15248.545
2026-05-24,09:45 - 10:00,15100,15730.738
2026-05-24,10:00 - 10:15,15100,16107.385
2026-05-24,10:15 - 10:30,15100,16115.157
2026-05-24,10:30 - 10:45,15100,16637.771
2026-05-24,10:45 - 11:00,15100,16546.86
2026-05-24,11:00 - 11:15,15100,16495.53
2026-05-24,11:15 - 11:30,15100,16459.37
2026-05-24,11:30 - 11:45,15100,16481.207
2026-05-24,11:45 - 12:00,15200,16499.926
2026-05-24,12:00 - 12:15,15300,16664.395
2026-05-24,12:15 - 12:30,15350,16609.84
2026-05-24,12:30 - 12:45,15400,16786.717
2026-05-24,12:45 - 13:00,15400,16282.784
2026-05-24,13:00 - 13:15,15400,16668.496
2026-05-24,13:15 - 13:30,15400,16893.766
2026-05-24,13:30 - 13:45,15400,16811.258
2026-05-24,13:45 - 14:00,15400,16447.348
2026-05-24,14:00 - 14:15,15400,16591.52
2026-05-24,14:15 - 14:30,15400,16599.156
2026-05-24,14:30 - 14:45,15400,16615.57
2026-05-24,14:45 - 15:00,15400,15969.048
2026-05-24,15:00 - 15:15,15350,15649.615
2026-05-24,15:15 - 15:30,15300,15699.453
2026-05-24,15:30 - 15:45,15300,15629.073
2026-05-24,15:45 - 16:00,15300,15700.005
2026-05-24,16:00 - 16:15,15300,15899.607
2026-05-24,16:15 - 16:30,15300,15689.652
2026-05-24,16:30 - 16:45,15300,15801.042
2026-05-24,16:45 - 17:00,15400,15381.754
2026-05-24,17:00 - 17:15,15600,14814.706
2026-05-24,17:15 - 17:30,15800,15229.087
2026-05-24,17:30 - 17:45,16000,15374.533
2026-05-24,17:45 - 18:00,16200,15496.761
2026-05-24,18:00 - 18:15,16350,15282.765
2026-05-24,18:15 - 18:30,16400,15127.971
2026-05-24,18:30 - 18:45,16500,15121.378
2026-05-24,18:45 - 19:00,16550,15341.816
2026-05-24,19:00 - 19:15,16600,15528.28
2026-05-24,19:15 - 19:30,16600,15501.034
2026-05-24,19:30 - 19:45,16600,15606.862
2026-05-24,19:45 - 20:00,16600,15621.768
2026-05-24,20:00 - 20:15,16600,15794.274
2026-05-24,20:15 - 20:30,16600,15641.682
2026-05-24,20:30 - 20:45,16600,15674.841
2026-05-24,20:45 - 21:00,16600,15953.194
2026-05-24,21:00 - 21:15,16600,15718.336
2026-05-24,21:15 - 21:30,16550,15782.84
2026-05-24,21:30 - 21:45,16350,15561.258
2026-05-24,21:45 - 22:00,16050,15248.66
2026-05-24,22:00 - 22:15,15850,15133.622
2026-05-24,22:15 - 22:30,15600,14912.249
2026-05-24,22:30 - 22:45,15300,14561.757
2026-05-24,22:45 - 23:00,15000,14499.745
2026-05-24,23:00 - 23:15,14700,14118.498
2026-05-24,23:15 - 23:30,14350,13792.374
2026-05-24,23:30 - 23:45,14100,13529.283
2026-05-24,23:45 - 24:00,13800,13289.852
2026-05-25,00:00 - 00:15,13500,13336.357
2026-05-25,00:15 - 00:30,13300,13061.425
2026-05-25,00:30 - 00:45,13150,12809.23
2026-05-25,00:45 - 01:00,13000,12732.793
2026-05-25,01:00 - 01:15,12900,12543.487
2026-05-25,01:15 - 01:30,12800,12605.031
2026-05-25,01:30 - 01:45,12700,12462.787
2026-05-25,01:45 - 02:00,12650,12441.88
2026-05-25,02:00 - 02:15,12650,12299.699
2026-05-25,02:15 - 02:30,12600,12129.395
2026-05-25,02:30 - 02:45,12600,12212.868
2026-05-25,02:45 - 03:00,12600,12087.727
2026-05-25,03:00 - 03:15,12600,12072.066
2026-05-25,03:15 - 03:30,12600,12128.313
2026-05-25,03:30 - 03:45,12650,12045.909
2026-05-25,03:45 - 04:00,12650,12113.491
2026-05-25,04:00 - 04:15,12750,12043.319
2026-05-25,04:15 - 04:30,12850,12216.74
2026-05-25,04:30 - 04:45,13000,12426.296
2026-05-25,04:45 - 05:00,13150,12393.973
2026-05-25,05:00 - 05:15,13350,12863.583
2026-05-25,05:15 - 05:30,13600,12872.512
2026-05-25,05:30 - 05:45,14000,13661.813
2026-05-25,05:45 - 06:00,14850,14442.775
2026-05-25,06:00 - 06:15,16100,15763.723
2026-05-25,06:15 - 06:30,16800,16513.943
2026-05-25,06:30 - 06:45,17400,17012.594
2026-05-25,06:45 - 07:00,18100,17924.13
2026-05-25,07:00 - 07:15,18700,18003.248
2026-05-25,07:15 - 07:30,19100,18545.57
2026-05-25,07:30 - 07:45,19050,18444.186
2026-05-25,07:45 - 08:00,19200,18448.04
2026-05-25,08:00 - 08:15,19350,18553.3
2026-05-25,08:15 - 08:30,19500,18717.195
2026-05-25,08:30 - 08:45,19600,18582.87
2026-05-25,08:45 - 09:00,19600,18764.47
2026-05-25,09:00 - 09:15,19200,18557.83
2026-05-25,09:15 - 09:30,19100,18909.74
2026-05-25,09:30 - 09:45,19100,18714.791
2026-05-25,09:45 - 10:00,18900,18870.287
2026-05-25,10:00 - 10:15,18700,19213.588
2026-05-25,10:15 - 10:30,18850,19459.594
2026-05-25,10:30 - 10:45,19000,19494.697
2026-05-25,10:45 - 11:00,19250,19878.084
2026-05-25,11:00 - 11:15,19300,19724.979
2026-05-25,11:15 - 11:30,19300,19854.719
2026-05-25,11:30 - 11:45,19500,20248.54
2026-05-25,11:45 - 12:00,19400,20326.945
2026-05-25,12:00 - 12:15,19500,20147.84
2026-05-25,12:15 - 12:30,19550,20309.725
2026-05-25,12:30 - 12:45,19700,20256.45
2026-05-25,12:45 - 13:00,19650,20250.94
2026-05-25,13:00 - 13:15,19750,20354.656
2026-05-25,13:15 - 13:30,19650,20213.402
2026-05-25,13:30 - 13:45,19350,20138.291
2026-05-25,13:45 - 14:00,19050,19515.795
2026-05-25,14:00 - 14:15,19000,20039.475
2026-05-25,14:15 - 14:30,19250,20256.951
2026-05-25,14:30 - 14:45,19200,20429.775
2026-05-25,14:45 - 15:00,19000,20446.504
2026-05-25,15:00 - 15:15,18950,20310.158
2026-05-25,15:15 - 15:30,18800,19421.988
2026-05-25,15:30 - 15:45,18900,20001.32
2026-05-25,15:45 - 16:00,19000,19936.832
2026-05-25,16:00 - 16:15,19000,19387.506
2026-05-25,16:15 - 16:30,19000,19738.656
2026-05-25,16:30 - 16:45,19250,19766.873
2026-05-25,16:45 - 17:00,19300,19620.004
2026-05-25,17:00 - 17:15,19550,19558.045
2026-05-25,17:15 - 17:30,19750,19566.31
2026-05-25,17:30 - 17:45,19850,19895.396
2026-05-25,17:45 - 18:00,19800,19792.34
2026-05-25,18:00 - 18:15,19700,19533.87
2026-05-25,18:15 - 18:30,20050,19840.893
2026-05-25,18:30 - 18:45,20350,20320.074
2026-05-25,18:45 - 19:00,20350,19819.846
2026-05-25,19:00 - 19:15,20350,19941.637
2026-05-25,19:15 - 19:30,20350,20007.4
2026-05-25,19:30 - 19:45,20550,20172.803
2026-05-25,19:45 - 20:00,20450,19937.02
2026-05-25,20:00 - 20:15,20350,19697.094
2026-05-25,20:15 - 20:30,20400,19748.934
2026-05-25,20:30 - 20:45,20450,19848.574
2026-05-25,20:45 - 21:00,20400,19819.658
2026-05-25,21:00 - 21:15,20250,19668.98
2026-05-25,21:15 - 21:30,19850,19174.219
2026-05-25,21:30 - 21:45,19250,18825.895
2026-05-25,21:45 - 22:00,18650,18166.395
2026-05-25,22:00 - 22:15,18450,17806.4
2026-05-25,22:15 - 22:30,18150,17583.705
2026-05-25,22:30 - 22:45,17800,17134.459
2026-05-25,22:45 - 23:00,17350,16527.105
2026-05-25,23:00 - 23:15,16950,16346.169
2026-05-25,23:15 - 23:30,16550,16067.685
2026-05-25,23:30 - 23:45,16200,15789.238
2026-05-25,23:45 - 24:00,15850,15427.844
2026-05-26,00:00 - 00:15,15500,15190.905
2026-05-26,00:15 - 00:30,15250,14970.484
2026-05-26,00:30 - 00:45,15050,14921.561
2026-05-26,00:45 - 01:00,14800,14673.078
2026-05-26,01:00 - 01:15,14650,14485.456
2026-05-26,01:15 - 01:30,14550,14283.508
2026-05-26,01:30 - 01:45,14400,14252.617
2026-05-26,01:45 - 02:00,14300,14040.177
2026-05-26,02:00 - 02:15,14250,13851.606
2026-05-26,02:15 - 02:30,14300,14065.82
2026-05-26,02:30 - 02:45,14300,13992.674
2026-05-26,02:45 - 03:00,14300,13964.905
2026-05-26,03:00 - 03:15,14200,13826.213
2026-05-26,03:15 - 03:30,14250,13927.492
2026-05-26,03:30 - 03:45,14300,13835.602
2026-05-26,03:45 - 04:00,14300,13776.87
2026-05-26,04:00 - 04:15,14300,13584.354
2026-05-26,04:15 - 04:30,14250,13693.38
2026-05-26,04:30 - 04:45,14350,13990.117
2026-05-26,04:45 - 05:00,14500,13805.749
2026-05-26,05:00 - 05:15,14700,14104.614
2026-05-26,05:15 - 05:30,14900,14253.457
2026-05-26,05:30 - 05:45,15150,14616.176
2026-05-26,05:45 - 06:00,15700,15173.519
2026-05-26,06:00 - 06:15,17050,16559.25
2026-05-26,06:15 - 06:30,17750,17291.746
2026-05-26,06:30 - 06:45,18300,17732.982
2026-05-26,06:45 - 07:00,18900,18508.955
2026-05-26,07:00 - 07:15,19450,18957.367
2026-05-26,07:15 - 07:30,19800,19090.615
2026-05-26,07:30 - 07:45,19750,18990.363
2026-05-26,07:45 - 08:00,19800,19053.598
2026-05-26,08:00 - 08:15,19800,18998.047
2026-05-26,08:15 - 08:30,19850,18981.9
2026-05-26,08:30 - 08:45,19800,18629.127
2026-05-26,08:45 - 09:00,19850,18820.719
2026-05-26,09:00 - 09:15,19650,18545.074
2026-05-26,09:15 - 09:30,19600,18784.494
2026-05-26,09:30 - 09:45,19400,18785.48
2026-05-26,09:45 - 10:00,19200,18763.445
2026-05-26,10:00 - 10:15,19200,19024.006
2026-05-26,10:15 - 10:30,19400,19476.857
2026-05-26,10:30 - 10:45,19600,19510.219
2026-05-26,10:45 - 11:00,19800,19518.627
2026-05-26,11:00 - 11:15,19900,19986.297
2026-05-26,11:15 - 11:30,19950,19959.662
2026-05-26,11:30 - 11:45,20100,19904.404
2026-05-26,11:45 - 12:00,20050,20184.068
2026-05-26,12:00 - 12:15,20100,18631.064
2026-05-26,12:15 - 12:30,20050,20382.133
2026-05-26,12:30 - 12:45,20200,20192.865
2026-05-26,12:45 - 13:00,20150,20259.809
2026-05-26,13:00 - 13:15,20250,20170.246
2026-05-26,13:15 - 13:30,20150,20406.285
2026-05-26,13:30 - 13:45,19800,20098.242
2026-05-26,13:45 - 14:00,19450,19908.328
2026-05-26,14:00 - 14:15,19650,19846.232
2026-05-26,14:15 - 14:30,19800,20174.037
2026-05-26,14:30 - 14:45,19750,20237.45
2026-05-26,14:45 - 15:00,19550,19851.818
2026-05-26,15:00 - 15:15,19550,20195.31
2026-05-26,15:15 - 15:30,19500,20099.482
2026-05-26,15:30 - 15:45,19450,20186.672
2026-05-26,15:45 - 16:00,19550,20300.008
2026-05-26,16:00 - 16:15,19550,19743.143
2026-05-26,16:15 - 16:30,19550,19940.262
2026-05-26,16:30 - 16:45,19550,19172.355
2026-05-26,16:45 - 17:00,19600,19279.572
2026-05-26,17:00 - 17:15,19700,19514.111
2026-05-26,17:15 - 17:30,19850,19385.016
2026-05-26,17:30 - 17:45,20000,19687.834
2026-05-26,17:45 - 18:00,19900,19516.96
2026-05-26,18:00 - 18:15,20050,19564.215
2026-05-26,18:15 - 18:30,20300,19949.51
2026-05-26,18:30 - 18:45,20550,20121.137
2026-05-26,18:45 - 19:00,20450,19964.95
2026-05-26,19:00 - 19:15,20550,19986.31
2026-05-26,19:15 - 19:30,20500,20075.852
2026-05-26,19:30 - 19:45,20650,20175.664
2026-05-26,19:45 - 20:00,20550,20164.365
2026-05-26,20:00 - 20:15,20500,19994.857
2026-05-26,20:15 - 20:30,20500,19984.988
2026-05-26,20:30 - 20:45,20550,20165.402
2026-05-26,20:45 - 21:00,20550,20133.277
2026-05-26,21:00 - 21:15,20300,19802.615
2026-05-26,21:15 - 21:30,19900,19671.729
2026-05-26,21:30 - 21:45,19400,19252.252
2026-05-26,21:45 - 22:00,18800,18392.355
2026-05-26,22:00 - 22:15,18500,18534.754
2026-05-26,22:15 - 22:30,18250,18257.408
2026-05-26,22:30 - 22:45,17850,17511.178
2026-05-26,22:45 - 23:00,17500,17149.229
2026-05-26,23:00 - 23:15,17100,16911.809
2026-05-26,23:15 - 23:30,16700,16192.221
2026-05-26,23:30 - 23:45,16350,15977.389
2026-05-26,23:45 - 24:00,16000,15497.433
2026-05-27,00:00 - 00:15,15400,16347.593
2026-05-27,00:15 - 00:30,15150,15884.445
2026-05-27,00:30 - 00:45,14950,15726.615
2026-05-27,00:45 - 01:00,14700,15639.723
2026-05-27,01:00 - 01:15,14550,15629.515
2026-05-27,01:15 - 01:30,14450,15561.311
2026-05-27,01:30 - 01:45,14300,15403.025
2026-05-27,01:45 - 02:00,14200,14972.897
2026-05-27,02:00 - 02:15,14150,15003.184
2026-05-27,02:15 - 02:30,14100,15096.456
2026-05-27,02:30 - 02:45,14100,15092.937
2026-05-27,02:45 - 03:00,14100,15060.953
2026-05-27,03:00 - 03:15,14100,15355.337
2026-05-27,03:15 - 03:30,14100,15172.529
2026-05-27,03:30 - 03:45,14100,15326.09
2026-05-27,03:45 - 04:00,14050,15295.614
2026-05-27,04:00 - 04:15,13950,15303.027
2026-05-27,04:15 - 04:30,14050,15293.036
2026-05-27,04:30 - 04:45,14200,15498.125
2026-05-27,04:45 - 05:00,14200,15538.971
2026-05-27,05:00 - 05:15,14450,15741.729
2026-05-27,05:15 - 05:30,14600,15794.832
2026-05-27,05:30 - 05:45,14900,16223.023
2026-05-27,05:45 - 06:00,15450,16823.479
2026-05-27,06:00 - 06:15,16800,17853.387
2026-05-27,06:15 - 06:30,17500,18512.877
2026-05-27,06:30 - 06:45,18050,18800.885
2026-05-27,06:45 - 07:00,18650,19086.318
2026-05-27,07:00 - 07:15,19200,19769.85
2026-05-27,07:15 - 07:30,19450,19904.887
2026-05-27,07:30 - 07:45,19350,19938.55
2026-05-27,07:45 - 08:00,19350,19930.535
2026-05-27,08:00 - 08:15,19350,19877.66
2026-05-27,08:15 - 08:30,19400,20131.373
2026-05-27,08:30 - 08:45,19350,19727.604
2026-05-27,08:45 - 09:00,19350,19522.127
2026-05-27,09:00 - 09:15,19200,19551.697
2026-05-27,09:15 - 09:30,19100,19601.074
2026-05-27,09:30 - 09:45,18950,20015.05
2026-05-27,09:45 - 10:00,18850,19647.395
2026-05-27,10:00 - 10:15,18800,20420.11
2026-05-27,10:15 - 10:30,18850,20821.479
2026-05-27,10:30 - 10:45,18900,20728.148
2026-05-27,10:45 - 11:00,19100,21124.191
2026-05-27,11:00 - 11:15,19250,21234.152
2026-05-27,11:15 - 11:30,19400,21628.35
2026-05-27,11:30 - 11:45,19550,21754.81
2026-05-27,11:45 - 12:00,19500,22136.107
2026-05-27,12:00 - 12:15,19600,22304.773
2026-05-27,12:15 - 12:30,19500,22263.377
2026-05-27,12:30 - 12:45,19500,22291.316
2026-05-27,12:45 - 13:00,19600,22309.61
2026-05-27,13:00 - 13:15,19500,22200.598
2026-05-27,13:15 - 13:30,19550,21803.574
2026-05-27,13:30 - 13:45,19350,21361.693
2026-05-27,13:45 - 14:00,18900,21199.393
2026-05-27,14:00 - 14:15,18900,20605.81
2026-05-27,14:15 - 14:30,19050,21620.4
2026-05-27,14:30 - 14:45,19200,21380.773
2026-05-27,14:45 - 15:00,19100,20364.725
2026-05-27,15:00 - 15:15,18950,20262.31
2026-05-27,15:15 - 15:30,18900,20612.459
2026-05-27,15:30 - 15:45,19100,20597.82
2026-05-27,15:45 - 16:00,19050,21250.59
2026-05-27,16:00 - 16:15,19000,20501.447
2026-05-27,16:15 - 16:30,19050,20439.562
2026-05-27,16:30 - 16:45,19150,20699.07
2026-05-27,16:45 - 17:00,19400,20609.846
2026-05-27,17:00 - 17:15,19550,20815.248
2026-05-27,17:15 - 17:30,19650,20372.23
2026-05-27,17:30 - 17:45,19900,20171.65
2026-05-27,17:45 - 18:00,19850,20359.205
2026-05-27,18:00 - 18:15,19900,20587.164
2026-05-27,18:15 - 18:30,20100,20680.273
2026-05-27,18:30 - 18:45,20300,21126.43
2026-05-27,18:45 - 19:00,20200,20674.963
2026-05-27,19:00 - 19:15,20250,20693.428
2026-05-27,19:15 - 19:30,20300,20627.305
2026-05-27,19:30 - 19:45,20400,20711.92
2026-05-27,19:45 - 20:00,20300,20460.023
2026-05-27,20:00 - 20:15,20250,20352.441
2026-05-27,20:15 - 20:30,20250,19970.365
2026-05-27,20:30 - 20:45,20250,20107.883
2026-05-27,20:45 - 21:00,20250,20097.78
2026-05-27,21:00 - 21:15,20050,20170.63
2026-05-27,21:15 - 21:30,19650,19825.066
2026-05-27,21:30 - 21:45,19250,19564.248
2026-05-27,21:45 - 22:00,18600,18893.725
2026-05-27,22:00 - 22:15,18350,18756.887
2026-05-27,22:15 - 22:30,18000,18498.604
2026-05-27,22:30 - 22:45,17600,18118.967
2026-05-27,22:45 - 23:00,17100,17532.773
2026-05-27,23:00 - 23:15,16800,17329.99
2026-05-27,23:15 - 23:30,16550,16841.395
2026-05-27,23:30 - 23:45,16200,16641.414
2026-05-27,23:45 - 24:00,15800,16406.12
2026-05-28,00:00 - 00:15,15450,15673.392
2026-05-28,00:15 - 00:30,15200,15719.268
2026-05-28,00:30 - 00:45,15000,15406.488
2026-05-28,00:45 - 01:00,14850,15354.314
2026-05-28,01:00 - 01:15,14700,15239.368
2026-05-28,01:15 - 01:30,14600,15135.216
2026-05-28,01:30 - 01:45,14450,14935.279
2026-05-28,01:45 - 02:00,14350,14931.241
2026-05-28,02:00 - 02:15,14300,14634.79
2026-05-28,02:15 - 02:30,14300,14736.624
2026-05-28,02:30 - 02:45,14300,14697.498
2026-05-28,02:45 - 03:00,14300,14764.659
2026-05-28,03:00 - 03:15,14250,14643.203
2026-05-28,03:15 - 03:30,14250,14693.509
2026-05-28,03:30 - 03:45,14250,14555.774
2026-05-28,03:45 - 04:00,14200,14498.858
2026-05-28,04:00 - 04:15,14100,14657.239
2026-05-28,04:15 - 04:30,14200,14358.611
2026-05-28,04:30 - 04:45,14350,14846.676
2026-05-28,04:45 - 05:00,14350,14720.052
2026-05-28,05:00 - 05:15,14600,15030.577
2026-05-28,05:15 - 05:30,14750,15156.74
2026-05-28,05:30 - 05:45,15050,15624.143
2026-05-28,05:45 - 06:00,15600,16036.665
2026-05-28,06:00 - 06:15,16950,17234.629
2026-05-28,06:15 - 06:30,17650,18006.125
2026-05-28,06:30 - 06:45,18100,18478.473
2026-05-28,06:45 - 07:00,18700,19145.168
2026-05-28,07:00 - 07:15,19250,19529.502
2026-05-28,07:15 - 07:30,19500,19564.385
2026-05-28,07:30 - 07:45,19400,19457.432
2026-05-28,07:45 - 08:00,19400,19493.781
2026-05-28,08:00 - 08:15,19400,19451.67
2026-05-28,08:15 - 08:30,19450,19673.61
2026-05-28,08:30 - 08:45,19300,19250.15
2026-05-28,08:45 - 09:00,19350,19583.188
2026-05-28,09:00 - 09:15,19100,19591.824
2026-05-28,09:15 - 09:30,19100,19328.99
2026-05-28,09:30 - 09:45,18950,19734.729
2026-05-28,09:45 - 10:00,18850,19703.887
2026-05-28,10:00 - 10:15,18800,19671.904
2026-05-28,10:15 - 10:30,18900,20263.047
2026-05-28,10:30 - 10:45,18950,20274.586
2026-05-28,10:45 - 11:00,19100,20810.186
2026-05-28,11:00 - 11:15,19250,20651.43
2026-05-28,11:15 - 11:30,19400,20785.986
2026-05-28,11:30 - 11:45,19550,21078.314
2026-05-28,11:45 - 12:00,19500,21011.742
2026-05-28,12:00 - 12:15,19600,21525.389
2026-05-28,12:15 - 12:30,19500,21573.148
2026-05-28,12:30 - 12:45,19500,21608.191
2026-05-28,12:45 - 13:00,19600,20826.049
2026-05-28,13:00 - 13:15,19500,21912.635
2026-05-28,13:15 - 13:30,19550,21374.283
2026-05-28,13:30 - 13:45,19350,21458.2
2026-05-28,13:45 - 14:00,18800,20574.82
2026-05-28,14:00 - 14:15,18900,21090.418
2026-05-28,14:15 - 14:30,19100,20576.494
2026-05-28,14:30 - 14:45,19250,20591.861
2026-05-28,14:45 - 15:00,19050,20295.094
2026-05-28,15:00 - 15:15,19050,21024.791
2026-05-28,15:15 - 15:30,19100,20881.148
2026-05-28,15:30 - 15:45,19250,21207.975
2026-05-28,15:45 - 16:00,19200,20680.7
2026-05-28,16:00 - 16:15,19000,20605.934
2026-05-28,16:15 - 16:30,19100,19486.156
2026-05-28,16:30 - 16:45,19150,20089.068
2026-05-28,16:45 - 17:00,19400,19541.676
2026-05-28,17:00 - 17:15,19550,20219.172
2026-05-28,17:15 - 17:30,19600,19801.297
2026-05-28,17:30 - 17:45,19850,20392.35
2026-05-28,17:45 - 18:00,19750,20508.781
2026-05-28,18:00 - 18:15,19800,19883.252
2026-05-28,18:15 - 18:30,20100,20218.078
2026-05-28,18:30 - 18:45,20300,20564.725
2026-05-28,18:45 - 19:00,20200,19988.861
2026-05-28,19:00 - 19:15,20250,20056.76
2026-05-28,19:15 - 19:30,20300,20017.242
2026-05-28,19:30 - 19:45,20450,20148.652
2026-05-28,19:45 - 20:00,20350,20129.203
2026-05-28,20:00 - 20:15,20300,20027.168
2026-05-28,20:15 - 20:30,20300,19683.922
2026-05-28,20:30 - 20:45,20400,19825.057
2026-05-28,20:45 - 21:00,20250,19920.918
2026-05-28,21:00 - 21:15,20050,19555.295
2026-05-28,21:15 - 21:30,19650,19357.51
2026-05-28,21:30 - 21:45,19250,19003.908
2026-05-28,21:45 - 22:00,18600,18425.049
2026-05-28,22:00 - 22:15,18400,18427.885
2026-05-28,22:15 - 22:30,18050,18197.928
2026-05-28,22:30 - 22:45,17600,17894.672
2026-05-28,22:45 - 23:00,17100,17484.434
2026-05-28,23:00 - 23:15,16850,17137.924
2026-05-28,23:15 - 23:30,16500,16862.994
2026-05-28,23:30 - 23:45,16200,16656.121
2026-05-28,23:45 - 24:00,15800,16244.931
2026-05-29,00:00 - 00:15,15450,15847.046
2026-05-29,00:15 - 00:30,15150,15927.796
2026-05-29,00:30 - 00:45,14950,15834.22
2026-05-29,00:45 - 01:00,14750,15669.818
2026-05-29,01:00 - 01:15,14600,15605.987
2026-05-29,01:15 - 01:30,14450,15577.175
2026-05-29,01:30 - 01:45,14300,15179.208
2026-05-29,01:45 - 02:00,14200,15192.695
2026-05-29,02:00 - 02:15,14150,14935.645
2026-05-29,02:15 - 02:30,14100,14864.661
2026-05-29,02:30 - 02:45,14100,14935.007
2026-05-29,02:45 - 03:00,14100,14818.144
2026-05-29,03:00 - 03:15,14100,14775.272
2026-05-29,03:15 - 03:30,14100,15014.427
2026-05-29,03:30 - 03:45,14100,15019.267
2026-05-29,03:45 - 04:00,14100,14861.509
2026-05-29,04:00 - 04:15,14100,15008.195
2026-05-29,04:15 - 04:30,14100,14944.697
2026-05-29,04:30 - 04:45,14250,15098.054
2026-05-29,04:45 - 05:00,14300,15046.378
2026-05-29,05:00 - 05:15,14500,15219.87
2026-05-29,05:15 - 05:30,14700,15298.18
2026-05-29,05:30 - 05:45,15050,15791.503
2026-05-29,05:45 - 06:00,15700,16270.081
2026-05-29,06:00 - 06:15,17100,17254.615
2026-05-29,06:15 - 06:30,17750,18021.018
2026-05-29,06:30 - 06:45,18200,18491.014
2026-05-29,06:45 - 07:00,18600,18870.97
2026-05-29,07:00 - 07:15,19150,19370.44
2026-05-29,07:15 - 07:30,19350,19390.143
2026-05-29,07:30 - 07:45,19400,19185.295
2026-05-29,07:45 - 08:00,19400,19316.408
2026-05-29,08:00 - 08:15,19400,19321.842
2026-05-29,08:15 - 08:30,19400,19360.387
2026-05-29,08:30 - 08:45,19350,19235.936
2026-05-29,08:45 - 09:00,19300,19706.193
2026-05-29,09:00 - 09:15,19200,19296.436
2026-05-29,09:15 - 09:30,19150,19158.912
2026-05-29,09:30 - 09:45,19000,19232.633
2026-05-29,09:45 - 10:00,18900,19526.688
2026-05-29,10:00 - 10:15,19000,20155.918
2026-05-29,10:15 - 10:30,19200,20131.562
2026-05-29,10:30 - 10:45,19300,20225.295
2026-05-29,10:45 - 11:00,19450,20404.77
2026-05-29,11:00 - 11:15,19550,20271.115
2026-05-29,11:15 - 11:30,19600,20623.793
2026-05-29,11:30 - 11:45,19700,20634.61
2026-05-29,11:45 - 12:00,19750,20585.822
2026-05-29,12:00 - 12:15,19800,20865.049
2026-05-29,12:15 - 12:30,19800,20772.393
2026-05-29,12:30 - 12:45,19800,21245.795
2026-05-29,12:45 - 13:00,19800,21101.74
2026-05-29,13:00 - 13:15,19800,21097.287
2026-05-29,13:15 - 13:30,19800,20558.53
2026-05-29,13:30 - 13:45,19600,20265.74
2026-05-29,13:45 - 14:00,19050,19883.75
2026-05-29,14:00 - 14:15,19250,20173.264
2026-05-29,14:15 - 14:30,19350,20020.543
2026-05-29,14:30 - 14:45,19300,20739.686
2026-05-29,14:45 - 15:00,19300,19879.95
2026-05-29,15:00 - 15:15,19300,19852.807
2026-05-29,15:15 - 15:30,19350,19604.418
2026-05-29,15:30 - 15:45,19350,19373.545
2026-05-29,15:45 - 16:00,19400,19296.266
2026-05-29,16:00 - 16:15,19450,19405.904
2026-05-29,16:15 - 16:30,19450,19307.375
2026-05-29,16:30 - 16:45,19500,19713.508
2026-05-29,16:45 - 17:00,19550,19694.783
2026-05-29,17:00 - 17:15,19600,20087.61
2026-05-29,17:15 - 17:30,19650,19820.082
2026-05-29,17:30 - 17:45,19750,19893.77
2026-05-29,17:45 - 18:00,19700,19689.266
2026-05-29,18:00 - 18:15,19750,20016.83
2026-05-29,18:15 - 18:30,20000,19996.06
2026-05-29,18:30 - 18:45,20150,20558.99
2026-05-29,18:45 - 19:00,20150,19922.078
2026-05-29,19:00 - 19:15,20150,20143.512
2026-05-29,19:15 - 19:30,20150,20117.258
2026-05-29,19:30 - 19:45,20150,20468.732
2026-05-29,19:45 - 20:00,20150,20095.678
2026-05-29,20:00 - 20:15,20150,19992.6
2026-05-29,20:15 - 20:30,20150,19763.82
2026-05-29,20:30 - 20:45,20150,19679.727
2026-05-29,20:45 - 21:00,20150,19763.062
2026-05-29,21:00 - 21:15,19900,19784.469
2026-05-29,21:15 - 21:30,19600,19386.574
2026-05-29,21:30 - 21:45,19200,19077.322
2026-05-29,21:45 - 22:00,18600,18720.129
2026-05-29,22:00 - 22:15,18350,18641.51
2026-05-29,22:15 - 22:30,18050,18388.07
2026-05-29,22:30 - 22:45,17700,17913.498
2026-05-29,22:45 - 23:00,17300,17659.984
2026-05-29,23:00 - 23:15,16950,17438.91
2026-05-29,23:15 - 23:30,16600,16904.373
2026-05-29,23:30 - 23:45,16150,16522.71
2026-05-29,23:45 - 24:00,15800,16106.456
2026-05-30,00:00 - 00:15,15350,16019.825
2026-05-30,00:15 - 00:30,15100,15697.824
2026-05-30,00:30 - 00:45,14900,15579.413
2026-05-30,00:45 - 01:00,14700,15437.13
2026-05-30,01:00 - 01:15,14500,15355.942
2026-05-30,01:15 - 01:30,14350,15141.019
2026-05-30,01:30 - 01:45,14250,15182.518
2026-05-30,01:45 - 02:00,14150,14934.054
2026-05-30,02:00 - 02:15,14100,14594.581
2026-05-30,02:15 - 02:30,14050,14765.99
2026-05-30,02:30 - 02:45,14050,14561.347
2026-05-30,02:45 - 03:00,14050,14674.836
2026-05-30,03:00 - 03:15,14050,14557.995
2026-05-30,03:15 - 03:30,14000,14608.168
2026-05-30,03:30 - 03:45,13950,14545.448
2026-05-30,03:45 - 04:00,13950,14424.861
2026-05-30,04:00 - 04:15,13950,14419.976
2026-05-30,04:15 - 04:30,13900,14339.717
2026-05-30,04:30 - 04:45,13850,14276.658
2026-05-30,04:45 - 05:00,13850,14241.412
2026-05-30,05:00 - 05:15,13850,14029.498
2026-05-30,05:15 - 05:30,14000,14190.394
2026-05-30,05:30 - 05:45,14150,14241.117
2026-05-30,05:45 - 06:00,14300,14254.544
2026-05-30,06:00 - 06:15,14850,14652.717
2026-05-30,06:15 - 06:30,15150,15059.716
2026-05-30,06:30 - 06:45,15450,15063.779
2026-05-30,06:45 - 07:00,15700,15303.028
2026-05-30,07:00 - 07:15,16000,15525.227
2026-05-30,07:15 - 07:30,16250,15801.618
2026-05-30,07:30 - 07:45,16450,15981.639
2026-05-30,07:45 - 08:00,16650,16364.069
2026-05-30,08:00 - 08:15,16900,17153.117
2026-05-30,08:15 - 08:30,17150,17054.373
2026-05-30,08:30 - 08:45,17450,17589.604
2026-05-30,08:45 - 09:00,17650,17794.754
2026-05-30,09:00 - 09:15,17800,17855.195
2026-05-30,09:15 - 09:30,18000,17862.709
2026-05-30,09:30 - 09:45,18100,17755.746
2026-05-30,09:45 - 10:00,18250,17927.38
2026-05-30,10:00 - 10:15,18300,17831.943
2026-05-30,10:15 - 10:30,18350,18203.285
2026-05-30,10:30 - 10:45,18400,18082.246
2026-05-30,10:45 - 11:00,18450,18647.55
2026-05-30,11:00 - 11:15,18450,18849.42
2026-05-30,11:15 - 11:30,18450,18730.65
2026-05-30,11:30 - 11:45,18450,18764.139
2026-05-30,11:45 - 12:00,18450,18992.977
2026-05-30,12:00 - 12:15,18450,18884.523
2026-05-30,12:15 - 12:30,18450,18892.566
2026-05-30,12:30 - 12:45,18450,18894.33
2026-05-30,12:45 - 13:00,18450,18895.287
2026-05-30,13:00 - 13:15,18400,19160.203
2026-05-30,13:15 - 13:30,18350,18616.416
2026-05-30,13:30 - 13:45,18300,18595.967
2026-05-30,13:45 - 14:00,18250,19753.004
2026-05-30,14:00 - 14:15,18200,19276.635
2026-05-30,14:15 - 14:30,18000,18914.633
2026-05-30,14:30 - 14:45,17850,19060.861
2026-05-30,14:45 - 15:00,17700,18617.412
2026-05-30,15:00 - 15:15,17550,18487.135
2026-05-30,15:15 - 15:30,17550,18014.592
2026-05-30,15:30 - 15:45,17550,18131.803
2026-05-30,15:45 - 16:00,17550,17888.004
2026-05-30,16:00 - 16:15,17550,17644.559
2026-05-30,16:15 - 16:30,17550,17471.111
2026-05-30,16:30 - 16:45,17550,17942.79
2026-05-30,16:45 - 17:00,17550,18128.084
2026-05-30,17:00 - 17:15,17550,17858.738
2026-05-30,17:15 - 17:30,17550,17401.086
2026-05-30,17:30 - 17:45,17550,17491.39
2026-05-30,17:45 - 18:00,17550,17533.37
2026-05-30,18:00 - 18:15,17550,17079.088
2026-05-30,18:15 - 18:30,17550,17056.14
2026-05-30,18:30 - 18:45,17550,17284.738
2026-05-30,18:45 - 19:00,17550,17197.234
2026-05-30,19:00 - 19:15,17550,17013.732
2026-05-30,19:15 - 19:30,17550,16889.023
2026-05-30,19:30 - 19:45,17550,17010.2
2026-05-30,19:45 - 20:00,17500,16766.158
2026-05-30,20:00 - 20:15,17450,16986.725
2026-05-30,20:15 - 20:30,17450,16765.096
2026-05-30,20:30 - 20:45,17450,16752.31
2026-05-30,20:45 - 21:00,17450,16641.404
2026-05-30,21:00 - 21:15,17400,16737.871
2026-05-30,21:15 - 21:30,17250,16895.475
2026-05-30,21:30 - 21:45,16950,16721.936
2026-05-30,21:45 - 22:00,16650,16469.13
2026-05-30,22:00 - 22:15,16350,16467.994
2026-05-30,22:15 - 22:30,16050,16019.581
2026-05-30,22:30 - 22:45,15750,15770.518
2026-05-30,22:45 - 23:00,15450,15410.079
2026-05-30,23:00 - 23:15,15200,15154.168
2026-05-30,23:15 - 23:30,14850,15011.964
2026-05-30,23:30 - 23:45,14550,14504.365
2026-05-30,23:45 - 24:00,14250,14059.855
2026-05-31,00:00 - 00:15,13950,13877.66
2026-05-31,00:15 - 00:30,13750,13827.892
2026-05-31,00:30 - 00:45,13550,13556.871
2026-05-31,00:45 - 01:00,13350,13402.507
2026-05-31,01:00 - 01:15,13200,13549.722
2026-05-31,01:15 - 01:30,13100,13349.302
2026-05-31,01:30 - 01:45,12950,13098.826
2026-05-31,01:45 - 02:00,12750,13047.817
2026-05-31,02:00 - 02:15,12600,12998.853
2026-05-31,02:15 - 02:30,12450,12779.815
2026-05-31,02:30 - 02:45,12400,12644.257
2026-05-31,02:45 - 03:00,12350,12398.367
2026-05-31,03:00 - 03:15,12300,12464.593
2026-05-31,03:15 - 03:30,12250,12466.416
2026-05-31,03:30 - 03:45,12200,12530.438
2026-05-31,03:45 - 04:00,12200,12391.935
2026-05-31,04:00 - 04:15,12150,12241.415
2026-05-31,04:15 - 04:30,12050,12061.873
2026-05-31,04:30 - 04:45,11950,12075.702
2026-05-31,04:45 - 05:00,11950,12195.886
2026-05-31,05:00 - 05:15,11950,12222.653
2026-05-31,05:15 - 05:30,11950,11989.921
2026-05-31,05:30 - 05:45,11950,12130.763
2026-05-31,05:45 - 06:00,12050,12239.072
2026-05-31,06:00 - 06:15,12250,12465.787
2026-05-31,06:15 - 06:30,12450,12885.869
2026-05-31,06:30 - 06:45,12600,12933.387
2026-05-31,06:45 - 07:00,12850,13108.499
2026-05-31,07:00 - 07:15,13050,13172.009
2026-05-31,07:15 - 07:30,13250,13423.811
2026-05-31,07:30 - 07:45,13450,13492.06
2026-05-31,07:45 - 08:00,13700,13788.594
2026-05-31,08:00 - 08:15,13950,13988.672
2026-05-31,08:15 - 08:30,14200,14280.517
2026-05-31,08:30 - 08:45,14400,14236.79
2026-05-31,08:45 - 09:00,14750,14355.412
2026-05-31,09:00 - 09:15,15000,14500.094
2026-05-31,09:15 - 09:30,15100,14305.266
2026-05-31,09:30 - 09:45,15200,14798.245
2026-05-31,09:45 - 10:00,15450,15408.67
2026-05-31,10:00 - 10:15,15550,16511.469
2026-05-31,10:15 - 10:30,15550,16484.738
2026-05-31,10:30 - 10:45,15550,16503.846
2026-05-31,10:45 - 11:00,15650,16364.005
2026-05-31,11:00 - 11:15,15650,16546.893
2026-05-31,11:15 - 11:30,15650,15991.585
2026-05-31,11:30 - 11:45,15650,16263.907
2026-05-31,11:45 - 12:00,15650,16481.705
2026-05-31,12:00 - 12:15,15650,16718.662
2026-05-31,12:15 - 12:30,15650,16664.562
2026-05-31,12:30 - 12:45,15650,17401.482
2026-05-31,12:45 - 13:00,15650,17324.682
2026-05-31,13:00 - 13:15,15650,17492.611
2026-05-31,13:15 - 13:30,15650,17032.01
2026-05-31,13:30 - 13:45,15650,17264.01
2026-05-31,13:45 - 14:00,15650,16399.578
2026-05-31,14:00 - 14:15,15650,16973.635
2026-05-31,14:15 - 14:30,15550,17052.393
2026-05-31,14:30 - 14:45,15350,17115.273
2026-05-31,14:45 - 15:00,15250,17091.455
2026-05-31,15:00 - 15:15,15250,17011.414
2026-05-31,15:15 - 15:30,15250,16031.454
2026-05-31,15:30 - 15:45,15250,15647.651
2026-05-31,15:45 - 16:00,15250,16026.518
2026-05-31,16:00 - 16:15,15250,15862.976
2026-05-31,16:15 - 16:30,15250,15390.208
2026-05-31,16:30 - 16:45,15250,15939.645
2026-05-31,16:45 - 17:00,15300,15578.197
2026-05-31,17:00 - 17:15,15400,15674.135
2026-05-31,17:15 - 17:30,15550,15871.407
2026-05-31,17:30 - 17:45,15550,16297.108
2026-05-31,17:45 - 18:00,15600,16391.072
2026-05-31,18:00 - 18:15,15650,16252.593
2026-05-31,18:15 - 18:30,15700,16623.922
2026-05-31,18:30 - 18:45,15750,17087.004
2026-05-31,18:45 - 19:00,15800,16281.569
2026-05-31,19:00 - 19:15,15850,16820.514
2026-05-31,19:15 - 19:30,15950,16716.457
2026-05-31,19:30 - 19:45,16050,16699.488
2026-05-31,19:45 - 20:00,16100,16682.293
2026-05-31,20:00 - 20:15,16100,16589.69
2026-05-31,20:15 - 20:30,16100,16646.293
2026-05-31,20:30 - 20:45,16100,16538.246
2026-05-31,20:45 - 21:00,16100,16688.998
2026-05-31,21:00 - 21:15,16100,16689.234
2026-05-31,21:15 - 21:30,16050,16715.744
2026-05-31,21:30 - 21:45,15900,16541.967
2026-05-31,21:45 - 22:00,15650,16538.9
2026-05-31,22:00 - 22:15,15450,16351.172
2026-05-31,22:15 - 22:30,15200,16007.058
2026-05-31,22:30 - 22:45,14900,15889.955
2026-05-31,22:45 - 23:00,14600,15696.75
2026-05-31,23:00 - 23:15,14300,15383.529
2026-05-31,23:15 - 23:30,13950,15023.666
2026-05-31,23:30 - 23:45,13700,14830.413
2026-05-31,23:45 - 24:00,13400,14516.26
2026-06-01,00:00 - 00:15,13150,14495.345
2026-06-01,00:15 - 00:30,13000,14217.838
2026-06-01,00:30 - 00:45,12850,14197.11
2026-06-01,00:45 - 01:00,12750,13857.42
2026-06-01,01:00 - 01:15,12650,13865.222
2026-06-01,01:15 - 01:30,12550,13654.918
2026-06-01,01:30 - 01:45,12500,13684.385
2026-06-01,01:45 - 02:00,12400,13485.734
2026-06-01,02:00 - 02:15,12300,13590.334
2026-06-01,02:15 - 02:30,12300,13460.651
2026-06-01,02:30 - 02:45,12300,13475.738
2026-06-01,02:45 - 03:00,12300,13586.492
2026-06-01,03:00 - 03:15,12300,13527.185
2026-06-01,03:15 - 03:30,12300,13414.178
2026-06-01,03:30 - 03:45,12300,13497.821
2026-06-01,03:45 - 04:00,12300,13377.018
2026-06-01,04:00 - 04:15,12350,13541.769
2026-06-01,04:15 - 04:30,12400,13441.841
2026-06-01,04:30 - 04:45,12500,13813.532
2026-06-01,04:45 - 05:00,12600,13928.376
2026-06-01,05:00 - 05:15,12850,14033.126
2026-06-01,05:15 - 05:30,13250,14438.751
2026-06-01,05:30 - 05:45,13750,14855.887
2026-06-01,05:45 - 06:00,14400,15408.089
2026-06-01,06:00 - 06:15,15600,16434.258
2026-06-01,06:15 - 06:30,16350,17247.225
2026-06-01,06:30 - 06:45,16950,17570.744
2026-06-01,06:45 - 07:00,17600,18256.117
2026-06-01,07:00 - 07:15,18100,18990.287
2026-06-01,07:15 - 07:30,18400,19194.986
2026-06-01,07:30 - 07:45,18700,19519.875
2026-06-01,07:45 - 08:00,18850,19811.496
2026-06-01,08:00 - 08:15,19000,20132.936
2026-06-01,08:15 - 08:30,19100,20210.152
2026-06-01,08:30 - 08:45,19100,20049.902
2026-06-01,08:45 - 09:00,19100,20195.342
2026-06-01,09:00 - 09:15,19100,20348.895
2026-06-01,09:15 - 09:30,19100,19951.695
2026-06-01,09:30 - 09:45,19100,19944.586
2026-06-01,09:45 - 10:00,19100,20117.42
2026-06-01,10:00 - 10:15,19100,20315.156
2026-06-01,10:15 - 10:30,19100,20546.553
2026-06-01,10:30 - 10:45,19200,21209.502
2026-06-01,10:45 - 11:00,19300,21092.393
2026-06-01,11:00 - 11:15,19400,20901.71
2026-06-01,11:15 - 11:30,19500,20746.809
2026-06-01,11:30 - 11:45,19550,20957.654
2026-06-01,11:45 - 12:00,19550,21113.193
2026-06-01,12:00 - 12:15,19550,21205.244
2026-06-01,12:15 - 12:30,19550,21511.498
2026-06-01,12:30 - 12:45,19550,21278.918
2026-06-01,12:45 - 13:00,19550,21080.238
2026-06-01,13:00 - 13:15,19550,21280.254
2026-06-01,13:15 - 13:30,19550,20940.07
2026-06-01,13:30 - 13:45,19450,20563.174
2026-06-01,13:45 - 14:00,19050,20285.596
2026-06-01,14:00 - 14:15,19350,21021.969
2026-06-01,14:15 - 14:30,19550,20963.838
2026-06-01,14:30 - 14:45,19550,20965.275
2026-06-01,14:45 - 15:00,19550,20649.154
2026-06-01,15:00 - 15:15,19550,20108.764
2026-06-01,15:15 - 15:30,19550,20645.545
2026-06-01,15:30 - 15:45,19550,20365.502
2026-06-01,15:45 - 16:00,19550,20138.58
2026-06-01,16:00 - 16:15,19550,20675.621
2026-06-01,16:15 - 16:30,19550,20217.799
2026-06-01,16:30 - 16:45,19550,19913.723
2026-06-01,16:45 - 17:00,19550,20000.408
2026-06-01,17:00 - 17:15,19550,19662.443
2026-06-01,17:15 - 17:30,19550,19762.498
2026-06-01,17:30 - 17:45,19550,19869.799
2026-06-01,17:45 - 18:00,19600,19549.55
2026-06-01,18:00 - 18:15,19650,19843.781
2026-06-01,18:15 - 18:30,19750,20460.684
2026-06-01,18:30 - 18:45,19900,20396.014
2026-06-01,18:45 - 19:00,19850,20055.271
2026-06-01,19:00 - 19:15,19900,20207.646
2026-06-01,19:15 - 19:30,19900,20306.383
2026-06-01,19:30 - 19:45,19900,20189.652
2026-06-01,19:45 - 20:00,19900,20170.303
2026-06-01,20:00 - 20:15,19900,20085.402
2026-06-01,20:15 - 20:30,19900,20023.938
2026-06-01,20:30 - 20:45,19900,19726.852
2026-06-01,20:45 - 21:00,19900,19725.39
2026-06-01,21:00 - 21:15,19750,19873.562
2026-06-01,21:15 - 21:30,19450,19255.408
2026-06-01,21:30 - 21:45,19000,19038.305
2026-06-01,21:45 - 22:00,18450,18468.314
2026-06-01,22:00 - 22:15,18200,18403.648
2026-06-01,22:15 - 22:30,17900,18133.67
2026-06-01,22:30 - 22:45,17500,17707.498
2026-06-01,22:45 - 23:00,17100,17476.598
2026-06-01,23:00 - 23:15,16800,17095.219
2026-06-01,23:15 - 23:30,16450,16793.607
2026-06-01,23:30 - 23:45,16100,16418.154
2026-06-01,23:45 - 24:00,15750,16271.674
2026-06-02,00:00 - 00:15,15250,16162.225
2026-06-02,00:15 - 00:30,15050,15929.397
2026-06-02,00:30 - 00:45,14900,15848.991
2026-06-02,00:45 - 01:00,14700,15736.277
2026-06-02,01:00 - 01:15,14550,15520.499
2026-06-02,01:15 - 01:30,14400,15575.965
2026-06-02,01:30 - 01:45,14250,15456.494
2026-06-02,01:45 - 02:00,14150,15262.464
2026-06-02,02:00 - 02:15,14050,15262.806
2026-06-02,02:15 - 02:30,14050,15135.886
2026-06-02,02:30 - 02:45,14050,14962.398
2026-06-02,02:45 - 03:00,14050,15176.26
2026-06-02,03:00 - 03:15,14050,15130.824
2026-06-02,03:15 - 03:30,14050,14934.678
2026-06-02,03:30 - 03:45,14050,15011.229
2026-06-02,03:45 - 04:00,14050,14860.062
2026-06-02,04:00 - 04:15,14050,14874.867
2026-06-02,04:15 - 04:30,14050,14949.6
2026-06-02,04:30 - 04:45,14050,15240.482
2026-06-02,04:45 - 05:00,14150,15174.042
2026-06-02,05:00 - 05:15,14350,15205.018
2026-06-02,05:15 - 05:30,14500,15449.779
2026-06-02,05:30 - 05:45,14750,15974.766
2026-06-02,05:45 - 06:00,15200,16415.402
2026-06-02,06:00 - 06:15,16700,17647.658
2026-06-02,06:15 - 06:30,17300,18232.293
2026-06-02,06:30 - 06:45,17800,18558.537
2026-06-02,06:45 - 07:00,18400,19147.621
2026-06-02,07:00 - 07:15,18850,19600.775
2026-06-02,07:15 - 07:30,19200,19905.742
2026-06-02,07:30 - 07:45,19250,20078.37
2026-06-02,07:45 - 08:00,19300,20123.295
2026-06-02,08:00 - 08:15,19300,20203.352
2026-06-02,08:15 - 08:30,19300,20027.133
2026-06-02,08:30 - 08:45,19300,20049.602
2026-06-02,08:45 - 09:00,19300,19972.916
2026-06-02,09:00 - 09:15,19300,19741.803
2026-06-02,09:15 - 09:30,19300,19623.549
2026-06-02,09:30 - 09:45,19250,19763.988
2026-06-02,09:45 - 10:00,19150,19322.41
2026-06-02,10:00 - 10:15,19150,18932.52
2026-06-02,10:15 - 10:30,19150,18581.031
2026-06-02,10:30 - 10:45,19200,18797.318
2026-06-02,10:45 - 11:00,19300,19039.803
2026-06-02,11:00 - 11:15,19400,20364.422
2026-06-02,11:15 - 11:30,19500,20771.117
2026-06-02,11:30 - 11:45,19600,20528.557
2026-06-02,11:45 - 12:00,19650,20988.373
2026-06-02,12:00 - 12:15,19650,20572.982
2026-06-02,12:15 - 12:30,19650,20639.305
2026-06-02,12:30 - 12:45,19650,20750.207
2026-06-02,12:45 - 13:00,19650,19649.018
2026-06-02,13:00 - 13:15,19650,20752.01
2026-06-02,13:15 - 13:30,19600,20532.803
2026-06-02,13:30 - 13:45,19400,20525.525
2026-06-02,13:45 - 14:00,18900,19937.328
2026-06-02,14:00 - 14:15,19000,20214.24
2026-06-02,14:15 - 14:30,19150,20275.893
2026-06-02,14:30 - 14:45,19250,19696.174
2026-06-02,14:45 - 15:00,19350,20121.312
2026-06-02,15:00 - 15:15,19400,19516.45
2026-06-02,15:15 - 15:30,19500,19948.074
2026-06-02,15:30 - 15:45,19500,20154.812
2026-06-02,15:45 - 16:00,19500,20452.836
2026-06-02,16:00 - 16:15,19500,20076.898
2026-06-02,16:15 - 16:30,19500,19452.98
2026-06-02,16:30 - 16:45,19500,20193.21
2026-06-02,16:45 - 17:00,19600,19828.008
2026-06-02,17:00 - 17:15,19750,19862.928
2026-06-02,17:15 - 17:30,19750,20130.83
2026-06-02,17:30 - 17:45,19800,20122.1
2026-06-02,17:45 - 18:00,19800,20019.787
2026-06-02,18:00 - 18:15,19850,19978.537
2026-06-02,18:15 - 18:30,20000,20375.914
2026-06-02,18:30 - 18:45,20100,20722.398
2026-06-02,18:45 - 19:00,20100,20460.607
2026-06-02,19:00 - 19:15,20100,20296.266
2026-06-02,19:15 - 19:30,20100,20282.37
2026-06-02,19:30 - 19:45,20100,20312.521
2026-06-02,19:45 - 20:00,20100,20544.426
2026-06-02,20:00 - 20:15,20100,20506.557
2026-06-02,20:15 - 20:30,20100,20452.078
2026-06-02,20:30 - 20:45,20100,20262.113
2026-06-02,20:45 - 21:00,20050,19969.387
2026-06-02,21:00 - 21:15,19900,20135.447
2026-06-02,21:15 - 21:30,19600,19893.053
2026-06-02,21:30 - 21:45,19250,19539.885
2026-06-02,21:45 - 22:00,18600,18847.316
2026-06-02,22:00 - 22:15,18300,19107.799
2026-06-02,22:15 - 22:30,17950,18493.486
2026-06-02,22:30 - 22:45,17650,18633.139
2026-06-02,22:45 - 23:00,17150,17618.723
2026-06-02,23:00 - 23:15,16800,17937.201
2026-06-02,23:15 - 23:30,16450,17651.254
2026-06-02,23:30 - 23:45,16100,17411.873
2026-06-02,23:45 - 24:00,15750,16278.903
2026-06-03,00:00 - 00:15,15550,16222.457
2026-06-03,00:15 - 00:30,15350,15847.626
2026-06-03,00:30 - 00:45,15200,15581.151
2026-06-03,00:45 - 01:00,15000,15542.448
2026-06-03,01:00 - 01:15,14850,15368.523
2026-06-03,01:15 - 01:30,14700,15470.542
2026-06-03,01:30 - 01:45,14550,15155.597
2026-06-03,01:45 - 02:00,14400,15142.403
2026-06-03,02:00 - 02:15,14350,14944.317
2026-06-03,02:15 - 02:30,14350,14978.115
2026-06-03,02:30 - 02:45,14350,14767.307
2026-06-03,02:45 - 03:00,14350,14946.526
2026-06-03,03:00 - 03:15,14350,14916.177
2026-06-03,03:15 - 03:30,14350,14829.343
2026-06-03,03:30 - 03:45,14300,14856.348
2026-06-03,03:45 - 04:00,14250,14856.859
2026-06-03,04:00 - 04:15,14250,14580.966
2026-06-03,04:15 - 04:30,14250,14932.7
2026-06-03,04:30 - 04:45,14250,14833.057
2026-06-03,04:45 - 05:00,14250,15069.854
2026-06-03,05:00 - 05:15,14450,15143.362
2026-06-03,05:15 - 05:30,14600,15407.7
2026-06-03,05:30 - 05:45,14950,15606.028
2026-06-03,05:45 - 06:00,15450,16148.299
2026-06-03,06:00 - 06:15,16600,17325.174
2026-06-03,06:15 - 06:30,17250,18070.63
2026-06-03,06:30 - 06:45,17850,18324.916
2026-06-03,06:45 - 07:00,18550,19107.908
2026-06-03,07:00 - 07:15,19050,19494.34
2026-06-03,07:15 - 07:30,19250,19819.502
2026-06-03,07:30 - 07:45,19350,19524.672
2026-06-03,07:45 - 08:00,19350,19818.602
2026-06-03,08:00 - 08:15,19350,19835.3
2026-06-03,08:15 - 08:30,19350,20144.71
2026-06-03,08:30 - 08:45,19350,19747.096
2026-06-03,08:45 - 09:00,19350,19760.965
2026-06-03,09:00 - 09:15,19300,19671.803
2026-06-03,09:15 - 09:30,19250,19569.398
2026-06-03,09:30 - 09:45,19200,19333.787
2026-06-03,09:45 - 10:00,19200,19444.588
2026-06-03,10:00 - 10:15,19200,19492.248
2026-06-03,10:15 - 10:30,19200,19749.13
2026-06-03,10:30 - 10:45,19200,19989.922
2026-06-03,10:45 - 11:00,19250,19323.494
2026-06-03,11:00 - 11:15,19350,20117.748
2026-06-03,11:15 - 11:30,19500,20615.664
2026-06-03,11:30 - 11:45,19700,20675.78
2026-06-03,11:45 - 12:00,19800,20217.06
2026-06-03,12:00 - 12:15,19950,20793.46
2026-06-03,12:15 - 12:30,19950,21158.99
2026-06-03,12:30 - 12:45,19950,20800.25
2026-06-03,12:45 - 13:00,19950,21240.734
2026-06-03,13:00 - 13:15,19950,21762.018
2026-06-03,13:15 - 13:30,19700,21214.348
2026-06-03,13:30 - 13:45,19450,20969.197
2026-06-03,13:45 - 14:00,19150,21204.348
2026-06-03,14:00 - 14:15,19150,20713.277
2026-06-03,14:15 - 14:30,19400,20688.541
2026-06-03,14:30 - 14:45,19500,21148.604
2026-06-03,14:45 - 15:00,19550,21296.53
2026-06-03,15:00 - 15:15,19600,21626.92
2026-06-03,15:15 - 15:30,19600,20886.62
2026-06-03,15:30 - 15:45,19600,20686.99
2026-06-03,15:45 - 16:00,19650,20748.443
2026-06-03,16:00 - 16:15,19650,20835.557
2026-06-03,16:15 - 16:30,19650,20844.71
2026-06-03,16:30 - 16:45,19650,20584.898
2026-06-03,16:45 - 17:00,19700,19722.838
2026-06-03,17:00 - 17:15,19850,20093.36
2026-06-03,17:15 - 17:30,19750,20237.541
2026-06-03,17:30 - 17:45,19800,20335.521
2026-06-03,17:45 - 18:00,19800,20396.14
2026-06-03,18:00 - 18:15,19750,20166.502
2026-06-03,18:15 - 18:30,19800,20220.74
2026-06-03,18:30 - 18:45,19850,20148.26
2026-06-03,18:45 - 19:00,19850,20162.844
2026-06-03,19:00 - 19:15,19850,20094.512
2026-06-03,19:15 - 19:30,19850,20234.1
2026-06-03,19:30 - 19:45,19850,20138.443
2026-06-03,19:45 - 20:00,19850,20181.6
2026-06-03,20:00 - 20:15,19850,19905.621
2026-06-03,20:15 - 20:30,19850,20010.596
2026-06-03,20:30 - 20:45,19800,19939.312
2026-06-03,20:45 - 21:00,19700,19689.463
2026-06-03,21:00 - 21:15,19550,19714.1
2026-06-03,21:15 - 21:30,19300,19450.55
2026-06-03,21:30 - 21:45,18900,18981.938
2026-06-03,21:45 - 22:00,18350,18462.918
2026-06-03,22:00 - 22:15,18150,18233.008
2026-06-03,22:15 - 22:30,17800,18041.66
2026-06-03,22:30 - 22:45,17450,17632.768
2026-06-03,22:45 - 23:00,17100,17135.428
2026-06-03,23:00 - 23:15,16700,16940.664
2026-06-03,23:15 - 23:30,16350,16371.824
2026-06-03,23:30 - 23:45,15950,15816.083
2026-06-03,23:45 - 24:00,15600,15572.287
2026-06-04,00:00 - 00:15,15200,15433.914
2026-06-04,00:15 - 00:30,14950,15100.193
2026-06-04,00:30 - 00:45,14750,14822.48
2026-06-04,00:45 - 01:00,14500,14800.611
2026-06-04,01:00 - 01:15,14350,14672.245
2026-06-04,01:15 - 01:30,14150,14496.213
2026-06-04,01:30 - 01:45,14000,14376.519
2026-06-04,01:45 - 02:00,13850,14332.931
2026-06-04,02:00 - 02:15,13700,14063.302
2026-06-04,02:15 - 02:30,13600,14026.87
2026-06-04,02:30 - 02:45,13550,14066.11
2026-06-04,02:45 - 03:00,13500,13733.545
2026-06-04,03:00 - 03:15,13450,13928.647
2026-06-04,03:15 - 03:30,13400,13839.903
2026-06-04,03:30 - 03:45,13350,13637.963
2026-06-04,03:45 - 04:00,13300,13564.208
2026-06-04,04:00 - 04:15,13200,13405.155
2026-06-04,04:15 - 04:30,13050,13258.938
2026-06-04,04:30 - 04:45,12900,13301.206
2026-06-04,04:45 - 05:00,12800,13082.918
2026-06-04,05:00 - 05:15,12700,13225.751
2026-06-04,05:15 - 05:30,12500,13104.125
2026-06-04,05:30 - 05:45,12350,12937.457
2026-06-04,05:45 - 06:00,12400,12855.282
2026-06-04,06:00 - 06:15,12600,13146.219
2026-06-04,06:15 - 06:30,12800,13148.835
2026-06-04,06:30 - 06:45,13000,13422.033
2026-06-04,06:45 - 07:00,13250,13626.238
2026-06-04,07:00 - 07:15,13450,13877.705
2026-06-04,07:15 - 07:30,13700,14239.014
2026-06-04,07:30 - 07:45,13900,14354.246
2026-06-04,07:45 - 08:00,14100,14723.074
2026-06-04,08:00 - 08:15,14300,15202.445
2026-06-04,08:15 - 08:30,14400,15044.42
2026-06-04,08:30 - 08:45,14550,15160.585
2026-06-04,08:45 - 09:00,14700,15569.158
2026-06-04,09:00 - 09:15,14800,15426.508
2026-06-04,09:15 - 09:30,14850,15746.004
2026-06-04,09:30 - 09:45,14950,15648.698
2026-06-04,09:45 - 10:00,15000,16165.58
2026-06-04,10:00 - 10:15,15000,16617.182
2026-06-04,10:15 - 10:30,15000,16953.734
2026-06-04,10:30 - 10:45,15000,17170.295
2026-06-04,10:45 - 11:00,15000,16772.336
2026-06-04,11:00 - 11:15,15000,17196.146
2026-06-04,11:15 - 11:30,15000,17155.508
2026-06-04,11:30 - 11:45,15000,16705.02
2026-06-04,11:45 - 12:00,15000,16992.426
2026-06-04,12:00 - 12:15,15000,17060.244
2026-06-04,12:15 - 12:30,15000,17154.34
2026-06-04,12:30 - 12:45,15000,17257.05
2026-06-04,12:45 - 13:00,15000,16770.191
2026-06-04,13:00 - 13:15,15000,16783.422
2026-06-04,13:15 - 13:30,15000,17838.37
2026-06-04,13:30 - 13:45,15000,17312.85
2026-06-04,13:45 - 14:00,15000,17407.03
2026-06-04,14:00 - 14:15,15000,17536.24
2026-06-04,14:15 - 14:30,15000,17381.482
2026-06-04,14:30 - 14:45,15000,17169.658
2026-06-04,14:45 - 15:00,15000,16838.639
2026-06-04,15:00 - 15:15,15000,16887.193
2026-06-04,15:15 - 15:30,15000,17317.527
2026-06-04,15:30 - 15:45,15000,16964.502
2026-06-04,15:45 - 16:00,15000,16435.057
2026-06-04,16:00 - 16:15,15000,16289.347
2026-06-04,16:15 - 16:30,15000,16155.398
2026-06-04,16:30 - 16:45,15000,16139.011
2026-06-04,16:45 - 17:00,15000,15996.333
2026-06-04,17:00 - 17:15,15050,15921.945
2026-06-04,17:15 - 17:30,15100,16007.444
2026-06-04,17:30 - 17:45,15150,16082.821
2026-06-04,17:45 - 18:00,15200,15997.946
2026-06-04,18:00 - 18:15,15350,15984.416
2026-06-04,18:15 - 18:30,15500,16274.911
2026-06-04,18:30 - 18:45,15600,16323.315
2026-06-04,18:45 - 19:00,15700,16135.358
2026-06-04,19:00 - 19:15,15750,16078.909
2026-06-04,19:15 - 19:30,15750,15900.128
2026-06-04,19:30 - 19:45,15750,16154.114
2026-06-04,19:45 - 20:00,15750,16213.852
2026-06-04,20:00 - 20:15,15750,16286.583
2026-06-04,20:15 - 20:30,15750,16258.515
2026-06-04,20:30 - 20:45,15750,16265.193
2026-06-04,20:45 - 21:00,15800,16217.953
2026-06-04,21:00 - 21:15,15950,16445.838
2026-06-04,21:15 - 21:30,15950,16151.232
2026-06-04,21:30 - 21:45,15800,16055.355
2026-06-04,21:45 - 22:00,15600,15934.072
2026-06-04,22:00 - 22:15,15400,15733.54
2026-06-04,22:15 - 22:30,15150,15655.883
2026-06-04,22:30 - 22:45,14900,15139.161
2026-06-04,22:45 - 23:00,14600,14785.903
2026-06-04,23:00 - 23:15,14350,14433.849
2026-06-04,23:15 - 23:30,14000,14186.748
2026-06-04,23:30 - 23:45,13700,13888.975
2026-06-04,23:45 - 24:00,13400,13657.838
2026-06-05,00:00 - 00:15,13150,13580.755
2026-06-05,00:15 - 00:30,12900,13579.717
2026-06-05,00:30 - 00:45,12700,13312.64
2026-06-05,00:45 - 01:00,12550,13149.414
2026-06-05,01:00 - 01:15,12500,13119.266
2026-06-05,01:15 - 01:30,12400,13057.101
2026-06-05,01:30 - 01:45,12350,13002.194
2026-06-05,01:45 - 02:00,12300,12935.206
2026-06-05,02:00 - 02:15,12250,13010.304
2026-06-05,02:15 - 02:30,12250,13030.447
2026-06-05,02:30 - 02:45,12200,12895.186
2026-06-05,02:45 - 03:00,12150,13010.08
2026-06-05,03:00 - 03:15,12200,13058.746
2026-06-05,03:15 - 03:30,12150,12780.67
2026-06-05,03:30 - 03:45,12100,12826.975
2026-06-05,03:45 - 04:00,12050,12849.071
2026-06-05,04:00 - 04:15,12050,12794.81
2026-06-05,04:15 - 04:30,12100,12897.891
2026-06-05,04:30 - 04:45,12150,12901.39
2026-06-05,04:45 - 05:00,12250,13061.127
2026-06-05,05:00 - 05:15,12400,13116.753
2026-06-05,05:15 - 05:30,12500,13360.099
2026-06-05,05:30 - 05:45,12800,13538.857
2026-06-05,05:45 - 06:00,13200,13934.213
2026-06-05,06:00 - 06:15,13850,14295.651
2026-06-05,06:15 - 06:30,14250,14798.294
2026-06-05,06:30 - 06:45,14650,15257.923
2026-06-05,06:45 - 07:00,15200,15486.331
2026-06-05,07:00 - 07:15,15650,15917.254
2026-06-05,07:15 - 07:30,16000,16135.745
2026-06-05,07:30 - 07:45,16300,16226.874
2026-06-05,07:45 - 08:00,16650,16530.861
2026-06-05,08:00 - 08:15,16900,16687.484
2026-06-05,08:15 - 08:30,17100,16896.1
2026-06-05,08:30 - 08:45,17300,17100.197
2026-06-05,08:45 - 09:00,17400,17535.43
2026-06-05,09:00 - 09:15,17500,17668.887
2026-06-05,09:15 - 09:30,17550,17851.701
2026-06-05,09:30 - 09:45,17600,18187.572
2026-06-05,09:45 - 10:00,17600,18384.312
2026-06-05,10:00 - 10:15,17600,18846.533
2026-06-05,10:15 - 10:30,17600,19121.84
2026-06-05,10:30 - 10:45,17600,19483.322
2026-06-05,10:45 - 11:00,17600,19007.018
2026-06-05,11:00 - 11:15,17600,19266.004
2026-06-05,11:15 - 11:30,17600,19323.623
2026-06-05,11:30 - 11:45,17650,18963.836
2026-06-05,11:45 - 12:00,17750,19369.494
2026-06-05,12:00 - 12:15,17850,19346.412
2026-06-05,12:15 - 12:30,17950,19483.768
2026-06-05,12:30 - 12:45,18000,19939.514
2026-06-05,12:45 - 13:00,18000,19567.57
2026-06-05,13:00 - 13:15,18000,19780.93
2026-06-05,13:15 - 13:30,18000,19832.736
2026-06-05,13:30 - 13:45,18000,19538.893
2026-06-05,13:45 - 14:00,18000,19698.127
2026-06-05,14:00 - 14:15,18000,19565.572
2026-06-05,14:15 - 14:30,17950,19603.8
2026-06-05,14:30 - 14:45,17850,19307.395
2026-06-05,14:45 - 15:00,17750,19749.84
2026-06-05,15:00 - 15:15,17650,18845.307
2026-06-05,15:15 - 15:30,17600,19011.566
2026-06-05,15:30 - 15:45,17600,18948.018
2026-06-05,15:45 - 16:00,17600,18524.484
2026-06-05,16:00 - 16:15,17600,18204.695
2026-06-05,16:15 - 16:30,17600,18291.553
2026-06-05,16:30 - 16:45,17600,18235.705
2026-06-05,16:45 - 17:00,17600,17982.115
2026-06-05,17:00 - 17:15,17600,18103.07
2026-06-05,17:15 - 17:30,17600,18156.742
2026-06-05,17:30 - 17:45,17650,18257.627
2026-06-05,17:45 - 18:00,17750,18004.111
2026-06-05,18:00 - 18:15,17800,18106.307
2026-06-05,18:15 - 18:30,17800,18131.992
2026-06-05,18:30 - 18:45,17800,18147.832
2026-06-05,18:45 - 19:00,17800,18076.672
2026-06-05,19:00 - 19:15,17800,18119.006
2026-06-05,19:15 - 19:30,17800,18090.912
2026-06-05,19:30 - 19:45,17800,18087.082
2026-06-05,19:45 - 20:00,17800,18107.863
2026-06-05,20:00 - 20:15,17800,17969.965
2026-06-05,20:15 - 20:30,17800,17867.133
2026-06-05,20:30 - 20:45,17700,17949.365
2026-06-05,20:45 - 21:00,17600,17614.672
2026-06-05,21:00 - 21:15,17450,17558.316
2026-06-05,21:15 - 21:30,17300,17502.213
2026-06-05,21:30 - 21:45,17050,17179.328
2026-06-05,21:45 - 22:00,16800,16883.74
2026-06-05,22:00 - 22:15,16550,16796.592
2026-06-05,22:15 - 22:30,16200,16490.514
2026-06-05,22:30 - 22:45,15950,16343.363
2026-06-05,22:45 - 23:00,15550,15801.806
2026-06-05,23:00 - 23:15,15300,15711.942
2026-06-05,23:15 - 23:30,14950,15185.943
2026-06-05,23:30 - 23:45,14650,15140.05
2026-06-05,23:45 - 24:00,14350,14688.867
2026-06-06,00:00 - 00:15,14050,14677.372
2026-06-06,00:15 - 00:30,13800,14399.711
2026-06-06,00:30 - 00:45,13650,14292.659
2026-06-06,00:45 - 01:00,13500,14084.267
2026-06-06,01:00 - 01:15,13300,13845.144
2026-06-06,01:15 - 01:30,13200,13849.803
2026-06-06,01:30 - 01:45,13100,13620.408
2026-06-06,01:45 - 02:00,12900,13431.947
2026-06-06,02:00 - 02:15,12800,13255.49
2026-06-06,02:15 - 02:30,12800,13340.789
2026-06-06,02:30 - 02:45,12750,13369.255
2026-06-06,02:45 - 03:00,12750,13201.168
2026-06-06,03:00 - 03:15,12700,13087.445
2026-06-06,03:15 - 03:30,12650,13130.434
2026-06-06,03:30 - 03:45,12600,13090.914
2026-06-06,03:45 - 04:00,12550,13101.603
2026-06-06,04:00 - 04:15,12450,13031.597
2026-06-06,04:15 - 04:30,12350,13048.296
2026-06-06,04:30 - 04:45,12300,13150.467
2026-06-06,04:45 - 05:00,12300,13104.667
2026-06-06,05:00 - 05:15,12350,13199.016
2026-06-06,05:15 - 05:30,12450,13298.609
2026-06-06,05:30 - 05:45,12600,13390.7
2026-06-06,05:45 - 06:00,12900,13695.319
2026-06-06,06:00 - 06:15,13200,14137.32
2026-06-06,06:15 - 06:30,13550,14458.419
2026-06-06,06:30 - 06:45,13850,14456.8
2026-06-06,06:45 - 07:00,14200,14778.209
2026-06-06,07:00 - 07:15,14450,14725.694
2026-06-06,07:15 - 07:30,14700,15280.696
2026-06-06,07:30 - 07:45,14900,15153.251
2026-06-06,07:45 - 08:00,15100,15417.673
2026-06-06,08:00 - 08:15,15300,15684.773
2026-06-06,08:15 - 08:30,15500,15593.731
2026-06-06,08:30 - 08:45,15700,15598.292
2026-06-06,08:45 - 09:00,15800,15900.367
2026-06-06,09:00 - 09:15,15900,15811.248
2026-06-06,09:15 - 09:30,15950,16152.513
2026-06-06,09:30 - 09:45,16000,16423.494
2026-06-06,09:45 - 10:00,16000,16832.58
2026-06-06,10:00 - 10:15,16000,17361.693
2026-06-06,10:15 - 10:30,16000,17441.5
2026-06-06,10:30 - 10:45,16000,18335.8
2026-06-06,10:45 - 11:00,16000,17901.373
2026-06-06,11:00 - 11:15,16000,18403.871
2026-06-06,11:15 - 11:30,16000,18537.82
2026-06-06,11:30 - 11:45,16000,18534.03
2026-06-06,11:45 - 12:00,16000,18137.436
2026-06-06,12:00 - 12:15,16000,18388.305
2026-06-06,12:15 - 12:30,16000,18525.504
2026-06-06,12:30 - 12:45,16000,18359.69
2026-06-06,12:45 - 13:00,16000,17983.361
2026-06-06,13:00 - 13:15,16000,17628.842
2026-06-06,13:15 - 13:30,16000,17455.86
2026-06-06,13:30 - 13:45,15950,18350.639
2026-06-06,13:45 - 14:00,15900,18077.297
2026-06-06,14:00 - 14:15,15850,17998.541
2026-06-06,14:15 - 14:30,15800,18356.768
2026-06-06,14:30 - 14:45,15800,17926.396
2026-06-06,14:45 - 15:00,15800,17761.271
2026-06-06,15:00 - 15:15,15800,17617.953
2026-06-06,15:15 - 15:30,15800,17694.264
2026-06-06,15:30 - 15:45,15800,17653.643
2026-06-06,15:45 - 16:00,15800,17369.67
2026-06-06,16:00 - 16:15,15900,17042.86
2026-06-06,16:15 - 16:30,15950,17266.299
2026-06-06,16:30 - 16:45,16000,16422.15
2026-06-06,16:45 - 17:00,16050,16245.396
2026-06-06,17:00 - 17:15,16150,16388.576
2026-06-06,17:15 - 17:30,16250,16273.408
2026-06-06,17:30 - 17:45,16350,16401.918
2026-06-06,17:45 - 18:00,16500,16319.586
2026-06-06,18:00 - 18:15,16550,16945.395
2026-06-06,18:15 - 18:30,16600,16986.27
2026-06-06,18:30 - 18:45,16600,17361.459
2026-06-06,18:45 - 19:00,16600,16986.938
2026-06-06,19:00 - 19:15,16600,17026.383
2026-06-06,19:15 - 19:30,16600,17110.389
2026-06-06,19:30 - 19:45,16600,17102.678
2026-06-06,19:45 - 20:00,16550,16967.945
2026-06-06,20:00 - 20:15,16500,17009.578
2026-06-06,20:15 - 20:30,16450,16818.775
2026-06-06,20:30 - 20:45,16400,16884.06
2026-06-06,20:45 - 21:00,16300,16601.703
2026-06-06,21:00 - 21:15,16250,16874.076
2026-06-06,21:15 - 21:30,16150,16878.762
2026-06-06,21:30 - 21:45,16050,16745.229
2026-06-06,21:45 - 22:00,15900,16617.96
2026-06-06,22:00 - 22:15,15700,16548.605
2026-06-06,22:15 - 22:30,15450,16216.147
2026-06-06,22:30 - 22:45,15200,15874.939
2026-06-06,22:45 - 23:00,14900,15645.835
2026-06-06,23:00 - 23:15,14650,15149.786
2026-06-06,23:15 - 23:30,14300,14895.711
2026-06-06,23:30 - 23:45,14000,14644.668
2026-06-06,23:45 - 24:00,13700,14349.744
2026-06-07,00:00 - 00:15,13550,14003.205
2026-06-07,00:15 - 00:30,13350,13884.6
2026-06-07,00:30 - 00:45,13200,13563.378
2026-06-07,00:45 - 01:00,13050,13472.592
2026-06-07,01:00 - 01:15,12900,13267.719
2026-06-07,01:15 - 01:30,12750,13189.326
2026-06-07,01:30 - 01:45,12600,12803.043
2026-06-07,01:45 - 02:00,12450,12740.362
2026-06-07,02:00 - 02:15,12350,12620.889
2026-06-07,02:15 - 02:30,12250,12404.175
2026-06-07,02:30 - 02:45,12150,12347.038
2026-06-07,02:45 - 03:00,12050,12310.105
2026-06-07,03:00 - 03:15,12000,12441.538
2026-06-07,03:15 - 03:30,11950,12246.14
2026-06-07,03:30 - 03:45,11900,12317.834
2026-06-07,03:45 - 04:00,11850,12213.337
2026-06-07,04:00 - 04:15,11750,12012.073
2026-06-07,04:15 - 04:30,11650,11995.734
2026-06-07,04:30 - 04:45,11600,12096.946
2026-06-07,04:45 - 05:00,11600,11845.619
2026-06-07,05:00 - 05:15,11600,11914.401
2026-06-07,05:15 - 05:30,11600,12172.863
2026-06-07,05:30 - 05:45,11750,12040.435
2026-06-07,05:45 - 06:00,11950,12176.723
2026-06-07,06:00 - 06:15,12150,12270.489
2026-06-07,06:15 - 06:30,12350,12752.864
2026-06-07,06:30 - 06:45,12550,12734.975
2026-06-07,06:45 - 07:00,12800,12758.031
2026-06-07,07:00 - 07:15,13000,13021.213
2026-06-07,07:15 - 07:30,13200,13276.792
2026-06-07,07:30 - 07:45,13400,13270.658
2026-06-07,07:45 - 08:00,13600,13489.719
2026-06-07,08:00 - 08:15,13900,13335.728
2026-06-07,08:15 - 08:30,14100,13990.134
2026-06-07,08:30 - 08:45,14300,14151.566
2026-06-07,08:45 - 09:00,14550,13744.824
2026-06-07,09:00 - 09:15,14850,14424.518
2026-06-07,09:15 - 09:30,15050,14622.11
2026-06-07,09:30 - 09:45,15200,14997.379
2026-06-07,09:45 - 10:00,15400,16314.398
2026-06-07,10:00 - 10:15,15550,16236.21
2026-06-07,10:15 - 10:30,15700,16688.926
2026-06-07,10:30 - 10:45,15750,16837.05
2026-06-07,10:45 - 11:00,15800,17024.742
2026-06-07,11:00 - 11:15,15850,16428.97
2026-06-07,11:15 - 11:30,15900,16481.191
2026-06-07,11:30 - 11:45,15950,16430.105
2026-06-07,11:45 - 12:00,16000,16319.472
2026-06-07,12:00 - 12:15,16000,16443.371
2026-06-07,12:15 - 12:30,16000,16994.963
2026-06-07,12:30 - 12:45,16000,17194.371
2026-06-07,12:45 - 13:00,16000,16655.63
2026-06-07,13:00 - 13:15,16000,16942.27
2026-06-07,13:15 - 13:30,16000,16911.629
2026-06-07,13:30 - 13:45,16000,17164.352
2026-06-07,13:45 - 14:00,16000,17212.27
2026-06-07,14:00 - 14:15,15950,17084.676
2026-06-07,14:15 - 14:30,15900,15988.55
2026-06-07,14:30 - 14:45,15850,16165.604
2026-06-07,14:45 - 15:00,15800,16320.233
2026-06-07,15:00 - 15:15,15750,16162.374
2026-06-07,15:15 - 15:30,15700,15832.514
2026-06-07,15:30 - 15:45,15650,16346.532
2026-06-07,15:45 - 16:00,15600,17082.098
2026-06-07,16:00 - 16:15,15550,16557.516
2026-06-07,16:15 - 16:30,15550,15816.655
2026-06-07,16:30 - 16:45,15550,15824.723
2026-06-07,16:45 - 17:00,15550,15997.13
2026-06-07,17:00 - 17:15,15550,15745.841
2026-06-07,17:15 - 17:30,15550,16169.76
2026-06-07,17:30 - 17:45,15600,16015.165
2026-06-07,17:45 - 18:00,15750,15795.142
2026-06-07,18:00 - 18:15,15900,16343.235
2026-06-07,18:15 - 18:30,15950,16364.151
2026-06-07,18:30 - 18:45,16000,16098.936
2026-06-07,18:45 - 19:00,16050,16225.658
2026-06-07,19:00 - 19:15,16050,16136.067
2026-06-07,19:15 - 19:30,16050,16090.331
2026-06-07,19:30 - 19:45,16050,16355.813
2026-06-07,19:45 - 20:00,16050,16572.68
2026-06-07,20:00 - 20:15,16050,16415.203
2026-06-07,20:15 - 20:30,16050,16463.504
2026-06-07,20:30 - 20:45,16000,16263.683
2026-06-07,20:45 - 21:00,15950,16259.315
2026-06-07,21:00 - 21:15,15900,16073.085
2026-06-07,21:15 - 21:30,15900,16220.343
2026-06-07,21:30 - 21:45,15850,16182.058
2026-06-07,21:45 - 22:00,15700,15938.399
2026-06-07,22:00 - 22:15,15500,15755.697
2026-06-07,22:15 - 22:30,15250,15671.829
2026-06-07,22:30 - 22:45,14950,15525.936
2026-06-07,22:45 - 23:00,14650,15071.277
2026-06-07,23:00 - 23:15,14400,14867.762
2026-06-07,23:15 - 23:30,14050,14611.792
2026-06-07,23:30 - 23:45,13750,14346.322
2026-06-07,23:45 - 24:00,13550,13980.364
2026-06-08,00:00 - 00:15,13350,13903.787
2026-06-08,00:15 - 00:30,13200,13798.276
2026-06-08,00:30 - 00:45,13050,13493.785
2026-06-08,00:45 - 01:00,12950,13456.481
2026-06-08,01:00 - 01:15,12850,13294.212
2026-06-08,01:15 - 01:30,12800,13382.936
2026-06-08,01:30 - 01:45,12750,13148.614
2026-06-08,01:45 - 02:00,12750,13155.891
2026-06-08,02:00 - 02:15,12750,13001.665
2026-06-08,02:15 - 02:30,12750,12853.26
2026-06-08,02:30 - 02:45,12750,12960.293
2026-06-08,02:45 - 03:00,12750,12784.595
2026-06-08,03:00 - 03:15,12750,12770.478
2026-06-08,03:15 - 03:30,12750,12916.959
2026-06-08,03:30 - 03:45,12750,12818.493
2026-06-08,03:45 - 04:00,12750,12932.288
2026-06-08,04:00 - 04:15,12800,12977.709
2026-06-08,04:15 - 04:30,12850,12853.64
2026-06-08,04:30 - 04:45,12950,13109.167
2026-06-08,04:45 - 05:00,13050,13241.476
2026-06-08,05:00 - 05:15,13300,13398.249
2026-06-08,05:15 - 05:30,13700,13961.64
2026-06-08,05:30 - 05:45,14100,14429.71
2026-06-08,05:45 - 06:00,14700,15307.246
2026-06-08,06:00 - 06:15,15950,16312.369
2026-06-08,06:15 - 06:30,16750,17075.951
2026-06-08,06:30 - 06:45,17350,17588.156
2026-06-08,06:45 - 07:00,17900,18084.375
2026-06-08,07:00 - 07:15,18500,18600.664
2026-06-08,07:15 - 07:30,18850,19023.07
2026-06-08,07:30 - 07:45,19150,18807.043
2026-06-08,07:45 - 08:00,19350,19202.182
2026-06-08,08:00 - 08:15,19500,19166.922
2026-06-08,08:15 - 08:30,19600,19196.121
2026-06-08,08:30 - 08:45,19600,19317.332
2026-06-08,08:45 - 09:00,19600,18951.264
2026-06-08,09:00 - 09:15,19600,19319.615
2026-06-08,09:15 - 09:30,19600,19239.994
2026-06-08,09:30 - 09:45,19600,19549.512
2026-06-08,09:45 - 10:00,19600,19596.201
2026-06-08,10:00 - 10:15,19600,19691.76
2026-06-08,10:15 - 10:30,19600,20296.592
2026-06-08,10:30 - 10:45,19600,20871.996
2026-06-08,10:45 - 11:00,19700,20811.543
2026-06-08,11:00 - 11:15,19800,20507.19
2026-06-08,11:15 - 11:30,19850,21058.986
2026-06-08,11:30 - 11:45,19900,21202.037
2026-06-08,11:45 - 12:00,19950,20568.262
2026-06-08,12:00 - 12:15,20000,21353.861
2026-06-08,12:15 - 12:30,20100,21873.275
2026-06-08,12:30 - 12:45,20100,22109.154
2026-06-08,12:45 - 13:00,20100,21708.479
2026-06-08,13:00 - 13:15,20000,20616.568
2026-06-08,13:15 - 13:30,19800,21053.607
2026-06-08,13:30 - 13:45,19500,20964.756
2026-06-08,13:45 - 14:00,19100,20351.443
2026-06-08,14:00 - 14:15,19350,20715.936
2026-06-08,14:15 - 14:30,19550,20804.068
2026-06-08,14:30 - 14:45,19550,20377.387
2026-06-08,14:45 - 15:00,19550,20459.293
2026-06-08,15:00 - 15:15,19550,20493.32
2026-06-08,15:15 - 15:30,19550,20372.607
2026-06-08,15:30 - 15:45,19550,20350.945
2026-06-08,15:45 - 16:00,19550,20070.082
2026-06-08,16:00 - 16:15,19550,20193.64
2026-06-08,16:15 - 16:30,19550,20316.03
2026-06-08,16:30 - 16:45,19550,19809.455
2026-06-08,16:45 - 17:00,19550,20314.643
2026-06-08,17:00 - 17:15,19550,20511.271
2026-06-08,17:15 - 17:30,19550,20218.578
2026-06-08,17:30 - 17:45,19550,20593.043
2026-06-08,17:45 - 18:00,19550,20699.34
2026-06-08,18:00 - 18:15,19550,20819.053
2026-06-08,18:15 - 18:30,19600,20745.682
2026-06-08,18:30 - 18:45,19800,20862.043
2026-06-08,18:45 - 19:00,19950,20798.645
2026-06-08,19:00 - 19:15,20000,20734.068
2026-06-08,19:15 - 19:30,20000,20722.695
2026-06-08,19:30 - 19:45,20000,20892.572
2026-06-08,19:45 - 20:00,20000,20852.191
2026-06-08,20:00 - 20:15,20000,20561.371
2026-06-08,20:15 - 20:30,20000,20378.082
2026-06-08,20:30 - 20:45,19950,20343.773
2026-06-08,20:45 - 21:00,19950,20181.764
2026-06-08,21:00 - 21:15,19800,20245.371
2026-06-08,21:15 - 21:30,19500,20069.707
2026-06-08,21:30 - 21:45,19050,19649.117
2026-06-08,21:45 - 22:00,18500,19173.082
2026-06-08,22:00 - 22:15,18250,18995.361
2026-06-08,22:15 - 22:30,17950,18716.053
2026-06-08,22:30 - 22:45,17550,18173.344
2026-06-08,22:45 - 23:00,17150,18006.465
2026-06-08,23:00 - 23:15,16850,17525.002
2026-06-08,23:15 - 23:30,16500,17017.49
2026-06-08,23:30 - 23:45,16150,16675.904
2026-06-08,23:45 - 24:00,15800,16460.4
2026-06-09,00:00 - 00:15,15450,16109.504
2026-06-09,00:15 - 00:30,15250,15930.07
2026-06-09,00:30 - 00:45,15100,15849.033
2026-06-09,00:45 - 01:00,14900,15647.211
2026-06-09,01:00 - 01:15,14800,15556.172
2026-06-09,01:15 - 01:30,14700,15433.65
2026-06-09,01:30 - 01:45,14600,15229.127
2026-06-09,01:45 - 02:00,14550,15135.784
2026-06-09,02:00 - 02:15,14500,14927.329
2026-06-09,02:15 - 02:30,14450,15098.239
2026-06-09,02:30 - 02:45,14400,15045.156
2026-06-09,02:45 - 03:00,14400,14956.701
2026-06-09,03:00 - 03:15,14400,14873.822
2026-06-09,03:15 - 03:30,14400,14804.64
2026-06-09,03:30 - 03:45,14400,14747.813
2026-06-09,03:45 - 04:00,14400,14643.242
2026-06-09,04:00 - 04:15,14400,14738.363
2026-06-09,04:15 - 04:30,14400,14606.496
2026-06-09,04:30 - 04:45,14500,14676.665
2026-06-09,04:45 - 05:00,14600,14875.342
2026-06-09,05:00 - 05:15,14700,15087.267
2026-06-09,05:15 - 05:30,14850,15433.455
2026-06-09,05:30 - 05:45,15150,15767.72
2026-06-09,05:45 - 06:00,15650,16337.607
2026-06-09,06:00 - 06:15,16850,17319.7
2026-06-09,06:15 - 06:30,17450,18090.72
2026-06-09,06:30 - 06:45,17900,18692.494
2026-06-09,06:45 - 07:00,18450,19122.37
2026-06-09,07:00 - 07:15,18950,19577.092
2026-06-09,07:15 - 07:30,19250,19855.242
2026-06-09,07:30 - 07:45,19300,19890.592
2026-06-09,07:45 - 08:00,19300,19784.604
2026-06-09,08:00 - 08:15,19300,20068.672
2026-06-09,08:15 - 08:30,19300,19905.523
2026-06-09,08:30 - 08:45,19300,20121.582
2026-06-09,08:45 - 09:00,19300,19529.36
2026-06-09,09:00 - 09:15,19150,19987.54
2026-06-09,09:15 - 09:30,19000,19904.861
2026-06-09,09:30 - 09:45,19000,20094.781
2026-06-09,09:45 - 10:00,19000,19887.238
2026-06-09,10:00 - 10:15,19000,19947.045
2026-06-09,10:15 - 10:30,19000,20530.83
2026-06-09,10:30 - 10:45,19000,20531.771
2026-06-09,10:45 - 11:00,19100,20889.719
2026-06-09,11:00 - 11:15,19250,21089.678
2026-06-09,11:15 - 11:30,19300,21279.385
2026-06-09,11:30 - 11:45,19350,21308.166
2026-06-09,11:45 - 12:00,19400,21145.541
2026-06-09,12:00 - 12:15,19450,20833.582
2026-06-09,12:15 - 12:30,19500,21288.387
2026-06-09,12:30 - 12:45,19500,21305.43
2026-06-09,12:45 - 13:00,19500,21512.986
2026-06-09,13:00 - 13:15,19500,21971.234
2026-06-09,13:15 - 13:30,19400,22274.262
2026-06-09,13:30 - 13:45,19200,22182.33
2026-06-09,13:45 - 14:00,19050,21605.93
2026-06-09,14:00 - 14:15,19150,21855.51
2026-06-09,14:15 - 14:30,19300,21952.541
2026-06-09,14:30 - 14:45,19300,21412.723
2026-06-09,14:45 - 15:00,19350,21559.254
2026-06-09,15:00 - 15:15,19400,21038.486
2026-06-09,15:15 - 15:30,19400,20268.076
2026-06-09,15:30 - 15:45,19400,20406.377
2026-06-09,15:45 - 16:00,19400,21020.146
2026-06-09,16:00 - 16:15,19400,20728.453
2026-06-09,16:15 - 16:30,19400,20808.902
2026-06-09,16:30 - 16:45,19400,21167.494
2026-06-09,16:45 - 17:00,19450,20873.502
2026-06-09,17:00 - 17:15,19650,20918.309
2026-06-09,17:15 - 17:30,19650,21006.457
2026-06-09,17:30 - 17:45,19750,20998.328
2026-06-09,17:45 - 18:00,19700,20943.11
2026-06-09,18:00 - 18:15,19700,21072.223
2026-06-09,18:15 - 18:30,19850,20875.041
2026-06-09,18:30 - 18:45,20100,20931.34
2026-06-09,18:45 - 19:00,20100,20834.525
2026-06-09,19:00 - 19:15,20100,20744.197
2026-06-09,19:15 - 19:30,20100,20750.658
2026-06-09,19:30 - 19:45,20100,20894.928
2026-06-09,19:45 - 20:00,20100,20789.633
2026-06-09,20:00 - 20:15,20100,20618.307
2026-06-09,20:15 - 20:30,20100,20527.465
2026-06-09,20:30 - 20:45,20100,20382.04
2026-06-09,20:45 - 21:00,20100,20010.98
2026-06-09,21:00 - 21:15,19850,19974.78
2026-06-09,21:15 - 21:30,19550,19747.137
2026-06-09,21:30 - 21:45,19150,19322.783
2026-06-09,21:45 - 22:00,18550,18471.572
2026-06-09,22:00 - 22:15,18350,18411.963
2026-06-09,22:15 - 22:30,18100,18148.365
2026-06-09,22:30 - 22:45,17700,17698.205
2026-06-09,22:45 - 23:00,17200,17296.219
2026-06-09,23:00 - 23:15,16850,17119.518
2026-06-09,23:15 - 23:30,16500,16779.764
2026-06-09,23:30 - 23:45,16150,16559.674
2026-06-09,23:45 - 24:00,15800,16534.197
2026-06-10,00:00 - 00:15,15450,16219.6
2026-06-10,00:15 - 00:30,15250,16287.487
2026-06-10,00:30 - 00:45,15100,15866.013
2026-06-10,00:45 - 01:00,14900,15804.044
2026-06-10,01:00 - 01:15,14800,15562.515
2026-06-10,01:15 - 01:30,14700,15726.35
2026-06-10,01:30 - 01:45,14600,15683.802
2026-06-10,01:45 - 02:00,14550,15377.521
2026-06-10,02:00 - 02:15,14500,15087.038
2026-06-10,02:15 - 02:30,14450,15129.594
2026-06-10,02:30 - 02:45,14400,15081.179
2026-06-10,02:45 - 03:00,14400,14955.033
2026-06-10,03:00 - 03:15,14400,15018.6
2026-06-10,03:15 - 03:30,14400,15042.62
2026-06-10,03:30 - 03:45,14400,14761.909
2026-06-10,03:45 - 04:00,14400,14895.334
2026-06-10,04:00 - 04:15,14400,15066.94
2026-06-10,04:15 - 04:30,14400,14775.982
2026-06-10,04:30 - 04:45,14500,15032.509
2026-06-10,04:45 - 05:00,14600,15046.575
2026-06-10,05:00 - 05:15,14700,15187.006
2026-06-10,05:15 - 05:30,14850,15506.426
2026-06-10,05:30 - 05:45,15150,15770.076
2026-06-10,05:45 - 06:00,15650,16149.491
2026-06-10,06:00 - 06:15,16850,17429.54
2026-06-10,06:15 - 06:30,17450,18046.373
2026-06-10,06:30 - 06:45,17900,18448.582
2026-06-10,06:45 - 07:00,18450,18933.482
2026-06-10,07:00 - 07:15,18950,19364.79
2026-06-10,07:15 - 07:30,19250,19596.312
2026-06-10,07:30 - 07:45,19300,19447.082
2026-06-10,07:45 - 08:00,19300,19834.578
2026-06-10,08:00 - 08:15,19300,20300.244
2026-06-10,08:15 - 08:30,19300,20278.31
2026-06-10,08:30 - 08:45,19300,20435.596
2026-06-10,08:45 - 09:00,19300,20516.504
2026-06-10,09:00 - 09:15,19150,20430.59
2026-06-10,09:15 - 09:30,19000,20420.877
2026-06-10,09:30 - 09:45,19000,20415.795
2026-06-10,09:45 - 10:00,19000,20254.445
2026-06-10,10:00 - 10:15,19000,20181.775
2026-06-10,10:15 - 10:30,19000,20679.955
2026-06-10,10:30 - 10:45,19000,20863.11
2026-06-10,10:45 - 11:00,19100,20841.885
2026-06-10,11:00 - 11:15,19250,21041.139
2026-06-10,11:15 - 11:30,19300,21207.03
2026-06-10,11:30 - 11:45,19350,21191.094
2026-06-10,11:45 - 12:00,19400,21202.96
2026-06-10,12:00 - 12:15,19450,21311.953
2026-06-10,12:15 - 12:30,19500,20146.387
2026-06-10,12:30 - 12:45,19500,21293.203
2026-06-10,12:45 - 13:00,19500,21288.467
2026-06-10,13:00 - 13:15,19500,21638.346
2026-06-10,13:15 - 13:30,19400,21522.738
2026-06-10,13:30 - 13:45,19200,21142.49
2026-06-10,13:45 - 14:00,19050,20839.992
2026-06-10,14:00 - 14:15,19150,21190.668
2026-06-10,14:15 - 14:30,19300,21119.328
2026-06-10,14:30 - 14:45,19300,21130.27
2026-06-10,14:45 - 15:00,19350,21229.4
2026-06-10,15:00 - 15:15,19400,20683.854
2026-06-10,15:15 - 15:30,19400,20595.592
2026-06-10,15:30 - 15:45,19400,20440.025
2026-06-10,15:45 - 16:00,19400,20403.586
2026-06-10,16:00 - 16:15,19400,20587.557
2026-06-10,16:15 - 16:30,19400,20625.79
2026-06-10,16:30 - 16:45,19400,20711.2
2026-06-10,16:45 - 17:00,19450,20523.703
2026-06-10,17:00 - 17:15,19650,20693.46
2026-06-10,17:15 - 17:30,19650,20586.06
2026-06-10,17:30 - 17:45,19750,20493.623
2026-06-10,17:45 - 18:00,19700,20285.904
2026-06-10,18:00 - 18:15,19700,20454.693
2026-06-10,18:15 - 18:30,19850,20478.03
2026-06-10,18:30 - 18:45,20100,20348.752
2026-06-10,18:45 - 19:00,20100,20127.73
2026-06-10,19:00 - 19:15,20100,20226.512
2026-06-10,19:15 - 19:30,20100,20236.502
2026-06-10,19:30 - 19:45,20100,20295.93
2026-06-10,19:45 - 20:00,20100,20208.098
2026-06-10,20:00 - 20:15,20100,20088.38
2026-06-10,20:15 - 20:30,20100,20079.1
2026-06-10,20:30 - 20:45,20100,20047.559
2026-06-10,20:45 - 21:00,20100,19899.836
2026-06-10,21:00 - 21:15,19850,19810.521
2026-06-10,21:15 - 21:30,19550,19575.928
2026-06-10,21:30 - 21:45,19150,19002.459
2026-06-10,21:45 - 22:00,18550,18458.89
2026-06-10,22:00 - 22:15,18350,18389.08
2026-06-10,22:15 - 22:30,18100,17961.604
2026-06-10,22:30 - 22:45,17700,17865.203
2026-06-10,22:45 - 23:00,17200,17285.023
2026-06-10,23:00 - 23:15,16850,17093.033
2026-06-10,23:15 - 23:30,16500,16704.29
2026-06-10,23:30 - 23:45,16150,16411.531
2026-06-10,23:45 - 24:00,15800,16138.082
2026-06-11,00:00 - 00:15,15450,15812.399
2026-06-11,00:15 - 00:30,15250,15784.37
2026-06-11,00:30 - 00:45,15100,15778.773
2026-06-11,00:45 - 01:00,14900,15594.395
2026-06-11,01:00 - 01:15,14800,15654.619
2026-06-11,01:15 - 01:30,14700,15413.779
2026-06-11,01:30 - 01:45,14600,15237.073
2026-06-11,01:45 - 02:00,14550,15091.05
2026-06-11,02:00 - 02:15,14500,15090.877
2026-06-11,02:15 - 02:30,14450,15012.609
2026-06-11,02:30 - 02:45,14400,15009.034
2026-06-11,02:45 - 03:00,14400,14970.039
2026-06-11,03:00 - 03:15,14400,14840.577
2026-06-11,03:15 - 03:30,14400,14852.649
2026-06-11,03:30 - 03:45,14400,15051.307
2026-06-11,03:45 - 04:00,14400,14909.735
2026-06-11,04:00 - 04:15,14400,15193.926
2026-06-11,04:15 - 04:30,14400,14949.522
2026-06-11,04:30 - 04:45,14500,15131.278
2026-06-11,04:45 - 05:00,14600,15089.65
2026-06-11,05:00 - 05:15,14700,15249.837
2026-06-11,05:15 - 05:30,14850,15428.025
2026-06-11,05:30 - 05:45,15150,15632.605
2026-06-11,05:45 - 06:00,15650,16389.611
2026-06-11,06:00 - 06:15,16850,17505.342
2026-06-11,06:15 - 06:30,17450,17971.23
2026-06-11,06:30 - 06:45,17900,18481.682
2026-06-11,06:45 - 07:00,18450,18877.908
2026-06-11,07:00 - 07:15,18950,19210.818
2026-06-11,07:15 - 07:30,19250,19261.84
2026-06-11,07:30 - 07:45,19300,19509.043
2026-06-11,07:45 - 08:00,19300,19519.213
2026-06-11,08:00 - 08:15,19300,19806.045
2026-06-11,08:15 - 08:30,19300,19822.932
2026-06-11,08:30 - 08:45,19300,19873.611
2026-06-11,08:45 - 09:00,19300,20285.943
2026-06-11,09:00 - 09:15,19150,19784.648
2026-06-11,09:15 - 09:30,19000,19596.54
2026-06-11,09:30 - 09:45,19000,19916.195
2026-06-11,09:45 - 10:00,19000,19541.652
2026-06-11,10:00 - 10:15,19000,20064.1
2026-06-11,10:15 - 10:30,19000,19958.145
2026-06-11,10:30 - 10:45,19000,20729.805
2026-06-11,10:45 - 11:00,19100,20744.88
2026-06-11,11:00 - 11:15,19250,20611.027
2026-06-11,11:15 - 11:30,19300,20463.2
2026-06-11,11:30 - 11:45,19350,20394.576
2026-06-11,11:45 - 12:00,19400,20848.578
2026-06-11,12:00 - 12:15,19450,20400.906
2026-06-11,12:15 - 12:30,19500,20134.93
2026-06-11,12:30 - 12:45,19500,19667.008
2026-06-11,12:45 - 13:00,19500,20283.195
2026-06-11,13:00 - 13:15,19500,19869.096
2026-06-11,13:15 - 13:30,19400,19387.904
2026-06-11,13:30 - 13:45,19200,19856.742
2026-06-11,13:45 - 14:00,19050,20056.764
2026-06-11,14:00 - 14:15,19150,19744.184
2026-06-11,14:15 - 14:30,19300,20198.062
2026-06-11,14:30 - 14:45,19300,20156.277
2026-06-11,14:45 - 15:00,19350,20073.348
2026-06-11,15:00 - 15:15,19400,20233.598
2026-06-11,15:15 - 15:30,19400,19716.098
2026-06-11,15:30 - 15:45,19400,19763.46
2026-06-11,15:45 - 16:00,19400,19683.773
2026-06-11,16:00 - 16:15,19400,19637.871
2026-06-11,16:15 - 16:30,19400,19556.057
2026-06-11,16:30 - 16:45,19400,19298.174
2026-06-11,16:45 - 17:00,19450,19114.428
2026-06-11,17:00 - 17:15,19650,19785.682
2026-06-11,17:15 - 17:30,19650,19399.445
2026-06-11,17:30 - 17:45,19750,19596.031
2026-06-11,17:45 - 18:00,19700,19622.182
2026-06-11,18:00 - 18:15,19700,19605.445
2026-06-11,18:15 - 18:30,19850,19845.816
2026-06-11,18:30 - 18:45,20100,19870.242
2026-06-11,18:45 - 19:00,20100,19871.975
2026-06-11,19:00 - 19:15,20100,19965.615
2026-06-11,19:15 - 19:30,20100,20155.344
2026-06-11,19:30 - 19:45,20100,20263.594
2026-06-11,19:45 - 20:00,20100,19909.695
2026-06-11,20:00 - 20:15,20100,20188.227
2026-06-11,20:15 - 20:30,20100,20050.686
2026-06-11,20:30 - 20:45,20100,19814.281
2026-06-11,20:45 - 21:00,20100,19711.281
2026-06-11,21:00 - 21:15,19850,19623.68
2026-06-11,21:15 - 21:30,19550,19588.533
2026-06-11,21:30 - 21:45,19150,19241.908
2026-06-11,21:45 - 22:00,18550,18492.695
2026-06-11,22:00 - 22:15,18350,18457.549
2026-06-11,22:15 - 22:30,18100,18336.91
2026-06-11,22:30 - 22:45,17700,17859.63
2026-06-11,22:45 - 23:00,17200,17481.746
2026-06-11,23:00 - 23:15,16850,17259.291
2026-06-11,23:15 - 23:30,16500,16759.457
2026-06-11,23:30 - 23:45,16150,16460.72
2026-06-11,23:45 - 24:00,15800,15901.469
2026-06-12,00:00 - 00:15,15550,15948.349
2026-06-12,00:15 - 00:30,15350,15527.378
2026-06-12,00:30 - 00:45,15200,15358.024
2026-06-12,00:45 - 01:00,15000,15175.8
2026-06-12,01:00 - 01:15,14850,15260.681
2026-06-12,01:15 - 01:30,14700,15040.707
2026-06-12,01:30 - 01:45,14650,15086.582
2026-06-12,01:45 - 02:00,14550,14839.168
2026-06-12,02:00 - 02:15,14550,14768.631
2026-06-12,02:15 - 02:30,14550,14917.11
2026-06-12,02:30 - 02:45,14550,14801.589
2026-06-12,02:45 - 03:00,14550,14747.277
2026-06-12,03:00 - 03:15,14550,14668.866
2026-06-12,03:15 - 03:30,14550,14610.828
2026-06-12,03:30 - 03:45,14550,14767.488
2026-06-12,03:45 - 04:00,14550,14355.41
2026-06-12,04:00 - 04:15,14550,14767.655
2026-06-12,04:15 - 04:30,14550,14890.616
2026-06-12,04:30 - 04:45,14550,14944.228
2026-06-12,04:45 - 05:00,14550,15185.834
2026-06-12,05:00 - 05:15,14800,15433.164
2026-06-12,05:15 - 05:30,14950,15553.11
2026-06-12,05:30 - 05:45,15200,15921.454
2026-06-12,05:45 - 06:00,15850,16662.47
2026-06-12,06:00 - 06:15,17100,17715.445
2026-06-12,06:15 - 06:30,17700,18102.562
2026-06-12,06:30 - 06:45,18200,18339.875
2026-06-12,06:45 - 07:00,18700,18963.94
2026-06-12,07:00 - 07:15,19150,19432.18
2026-06-12,07:15 - 07:30,19350,19674.357
2026-06-12,07:30 - 07:45,19400,19651.234
2026-06-12,07:45 - 08:00,19550,19623.152
2026-06-12,08:00 - 08:15,19800,19598.56
2026-06-12,08:15 - 08:30,19800,20034.969
2026-06-12,08:30 - 08:45,19800,19728.205
2026-06-12,08:45 - 09:00,19800,19852.97
2026-06-12,09:00 - 09:15,19800,19637.135
2026-06-12,09:15 - 09:30,19800,19145.885
2026-06-12,09:30 - 09:45,19800,19560.664
2026-06-12,09:45 - 10:00,19700,19307.389
2026-06-12,10:00 - 10:15,19650,19672.332
2026-06-12,10:15 - 10:30,19650,19515.96
2026-06-12,10:30 - 10:45,19800,18882.523
2026-06-12,10:45 - 11:00,19900,20599.9
2026-06-12,11:00 - 11:15,20050,19934.436
2026-06-12,11:15 - 11:30,20200,19834.592
2026-06-12,11:30 - 11:45,20300,19663.293
2026-06-12,11:45 - 12:00,20500,19432.256
2026-06-12,12:00 - 12:15,20500,19016.105
2026-06-12,12:15 - 12:30,20500,18959.525
2026-06-12,12:30 - 12:45,20500,19507.533
2026-06-12,12:45 - 13:00,20500,19072.143
2026-06-12,13:00 - 13:15,20500,19489.977
2026-06-12,13:15 - 13:30,20450,20022.578
2026-06-12,13:30 - 13:45,20250,19578.482
2026-06-12,13:45 - 14:00,20150,20019.672
2026-06-12,14:00 - 14:15,20250,20198.406
2026-06-12,14:15 - 14:30,20300,20546.639
2026-06-12,14:30 - 14:45,20300,20215.562
2026-06-12,14:45 - 15:00,20350,19935.758
2026-06-12,15:00 - 15:15,20200,19883.275
2026-06-12,15:15 - 15:30,20200,19818.697
2026-06-12,15:30 - 15:45,20200,19893.44
2026-06-12,15:45 - 16:00,20200,20438.754
2026-06-12,16:00 - 16:15,20200,21314.422
2026-06-12,16:15 - 16:30,20200,20491.656
2026-06-12,16:30 - 16:45,20200,20160.9
2026-06-12,16:45 - 17:00,20200,20070.113
2026-06-12,17:00 - 17:15,20200,19821.32
2026-06-12,17:15 - 17:30,20200,20161.688
2026-06-12,17:30 - 17:45,20200,20664.15
2026-06-12,17:45 - 18:00,20200,20164.557
2026-06-12,18:00 - 18:15,20200,20018.33
2026-06-12,18:15 - 18:30,20200,19823.068
2026-06-12,18:30 - 18:45,20200,20256.334
2026-06-12,18:45 - 19:00,20200,19942.918
2026-06-12,19:00 - 19:15,20200,20121.787
2026-06-12,19:15 - 19:30,20200,19900.598
2026-06-12,19:30 - 19:45,20200,19964.512
2026-06-12,19:45 - 20:00,20200,19884.49
2026-06-12,20:00 - 20:15,20100,19851.557
2026-06-12,20:15 - 20:30,20100,19816.47
2026-06-12,20:30 - 20:45,20000,19676.287
2026-06-12,20:45 - 21:00,19900,19475.246
2026-06-12,21:00 - 21:15,19650,19408.139
2026-06-12,21:15 - 21:30,19350,19162.295
2026-06-12,21:30 - 21:45,19000,19014.014
2026-06-12,21:45 - 22:00,18550,18259.33
2026-06-12,22:00 - 22:15,18250,18328.205
2026-06-12,22:15 - 22:30,17900,17866.562
2026-06-12,22:30 - 22:45,17600,17681.615
2026-06-12,22:45 - 23:00,17250,17233.246
2026-06-12,23:00 - 23:15,16900,17049.322
2026-06-12,23:15 - 23:30,16550,16468.896
2026-06-12,23:30 - 23:45,16200,16249.649
2026-06-12,23:45 - 24:00,15850,15822.891
2026-06-13,00:00 - 00:15,15500,15611.376
2026-06-13,00:15 - 00:30,15250,15135.537
2026-06-13,00:30 - 00:45,15050,15154.936
2026-06-13,00:45 - 01:00,14850,15089.332
2026-06-13,01:00 - 01:15,14650,14764.18
2026-06-13,01:15 - 01:30,14500,14539.955
2026-06-13,01:30 - 01:45,14400,14635.112
2026-06-13,01:45 - 02:00,14300,14374.852
2026-06-13,02:00 - 02:15,14250,14211.14
2026-06-13,02:15 - 02:30,14200,14193.719
2026-06-13,02:30 - 02:45,14200,14172.567
2026-06-13,02:45 - 03:00,14200,14199.976
2026-06-13,03:00 - 03:15,14200,14258.856
2026-06-13,03:15 - 03:30,14150,14252.18
2026-06-13,03:30 - 03:45,14100,14157.96
2026-06-13,03:45 - 04:00,14100,14017.928
2026-06-13,04:00 - 04:15,14100,14040.957
2026-06-13,04:15 - 04:30,14050,13899.836
2026-06-13,04:30 - 04:45,13950,14066.718
2026-06-13,04:45 - 05:00,13850,13748.723
2026-06-13,05:00 - 05:15,13850,13880.334
2026-06-13,05:15 - 05:30,13850,13682.922
2026-06-13,05:30 - 05:45,13850,13730.115
2026-06-13,05:45 - 06:00,14000,13857.365
2026-06-13,06:00 - 06:15,14350,14064.626
2026-06-13,06:15 - 06:30,14700,14391.288
2026-06-13,06:30 - 06:45,14900,14615.758
2026-06-13,06:45 - 07:00,15250,14850.764
2026-06-13,07:00 - 07:15,15550,15272.592
2026-06-13,07:15 - 07:30,15850,15752.406
2026-06-13,07:30 - 07:45,16050,15672.231
2026-06-13,07:45 - 08:00,16450,16025.987
2026-06-13,08:00 - 08:15,16700,16576.023
2026-06-13,08:15 - 08:30,16900,16696.154
2026-06-13,08:30 - 08:45,17100,17077.738
2026-06-13,08:45 - 09:00,17250,17252.797
2026-06-13,09:00 - 09:15,17400,17217.998
2026-06-13,09:15 - 09:30,17550,17166.445
2026-06-13,09:30 - 09:45,17600,17490.693
2026-06-13,09:45 - 10:00,17650,17173.352
2026-06-13,10:00 - 10:15,17700,16954.4
2026-06-13,10:15 - 10:30,17750,17640.643
2026-06-13,10:30 - 10:45,17800,18004.932
2026-06-13,10:45 - 11:00,17850,18530.656
2026-06-13,11:00 - 11:15,17900,17691.365
2026-06-13,11:15 - 11:30,17950,17800.762
2026-06-13,11:30 - 11:45,18000,18189.799
2026-06-13,11:45 - 12:00,18050,17445.373
2026-06-13,12:00 - 12:15,18100,18454.33
2026-06-13,12:15 - 12:30,18150,17981.627
2026-06-13,12:30 - 12:45,18150,18457.842
2026-06-13,12:45 - 13:00,18150,17373.326
2026-06-13,13:00 - 13:15,18150,18002.467
2026-06-13,13:15 - 13:30,18150,18579.535
2026-06-13,13:30 - 13:45,18100,18103.314
2026-06-13,13:45 - 14:00,18050,17223.213
2026-06-13,14:00 - 14:15,18000,17272.992
2026-06-13,14:15 - 14:30,17950,17923.514
2026-06-13,14:30 - 14:45,17900,17357.682
2026-06-13,14:45 - 15:00,17750,17193.127
2026-06-13,15:00 - 15:15,17500,16849.35
2026-06-13,15:15 - 15:30,17250,17000.254
2026-06-13,15:30 - 15:45,17250,17045.271
2026-06-13,15:45 - 16:00,17250,17250.887
2026-06-13,16:00 - 16:15,17250,17414.416
2026-06-13,16:15 - 16:30,17250,17438.982
2026-06-13,16:30 - 16:45,17250,17010.264
2026-06-13,16:45 - 17:00,17250,17263.242
2026-06-13,17:00 - 17:15,17250,16662.074
2026-06-13,17:15 - 17:30,17250,16877.637
2026-06-13,17:30 - 17:45,17250,17231.836
2026-06-13,17:45 - 18:00,17250,17050.406
2026-06-13,18:00 - 18:15,17300,16800.668
2026-06-13,18:15 - 18:30,17300,16674.514
2026-06-13,18:30 - 18:45,17300,17299.094
2026-06-13,18:45 - 19:00,17300,16979.781
2026-06-13,19:00 - 19:15,17300,17223.781
2026-06-13,19:15 - 19:30,17300,17553.1
2026-06-13,19:30 - 19:45,17300,17507.71
2026-06-13,19:45 - 20:00,17300,17328.621
2026-06-13,20:00 - 20:15,17300,16946.633
2026-06-13,20:15 - 20:30,17300,16928.41
2026-06-13,20:30 - 20:45,17250,16909.861
2026-06-13,20:45 - 21:00,17200,16678.908
2026-06-13,21:00 - 21:15,17150,16851.785
2026-06-13,21:15 - 21:30,17100,16495.793
2026-06-13,21:30 - 21:45,16950,16617.01
2026-06-13,21:45 - 22:00,16700,16271.986
2026-06-13,22:00 - 22:15,16400,16011.586
2026-06-13,22:15 - 22:30,16100,15672.697
2026-06-13,22:30 - 22:45,15800,15437.479
2026-06-13,22:45 - 23:00,15500,15005.454
2026-06-13,23:00 - 23:15,15250,14524.231
2026-06-13,23:15 - 23:30,14900,14343.741
2026-06-13,23:30 - 23:45,14600,13956.615
2026-06-13,23:45 - 24:00,14300,14026.266
2026-06-14,00:00 - 00:15,13600,13907.008
2026-06-14,00:15 - 00:30,13400,13593.552
2026-06-14,00:30 - 00:45,13200,13500.304
2026-06-14,00:45 - 01:00,13000,13209.162
2026-06-14,01:00 - 01:15,12850,13119.677
2026-06-14,01:15 - 01:30,12700,12806.073
2026-06-14,01:30 - 01:45,12550,12912.055
2026-06-14,01:45 - 02:00,12450,12620.257
2026-06-14,02:00 - 02:15,12350,12593.12
2026-06-14,02:15 - 02:30,12200,12762.326
2026-06-14,02:30 - 02:45,12100,12586.834
2026-06-14,02:45 - 03:00,12000,12568.543
2026-06-14,03:00 - 03:15,11950,12430.634
2026-06-14,03:15 - 03:30,11900,12464.334
2026-06-14,03:30 - 03:45,11900,12317.313
2026-06-14,03:45 - 04:00,11850,12015.05
2026-06-14,04:00 - 04:15,11750,12152.745
2026-06-14,04:15 - 04:30,11650,12091.714
2026-06-14,04:30 - 04:45,11550,11869.533
2026-06-14,04:45 - 05:00,11500,11881.004
2026-06-14,05:00 - 05:15,11500,11832.955
2026-06-14,05:15 - 05:30,11500,11933.76
2026-06-14,05:30 - 05:45,11650,11970.268
2026-06-14,05:45 - 06:00,11850,12193.127
2026-06-14,06:00 - 06:15,12100,12216.434
2026-06-14,06:15 - 06:30,12300,11997.572
2026-06-14,06:30 - 06:45,12500,12225.327
2026-06-14,06:45 - 07:00,12750,12449.334
2026-06-14,07:00 - 07:15,12950,12568.05
2026-06-14,07:15 - 07:30,13150,12842.967
2026-06-14,07:30 - 07:45,13350,13392.573
2026-06-14,07:45 - 08:00,13600,13468.73
2026-06-14,08:00 - 08:15,13850,13791.254
2026-06-14,08:15 - 08:30,14100,14311.824
2026-06-14,08:30 - 08:45,14300,14396.243
2026-06-14,08:45 - 09:00,14550,14976.919
2026-06-14,09:00 - 09:15,14800,15183.656
2026-06-14,09:15 - 09:30,15000,15554.876
2026-06-14,09:30 - 09:45,15250,15803.363
2026-06-14,09:45 - 10:00,15450,15412.348
2026-06-14,10:00 - 10:15,15600,15647.598
2026-06-14,10:15 - 10:30,15700,16288.896
2026-06-14,10:30 - 10:45,15750,15960.807
2026-06-14,10:45 - 11:00,15800,15980.901
2026-06-14,11:00 - 11:15,15800,16501.63
2026-06-14,11:15 - 11:30,15800,16284.288
2026-06-14,11:30 - 11:45,15800,16093.332
2026-06-14,11:45 - 12:00,15800,16173.965
2026-06-14,12:00 - 12:15,15800,16264.818
2026-06-14,12:15 - 12:30,15800,15732.924
2026-06-14,12:30 - 12:45,15800,15029.517
2026-06-14,12:45 - 13:00,15800,15001.843
2026-06-14,13:00 - 13:15,15800,15537.864
2026-06-14,13:15 - 13:30,15800,14279.438
2026-06-14,13:30 - 13:45,15800,15381.13
2026-06-14,13:45 - 14:00,15800,15704.808
2026-06-14,14:00 - 14:15,15800,15779.484
2026-06-14,14:15 - 14:30,15750,15712.829
2026-06-14,14:30 - 14:45,15700,15751.092
2026-06-14,14:45 - 15:00,15550,16105.393
2026-06-14,15:00 - 15:15,15400,14830.006
2026-06-14,15:15 - 15:30,15300,15243.993
2026-06-14,15:30 - 15:45,15300,16017.931
2026-06-14,15:45 - 16:00,15300,15676.755
2026-06-14,16:00 - 16:15,15300,16272.499
2026-06-14,16:15 - 16:30,15300,15557.443
2026-06-14,16:30 - 16:45,15300,15477.344
2026-06-14,16:45 - 17:00,15300,15276.616
2026-06-14,17:00 - 17:15,15350,15594.435
2026-06-14,17:15 - 17:30,15550,15612.422
2026-06-14,17:30 - 17:45,15750,15643.218
2026-06-14,17:45 - 18:00,15850,15701.818
2026-06-14,18:00 - 18:15,15950,15722.726
2026-06-14,18:15 - 18:30,16000,16117.353
2026-06-14,18:30 - 18:45,16100,16156.832
2026-06-14,18:45 - 19:00,16100,15975.92
2026-06-14,19:00 - 19:15,16100,16074.338
2026-06-14,19:15 - 19:30,16100,16195.689
2026-06-14,19:30 - 19:45,16100,16007.326
2026-06-14,19:45 - 20:00,16100,16078.806
2026-06-14,20:00 - 20:15,16100,15877.422
2026-06-14,20:15 - 20:30,16100,15902.267
2026-06-14,20:30 - 20:45,16100,15968.444
2026-06-14,20:45 - 21:00,16100,15611.222
2026-06-14,21:00 - 21:15,16050,15776.118
2026-06-14,21:15 - 21:30,16000,15724.571
2026-06-14,21:30 - 21:45,15900,15644.808
2026-06-14,21:45 - 22:00,15700,15528.663
2026-06-14,22:00 - 22:15,15500,15518.475
2026-06-14,22:15 - 22:30,15250,15352.868
2026-06-14,22:30 - 22:45,15000,15023.24
2026-06-14,22:45 - 23:00,14700,14938.301
2026-06-14,23:00 - 23:15,14450,14532.426
2026-06-14,23:15 - 23:30,14150,14367.761
2026-06-14,23:30 - 23:45,13900,13922.88
2026-06-14,23:45 - 24:00,13650,13909.648
